Group,Action,File,Score,Quality,Size_GB,Path
Anne with an E (2017) {tvdb-322971}/Season 01/S01E07,KEEP,Anne with an E (2017) - S01E07 - Wherever You Are is My Home [Bluray-1080p][AC3 5.1][x264]-iNGOT.mkv,3276,1080p/Bluray/DD/AVC,2.64,/mnt/synology/rs-tv/Anne with an E (2017) {tvdb-322971}/Season 01/Anne with an E (2017) - S01E07 - Wherever You Are is My Home [Bluray-1080p][AC3 5.1][x264]-iNGOT.mkv
Anne with an E (2017) {tvdb-322971}/Season 01/S01E07,REMOVE,Anne with an E (2017) - S01E07 - Wherever You Are is My Home [Bluray-1080p][AC3 5.1][x264].mkv,3276,1080p/Bluray/DD/AVC,2.64,/mnt/synology/rs-tv/Anne with an E (2017) {tvdb-322971}/Season 01/Anne with an E (2017) - S01E07 - Wherever You Are is My Home [Bluray-1080p][AC3 5.1][x264].mkv
Bel-Air (2022) {tvdb-388151}/Season 01/S01E01,KEEP,Bel-Air (2022) - S01E01 - Dreams and Nightmares [WEBDL-1080p][EAC3 5.1][h264]-NTb.mkv,3538,1080p/WEBDL/DD+/AVC,3.87,/mnt/synology/rs-tv/Bel-Air (2022) {tvdb-388151}/Season 01/Bel-Air (2022) - S01E01 - Dreams and Nightmares [WEBDL-1080p][EAC3 5.1][h264]-NTb.mkv
Bel-Air (2022) {tvdb-388151}/Season 01/S01E01,REMOVE,Bel-Air (2022) - S01E01 - Dreams and Nightmares [WEBDL-1080p Proper][EAC3 5.1][x264]-NTb.mkv,3533,1080p/WEBDL/DD+/AVC,3.36,/mnt/synology/rs-tv/Bel-Air (2022) {tvdb-388151}/Season 01/Bel-Air (2022) - S01E01 - Dreams and Nightmares [WEBDL-1080p Proper][EAC3 5.1][x264]-NTb.mkv
Black Mirror (2011) {tvdb-253463}/Season 07/S07E02,KEEP,Black Mirror (2011) - S07E02 - Bête Noire [WEBDL-720p][EAC3 Atmos 5.1][x264]-FLUX.mkv,1857,720p/WEBDL/Atmos/AVC,0.74,/mnt/synology/rs-tv/Black Mirror (2011) {tvdb-253463}/Season 07/Black Mirror (2011) - S07E02 - Bête Noire [WEBDL-720p][EAC3 Atmos 5.1][x264]-FLUX.mkv
Black Mirror (2011) {tvdb-253463}/Season 07/S07E02,REMOVE,Black Mirror (2011) - S07E02 - Bête Noire [NF][WEBDL-720p][EAC3 Atmos 5.1][x264]-FLUX.mkv,1857,720p/WEBDL/Atmos/AVC,0.74,/mnt/synology/rs-tv/Black Mirror (2011) {tvdb-253463}/Season 07/Black Mirror (2011) - S07E02 - Bête Noire [NF][WEBDL-720p][EAC3 Atmos 5.1][x264]-FLUX.mkv
Black Mirror (2011) {tvdb-253463}/Season 07/S07E03,KEEP,Black Mirror (2011) - S07E03 - Hotel Reverie [WEBDL-720p][EAC3 Atmos 5.1][x264]-FLUX.mkv,1859,720p/WEBDL/Atmos/AVC,0.98,/mnt/synology/rs-tv/Black Mirror (2011) {tvdb-253463}/Season 07/Black Mirror (2011) - S07E03 - Hotel Reverie [WEBDL-720p][EAC3 Atmos 5.1][x264]-FLUX.mkv
Black Mirror (2011) {tvdb-253463}/Season 07/S07E03,REMOVE,Black Mirror (2011) - S07E03 - Hotel Reverie [NF][WEBDL-720p][EAC3 Atmos 5.1][x264]-FLUX.mkv,1859,720p/WEBDL/Atmos/AVC,0.98,/mnt/synology/rs-tv/Black Mirror (2011) {tvdb-253463}/Season 07/Black Mirror (2011) - S07E03 - Hotel Reverie [NF][WEBDL-720p][EAC3 Atmos 5.1][x264]-FLUX.mkv
Black Mirror (2011) {tvdb-253463}/Season 07/S07E04,KEEP,Black Mirror (2011) - S07E04 - Plaything [NF][WEBDL-720p][EAC3 Atmos 5.1][x264]-FLUX.mkv,1859,720p/WEBDL/Atmos/AVC,0.91,/mnt/synology/rs-tv/Black Mirror (2011) {tvdb-253463}/Season 07/Black Mirror (2011) - S07E04 - Plaything [NF][WEBDL-720p][EAC3 Atmos 5.1][x264]-FLUX.mkv
Black Mirror (2011) {tvdb-253463}/Season 07/S07E04,REMOVE,Black Mirror (2011) - S07E04 - Plaything [WEBDL-720p][EAC3 Atmos 5.1][x264]-FLUX.mkv,1859,720p/WEBDL/Atmos/AVC,0.91,/mnt/synology/rs-tv/Black Mirror (2011) {tvdb-253463}/Season 07/Black Mirror (2011) - S07E04 - Plaything [WEBDL-720p][EAC3 Atmos 5.1][x264]-FLUX.mkv
Black Mirror (2011) {tvdb-253463}/Season 07/S07E05,KEEP,Black Mirror (2011) - S07E05 - Eulogy [WEBDL-720p][EAC3 Atmos 5.1][x264]-FLUX.mkv,1855,720p/WEBDL/Atmos/AVC,0.57,/mnt/synology/rs-tv/Black Mirror (2011) {tvdb-253463}/Season 07/Black Mirror (2011) - S07E05 - Eulogy [WEBDL-720p][EAC3 Atmos 5.1][x264]-FLUX.mkv
Black Mirror (2011) {tvdb-253463}/Season 07/S07E05,REMOVE,Black Mirror (2011) - S07E05 - Eulogy [NF][WEBDL-720p][EAC3 Atmos 5.1][x264]-FLUX.mkv,1855,720p/WEBDL/Atmos/AVC,0.57,/mnt/synology/rs-tv/Black Mirror (2011) {tvdb-253463}/Season 07/Black Mirror (2011) - S07E05 - Eulogy [NF][WEBDL-720p][EAC3 Atmos 5.1][x264]-FLUX.mkv
Black Mirror (2011) {tvdb-253463}/Season 07/S07E06,KEEP,Black Mirror (2011) - S07E06 - USS Callister Into Infinity [WEBDL-720p][EAC3 Atmos 5.1][x264]-FLUX.mkv,1866,720p/WEBDL/Atmos/AVC,1.66,/mnt/synology/rs-tv/Black Mirror (2011) {tvdb-253463}/Season 07/Black Mirror (2011) - S07E06 - USS Callister Into Infinity [WEBDL-720p][EAC3 Atmos 5.1][x264]-FLUX.mkv
Black Mirror (2011) {tvdb-253463}/Season 07/S07E06,REMOVE,Black Mirror (2011) - S07E06 - USS Callister Into Infinity [NF][WEBDL-720p][EAC3 Atmos 5.1][x264]-FLUX.mkv,1866,720p/WEBDL/Atmos/AVC,1.66,/mnt/synology/rs-tv/Black Mirror (2011) {tvdb-253463}/Season 07/Black Mirror (2011) - S07E06 - USS Callister Into Infinity [NF][WEBDL-720p][EAC3 Atmos 5.1][x264]-FLUX.mkv
Bob's Burgers (2011) {tvdb-194031}/Season 16/S16E10,KEEP,Bob's Burgers (2011) - S16E10 - Heist Things Are Heist [DSNP][WEBDL-1080p][EAC3 5.1][h264]-FLUX.mkv,3505,1080p/WEBDL/DD+/AVC,0.51,/mnt/synology/rs-tv/Bob's Burgers (2011) {tvdb-194031}/Season 16/Bob's Burgers (2011) - S16E10 - Heist Things Are Heist [DSNP][WEBDL-1080p][EAC3 5.1][h264]-FLUX.mkv
Bob's Burgers (2011) {tvdb-194031}/Season 16/S16E10,REMOVE,Bob's Burgers (2011) - S16E10 - Heist Things Are Heist [[Trash] Release Sources (Streaming Service)_25_3 Release Sources (Streaming Service)_22_1][WEBDL-1080p][EAC3 5.1][h264]-FLUX.mkv,3505,1080p/WEBDL/DD+/AVC,0.51,/mnt/synology/rs-tv/Bob's Burgers (2011) {tvdb-194031}/Season 16/Bob's Burgers (2011) - S16E10 - Heist Things Are Heist [[Trash] Release Sources (Streaming Service)_25_3 Release Sources (Streaming Service)_22_1][WEBDL-1080p][EAC3 5.1][h264]-FLUX.mkv
Challenger - The Final Flight (2020) {tvdb-387206}/Season 01/S01E01,KEEP,Challenger - The Final Flight (2020) - S01E01 - Space for Everyone [NF][WEBDL-1080p][EAC3 5.1][x264]-BTN.mkv,3520,1080p/WEBDL/DD+/AVC,2.04,/mnt/synology/rs-tv/Challenger - The Final Flight (2020) {tvdb-387206}/Season 01/Challenger - The Final Flight (2020) - S01E01 - Space for Everyone [NF][WEBDL-1080p][EAC3 5.1][x264]-BTN.mkv
Challenger - The Final Flight (2020) {tvdb-387206}/Season 01/S01E01,REMOVE,Challenger - The Final Flight (2020) - S01E01 - Space for Everyone [WEBDL-1080p][EAC3 5.1][x264].mkv,3520,1080p/WEBDL/DD+/AVC,2.04,/mnt/synology/rs-tv/Challenger - The Final Flight (2020) {tvdb-387206}/Season 01/Challenger - The Final Flight (2020) - S01E01 - Space for Everyone [WEBDL-1080p][EAC3 5.1][x264].mkv
Challenger - The Final Flight (2020) {tvdb-387206}/Season 01/S01E02,KEEP,Challenger - The Final Flight (2020) - S01E02 - HELP! [WEBDL-1080p][EAC3 5.1][x264].mkv,3523,1080p/WEBDL/DD+/AVC,2.33,/mnt/synology/rs-tv/Challenger - The Final Flight (2020) {tvdb-387206}/Season 01/Challenger - The Final Flight (2020) - S01E02 - HELP! [WEBDL-1080p][EAC3 5.1][x264].mkv
Challenger - The Final Flight (2020) {tvdb-387206}/Season 01/S01E02,REMOVE,Challenger - The Final Flight (2020) - S01E02 - HELP! [NF][WEBDL-1080p][EAC3 5.1][x264]-BTN.mkv,3523,1080p/WEBDL/DD+/AVC,2.33,/mnt/synology/rs-tv/Challenger - The Final Flight (2020) {tvdb-387206}/Season 01/Challenger - The Final Flight (2020) - S01E02 - HELP! [NF][WEBDL-1080p][EAC3 5.1][x264]-BTN.mkv
Creepshow (2019) {tvdb-364865}/Season 01/S01E03,KEEP,Creepshow (2019) - S01E03 - All Hallows Eve The Man in the Suitcase [AMZN][WEBDL-1080p][EAC3 2.0][h264]-NTG.mkv,3528,1080p/WEBDL/DD+/AVC,2.85,/mnt/synology/rs-tv/Creepshow (2019) {tvdb-364865}/Season 01/Creepshow (2019) - S01E03 - All Hallows Eve The Man in the Suitcase [AMZN][WEBDL-1080p][EAC3 2.0][h264]-NTG.mkv
Creepshow (2019) {tvdb-364865}/Season 01/S01E03,REMOVE,Creepshow (2019) - S01E03 - All Hallows Eve The Man in the Suitcase [WEBRip-1080p][EAC3 5.1][h265].mkv,2764,1080p/WEBRip/DD+/HEVC,1.44,/mnt/synology/rs-tv/Creepshow (2019) {tvdb-364865}/Season 01/Creepshow (2019) - S01E03 - All Hallows Eve The Man in the Suitcase [WEBRip-1080p][EAC3 5.1][h265].mkv
Cross (2024) {tvdb-426501}/Season 01/S01E01,KEEP,Cross (2024) - S01E01 - Hero Complex [WEBDL-1080p][EAC3 Atmos 5.1][h264]-FLUX.mkv,3868,1080p/WEBDL/Atmos/AVC,1.87,/mnt/synology/rs-tv/Cross (2024) {tvdb-426501}/Season 01/Cross (2024) - S01E01 - Hero Complex [WEBDL-1080p][EAC3 Atmos 5.1][h264]-FLUX.mkv
Cross (2024) {tvdb-426501}/Season 01/S01E01,REMOVE,Cross (2024) - S01E01 - Hero Complex [WEBRip-1080p][AAC 5.1][x265]-KONTRAST.mp4,2661,1080p/WEBRip/AAC/HEVC,1.15,/mnt/synology/rs-tv/Cross (2024) {tvdb-426501}/Season 01/Cross (2024) - S01E01 - Hero Complex [WEBRip-1080p][AAC 5.1][x265]-KONTRAST.mp4
Cross (2024) {tvdb-426501}/Season 01/S01E02,KEEP,Cross (2024) - S01E02 - Ride the White Horsey [WEBDL-1080p][EAC3 Atmos 5.1][h264]-FLUX.mkv,3866,1080p/WEBDL/Atmos/AVC,1.67,/mnt/synology/rs-tv/Cross (2024) {tvdb-426501}/Season 01/Cross (2024) - S01E02 - Ride the White Horsey [WEBDL-1080p][EAC3 Atmos 5.1][h264]-FLUX.mkv
Cross (2024) {tvdb-426501}/Season 01/S01E02,REMOVE,Cross (2024) - S01E02 - Ride the White Horsey [WEBRip-1080p][AAC 5.1][x265]-KONTRAST.mp4,2659,1080p/WEBRip/AAC/HEVC,0.98,/mnt/synology/rs-tv/Cross (2024) {tvdb-426501}/Season 01/Cross (2024) - S01E02 - Ride the White Horsey [WEBRip-1080p][AAC 5.1][x265]-KONTRAST.mp4
Cross (2024) {tvdb-426501}/Season 01/S01E03,KEEP,Cross (2024) - S01E03 - The Good Book [WEBDL-1080p][EAC3 Atmos 5.1][h264]-FLUX.mkv,3868,1080p/WEBDL/Atmos/AVC,1.81,/mnt/synology/rs-tv/Cross (2024) {tvdb-426501}/Season 01/Cross (2024) - S01E03 - The Good Book [WEBDL-1080p][EAC3 Atmos 5.1][h264]-FLUX.mkv
Cross (2024) {tvdb-426501}/Season 01/S01E03,REMOVE,Cross (2024) - S01E03 - The Good Book [WEBRip-1080p][AAC 5.1][x265]-KONTRAST.mp4,2660,1080p/WEBRip/AAC/HEVC,1.08,/mnt/synology/rs-tv/Cross (2024) {tvdb-426501}/Season 01/Cross (2024) - S01E03 - The Good Book [WEBRip-1080p][AAC 5.1][x265]-KONTRAST.mp4
Cross (2024) {tvdb-426501}/Season 01/S01E04,KEEP,Cross (2024) - S01E04 - Masks [WEBDL-1080p][EAC3 Atmos 5.1][h264]-FLUX.mkv,3869,1080p/WEBDL/Atmos/AVC,1.96,/mnt/synology/rs-tv/Cross (2024) {tvdb-426501}/Season 01/Cross (2024) - S01E04 - Masks [WEBDL-1080p][EAC3 Atmos 5.1][h264]-FLUX.mkv
Cross (2024) {tvdb-426501}/Season 01/S01E04,REMOVE,Cross (2024) - S01E04 - Masks [WEBRip-1080p][AAC 5.1][x265]-KONTRAST.mp4,2660,1080p/WEBRip/AAC/HEVC,1.06,/mnt/synology/rs-tv/Cross (2024) {tvdb-426501}/Season 01/Cross (2024) - S01E04 - Masks [WEBRip-1080p][AAC 5.1][x265]-KONTRAST.mp4
Cross (2024) {tvdb-426501}/Season 01/S01E05,KEEP,Cross (2024) - S01E05 - What Happens At Ramsey's [WEBDL-1080p][EAC3 Atmos 5.1][h264]-FLUX.mkv,3864,1080p/WEBDL/Atmos/AVC,1.47,/mnt/synology/rs-tv/Cross (2024) {tvdb-426501}/Season 01/Cross (2024) - S01E05 - What Happens At Ramsey's [WEBDL-1080p][EAC3 Atmos 5.1][h264]-FLUX.mkv
Cross (2024) {tvdb-426501}/Season 01/S01E05,REMOVE,Cross (2024) - S01E05 - What Happens At Ramsey's [WEBRip-1080p][AAC 5.1][x265]-KONTRAST.mp4,2659,1080p/WEBRip/AAC/HEVC,0.94,/mnt/synology/rs-tv/Cross (2024) {tvdb-426501}/Season 01/Cross (2024) - S01E05 - What Happens At Ramsey's [WEBRip-1080p][AAC 5.1][x265]-KONTRAST.mp4
Cross (2024) {tvdb-426501}/Season 01/S01E06,KEEP,Cross (2024) - S01E06 - A Bang Not A Whimper [WEBDL-1080p][EAC3 Atmos 5.1][h264]-FLUX.mkv,3867,1080p/WEBDL/Atmos/AVC,1.78,/mnt/synology/rs-tv/Cross (2024) {tvdb-426501}/Season 01/Cross (2024) - S01E06 - A Bang Not A Whimper [WEBDL-1080p][EAC3 Atmos 5.1][h264]-FLUX.mkv
Cross (2024) {tvdb-426501}/Season 01/S01E06,REMOVE,Cross (2024) - S01E06 - A Bang Not A Whimper [WEBRip-1080p][AAC 5.1][x265]-KONTRAST.mp4,2659,1080p/WEBRip/AAC/HEVC,0.99,/mnt/synology/rs-tv/Cross (2024) {tvdb-426501}/Season 01/Cross (2024) - S01E06 - A Bang Not A Whimper [WEBRip-1080p][AAC 5.1][x265]-KONTRAST.mp4
Cross (2024) {tvdb-426501}/Season 01/S01E07,KEEP,Cross (2024) - S01E07 - Happy Birthday [WEBDL-1080p][EAC3 Atmos 5.1][h264]-FLUX.mkv,3869,1080p/WEBDL/Atmos/AVC,1.91,/mnt/synology/rs-tv/Cross (2024) {tvdb-426501}/Season 01/Cross (2024) - S01E07 - Happy Birthday [WEBDL-1080p][EAC3 Atmos 5.1][h264]-FLUX.mkv
Cross (2024) {tvdb-426501}/Season 01/S01E07,REMOVE,Cross (2024) - S01E07 - Happy Birthday [WEBRip-1080p][AAC 5.1][x265]-KONTRAST.mp4,2661,1080p/WEBRip/AAC/HEVC,1.10,/mnt/synology/rs-tv/Cross (2024) {tvdb-426501}/Season 01/Cross (2024) - S01E07 - Happy Birthday [WEBRip-1080p][AAC 5.1][x265]-KONTRAST.mp4
Cross (2024) {tvdb-426501}/Season 01/S01E08,KEEP,Cross (2024) - S01E08 - You Had Me At Motherfucker [WEBDL-1080p][EAC3 Atmos 5.1][h264]-FLUX.mkv,3872,1080p/WEBDL/Atmos/AVC,2.22,/mnt/synology/rs-tv/Cross (2024) {tvdb-426501}/Season 01/Cross (2024) - S01E08 - You Had Me At Motherfucker [WEBDL-1080p][EAC3 Atmos 5.1][h264]-FLUX.mkv
Cross (2024) {tvdb-426501}/Season 01/S01E08,REMOVE,Cross (2024) - S01E08 - You Had Me At Motherfucker [WEBRip-1080p][AAC 5.1][x265]-KONTRAST.mp4,2661,1080p/WEBRip/AAC/HEVC,1.13,/mnt/synology/rs-tv/Cross (2024) {tvdb-426501}/Season 01/Cross (2024) - S01E08 - You Had Me At Motherfucker [WEBRip-1080p][AAC 5.1][x265]-KONTRAST.mp4
Dark Matter (2015) {tvdb-292174}/Season 02/S02E02,KEEP,Dark Matter (2015) - S02E02 - Kill Them All [WEBRip-1080p][EAC3 5.1][HEVC]-d3g.mkv,2758,1080p/WEBRip/DD+/HEVC,0.87,/mnt/synology/rs-tv/Dark Matter (2015) {tvdb-292174}/Season 02/Dark Matter (2015) - S02E02 - Kill Them All [WEBRip-1080p][EAC3 5.1][HEVC]-d3g.mkv
Dark Matter (2015) {tvdb-292174}/Season 02/S02E02,REMOVE,Dark Matter (2015) - S02E02 - Kill Them All [[Trash] Release Sources (Streaming Service)_25_0 Release Sources (Streaming Service)_22_5][WEBDL-720p][EAC3 2.0][h264]-playWEB.mkv,1509,720p/WEBDL/DD+/AVC,0.96,/mnt/synology/rs-tv/Dark Matter (2015) {tvdb-292174}/Season 02/Dark Matter (2015) - S02E02 - Kill Them All [[Trash] Release Sources (Streaming Service)_25_0 Release Sources (Streaming Service)_22_5][WEBDL-720p][EAC3 2.0][h264]-playWEB.mkv
Dark Matter (2015) {tvdb-292174}/Season 02/S02E03,KEEP,Dark Matter (2015) - S02E03 - Ive Seen the Other Side of You [WEBDL-1080p Proper][AC3 5.1][h264]-VietHD.mkv,3466,1080p/WEBDL/DD/AVC,1.62,/mnt/synology/rs-tv/Dark Matter (2015) {tvdb-292174}/Season 02/Dark Matter (2015) - S02E03 - Ive Seen the Other Side of You [WEBDL-1080p Proper][AC3 5.1][h264]-VietHD.mkv
Dark Matter (2015) {tvdb-292174}/Season 02/S02E03,REMOVE,Dark Matter (2015) - S02E03 - Ive Seen the Other Side of You [WEBRip-1080p][EAC3 5.1][HEVC]-d3g.mkv,2758,1080p/WEBRip/DD+/HEVC,0.87,/mnt/synology/rs-tv/Dark Matter (2015) {tvdb-292174}/Season 02/Dark Matter (2015) - S02E03 - Ive Seen the Other Side of You [WEBRip-1080p][EAC3 5.1][HEVC]-d3g.mkv
Dark Matter (2015) {tvdb-292174}/Season 02/S02E04,KEEP,Dark Matter (2015) - S02E04 - We Were Family [WEBDL-1080p Proper][AC3 5.1][h264]-VietHD.mkv,3466,1080p/WEBDL/DD/AVC,1.69,/mnt/synology/rs-tv/Dark Matter (2015) {tvdb-292174}/Season 02/Dark Matter (2015) - S02E04 - We Were Family [WEBDL-1080p Proper][AC3 5.1][h264]-VietHD.mkv
Dark Matter (2015) {tvdb-292174}/Season 02/S02E04,REMOVE,Dark Matter (2015) - S02E04 - We Were Family [WEBRip-1080p][EAC3 5.1][HEVC]-d3g.mkv,2758,1080p/WEBRip/DD+/HEVC,0.88,/mnt/synology/rs-tv/Dark Matter (2015) {tvdb-292174}/Season 02/Dark Matter (2015) - S02E04 - We Were Family [WEBRip-1080p][EAC3 5.1][HEVC]-d3g.mkv
Dark Matter (2015) {tvdb-292174}/Season 02/S02E05,KEEP,Dark Matter (2015) - S02E05 - We Voted Not to Space You [WEBDL-1080p Proper][AC3 5.1][h264]-VietHD.mkv,3466,1080p/WEBDL/DD/AVC,1.69,/mnt/synology/rs-tv/Dark Matter (2015) {tvdb-292174}/Season 02/Dark Matter (2015) - S02E05 - We Voted Not to Space You [WEBDL-1080p Proper][AC3 5.1][h264]-VietHD.mkv
Dark Matter (2015) {tvdb-292174}/Season 02/S02E05,REMOVE,Dark Matter (2015) - S02E05 - We Voted Not to Space You [WEBRip-1080p][EAC3 5.1][HEVC]-d3g.mkv,2758,1080p/WEBRip/DD+/HEVC,0.87,/mnt/synology/rs-tv/Dark Matter (2015) {tvdb-292174}/Season 02/Dark Matter (2015) - S02E05 - We Voted Not to Space You [WEBRip-1080p][EAC3 5.1][HEVC]-d3g.mkv
Dark Matter (2015) {tvdb-292174}/Season 02/S02E06,KEEP,Dark Matter (2015) - S02E06 - We Should Have Seen This Coming [WEBRip-1080p][EAC3 5.1][HEVC]-d3g.mkv,2758,1080p/WEBRip/DD+/HEVC,0.88,/mnt/synology/rs-tv/Dark Matter (2015) {tvdb-292174}/Season 02/Dark Matter (2015) - S02E06 - We Should Have Seen This Coming [WEBRip-1080p][EAC3 5.1][HEVC]-d3g.mkv
Dark Matter (2015) {tvdb-292174}/Season 02/S02E06,REMOVE,Dark Matter (2015) - S02E06 - We Should Have Seen This Coming [[Trash] Release Sources (Streaming Service)_25_0 Release Sources (Streaming Service)_22_5][WEBDL-720p][EAC3 2.0][h264]-playWEB.mkv,1509,720p/WEBDL/DD+/AVC,0.97,/mnt/synology/rs-tv/Dark Matter (2015) {tvdb-292174}/Season 02/Dark Matter (2015) - S02E06 - We Should Have Seen This Coming [[Trash] Release Sources (Streaming Service)_25_0 Release Sources (Streaming Service)_22_5][WEBDL-720p][EAC3 2.0][h264]-playWEB.mkv
Dark Matter (2015) {tvdb-292174}/Season 02/S02E08,KEEP,Dark Matter (2015) - S02E08 - Stuff to Steal People to Kill [WEBDL-1080p Proper][AC3 5.1][h264]-VietHD.mkv,3466,1080p/WEBDL/DD/AVC,1.67,/mnt/synology/rs-tv/Dark Matter (2015) {tvdb-292174}/Season 02/Dark Matter (2015) - S02E08 - Stuff to Steal People to Kill [WEBDL-1080p Proper][AC3 5.1][h264]-VietHD.mkv
Dark Matter (2015) {tvdb-292174}/Season 02/S02E08,REMOVE,Dark Matter (2015) - S02E08 - Stuff to Steal People to Kill [WEBRip-1080p Proper][EAC3 5.1][HEVC]-d3g.mkv,2758,1080p/WEBRip/DD+/HEVC,0.88,/mnt/synology/rs-tv/Dark Matter (2015) {tvdb-292174}/Season 02/Dark Matter (2015) - S02E08 - Stuff to Steal People to Kill [WEBRip-1080p Proper][EAC3 5.1][HEVC]-d3g.mkv
Dark Matter (2015) {tvdb-292174}/Season 02/S02E09,KEEP,Dark Matter (2015) - S02E09 - Going Out Fighting [WEBDL-1080p Proper][AC3 5.1][h264]-VietHD.mkv,3466,1080p/WEBDL/DD/AVC,1.68,/mnt/synology/rs-tv/Dark Matter (2015) {tvdb-292174}/Season 02/Dark Matter (2015) - S02E09 - Going Out Fighting [WEBDL-1080p Proper][AC3 5.1][h264]-VietHD.mkv
Dark Matter (2015) {tvdb-292174}/Season 02/S02E09,REMOVE,Dark Matter (2015) - S02E09 - Going Out Fighting [WEBRip-1080p][EAC3 5.1][HEVC]-d3g.mkv,2758,1080p/WEBRip/DD+/HEVC,0.87,/mnt/synology/rs-tv/Dark Matter (2015) {tvdb-292174}/Season 02/Dark Matter (2015) - S02E09 - Going Out Fighting [WEBRip-1080p][EAC3 5.1][HEVC]-d3g.mkv
Dark Matter (2015) {tvdb-292174}/Season 02/S02E10,KEEP,Dark Matter (2015) - S02E10 - Take the Shot [WEBRip-1080p][EAC3 5.1][HEVC]-d3g.mkv,2758,1080p/WEBRip/DD+/HEVC,0.88,/mnt/synology/rs-tv/Dark Matter (2015) {tvdb-292174}/Season 02/Dark Matter (2015) - S02E10 - Take the Shot [WEBRip-1080p][EAC3 5.1][HEVC]-d3g.mkv
Dark Matter (2015) {tvdb-292174}/Season 02/S02E10,REMOVE,Dark Matter (2015) - S02E10 - Take the Shot [[Trash] Release Sources (Streaming Service)_25_0 Release Sources (Streaming Service)_22_5][WEBDL-720p][EAC3 2.0][h264]-playWEB.mkv,1508,720p/WEBDL/DD+/AVC,0.87,/mnt/synology/rs-tv/Dark Matter (2015) {tvdb-292174}/Season 02/Dark Matter (2015) - S02E10 - Take the Shot [[Trash] Release Sources (Streaming Service)_25_0 Release Sources (Streaming Service)_22_5][WEBDL-720p][EAC3 2.0][h264]-playWEB.mkv
Dark Matter (2015) {tvdb-292174}/Season 02/S02E11,KEEP,Dark Matter (2015) - S02E11 - Wish Id Spaced You When I Had the Chance [WEBDL-1080p Proper][AC3 5.1][h264]-VietHD.mkv,3466,1080p/WEBDL/DD/AVC,1.68,/mnt/synology/rs-tv/Dark Matter (2015) {tvdb-292174}/Season 02/Dark Matter (2015) - S02E11 - Wish Id Spaced You When I Had the Chance [WEBDL-1080p Proper][AC3 5.1][h264]-VietHD.mkv
Dark Matter (2015) {tvdb-292174}/Season 02/S02E11,REMOVE,Dark Matter (2015) - S02E11 - Wish Id Spaced You When I Had the Chance [WEBRip-1080p][EAC3 5.1][HEVC]-d3g.mkv,2758,1080p/WEBRip/DD+/HEVC,0.87,/mnt/synology/rs-tv/Dark Matter (2015) {tvdb-292174}/Season 02/Dark Matter (2015) - S02E11 - Wish Id Spaced You When I Had the Chance [WEBRip-1080p][EAC3 5.1][HEVC]-d3g.mkv
Dark Matter (2015) {tvdb-292174}/Season 02/S02E12,KEEP,Dark Matter (2015) - S02E12 - Sometimes in Life You Dont Get to Choose [WEBDL-1080p Proper][AC3 5.1][h264]-VietHD.mkv,3466,1080p/WEBDL/DD/AVC,1.63,/mnt/synology/rs-tv/Dark Matter (2015) {tvdb-292174}/Season 02/Dark Matter (2015) - S02E12 - Sometimes in Life You Dont Get to Choose [WEBDL-1080p Proper][AC3 5.1][h264]-VietHD.mkv
Dark Matter (2015) {tvdb-292174}/Season 02/S02E12,REMOVE,Dark Matter (2015) - S02E12 - Sometimes in Life You Dont Get to Choose [WEBRip-1080p][EAC3 5.1][HEVC]-d3g.mkv,2758,1080p/WEBRip/DD+/HEVC,0.88,/mnt/synology/rs-tv/Dark Matter (2015) {tvdb-292174}/Season 02/Dark Matter (2015) - S02E12 - Sometimes in Life You Dont Get to Choose [WEBRip-1080p][EAC3 5.1][HEVC]-d3g.mkv
Dark Matter (2015) {tvdb-292174}/Season 02/S02E13,KEEP,Dark Matter (2015) - S02E13 - But First We Save the Galaxy [WEBDL-1080p Proper][AC3 5.1][h264]-VietHD.mkv,3466,1080p/WEBDL/DD/AVC,1.65,/mnt/synology/rs-tv/Dark Matter (2015) {tvdb-292174}/Season 02/Dark Matter (2015) - S02E13 - But First We Save the Galaxy [WEBDL-1080p Proper][AC3 5.1][h264]-VietHD.mkv
Dark Matter (2015) {tvdb-292174}/Season 02/S02E13,REMOVE,Dark Matter (2015) - S02E13 - But First We Save the Galaxy [WEBRip-1080p][EAC3 5.1][HEVC]-d3g.mkv,2758,1080p/WEBRip/DD+/HEVC,0.88,/mnt/synology/rs-tv/Dark Matter (2015) {tvdb-292174}/Season 02/Dark Matter (2015) - S02E13 - But First We Save the Galaxy [WEBRip-1080p][EAC3 5.1][HEVC]-d3g.mkv
Fresh Off the Boat (2015) {tvdb-281618}/Season 04/S04E05,KEEP,Fresh Off the Boat (2015) - S04E05 - Four Funerals and a Wedding [WEBDL-1080p][EAC3 5.1][x264]-TrollHD.mkv,3521,1080p/WEBDL/DD+/AVC,2.19,/mnt/synology/rs-tv/Fresh Off the Boat (2015) {tvdb-281618}/Season 04/Fresh Off the Boat (2015) - S04E05 - Four Funerals and a Wedding [WEBDL-1080p][EAC3 5.1][x264]-TrollHD.mkv
Fresh Off the Boat (2015) {tvdb-281618}/Season 04/S04E05,REMOVE,Fresh Off the Boat (2015) - S04E05 - Four Funerals and a Wedding [HDTV-1080p][EAC3 5.1][h264].mkv,2521,1080p/HDTV/DD+/AVC,2.19,/mnt/synology/rs-tv/Fresh Off the Boat (2015) {tvdb-281618}/Season 04/Fresh Off the Boat (2015) - S04E05 - Four Funerals and a Wedding [HDTV-1080p][EAC3 5.1][h264].mkv
Game of Thrones (2011) {tvdb-121361}/Season 08/S08E03,KEEP,Game of Thrones (2011) - S08E03 - The Long Night [WEBDL-1080p][EAC3 Atmos 5.1][x264]-BANDOLEROS.mkv,3900,1080p/WEBDL/Atmos/AVC,5.10,/mnt/synology/rs-tv/Game of Thrones (2011) {tvdb-121361}/Season 08/Game of Thrones (2011) - S08E03 - The Long Night [WEBDL-1080p][EAC3 Atmos 5.1][x264]-BANDOLEROS.mkv
Game of Thrones (2011) {tvdb-121361}/Season 08/S08E03,REMOVE,Game of Thrones (2011) - S08E03 - The Long Night [HDTV-1080p][EAC3 5.1][h264].mkv,2543,1080p/HDTV/DD+/AVC,4.32,/mnt/synology/rs-tv/Game of Thrones (2011) {tvdb-121361}/Season 08/Game of Thrones (2011) - S08E03 - The Long Night [HDTV-1080p][EAC3 5.1][h264].mkv
Generation Kill (2008) {tvdb-82109}/Season 01/S01E01,KEEP,Generation Kill (2008) - S01E01 - Get Some [HMAX][WEBDL-1080p][AC3 5.1][h264]-SLiGNOME.mkv,3491,1080p/WEBDL/DD/AVC,4.14,/mnt/synology/rs-tv/Generation Kill (2008) {tvdb-82109}/Season 01/Generation Kill (2008) - S01E01 - Get Some [HMAX][WEBDL-1080p][AC3 5.1][h264]-SLiGNOME.mkv
Generation Kill (2008) {tvdb-82109}/Season 01/S01E01,REMOVE,Generation Kill (2008) - S01E01 - Get Some [WEBRip-1080p][EAC3 5.1][HEVC]-d3g.mkv,2772,1080p/WEBRip/DD+/HEVC,2.28,/mnt/synology/rs-tv/Generation Kill (2008) {tvdb-82109}/Season 01/Generation Kill (2008) - S01E01 - Get Some [WEBRip-1080p][EAC3 5.1][HEVC]-d3g.mkv
Generation Kill (2008) {tvdb-82109}/Season 01/S01E02,KEEP,Generation Kill (2008) - S01E02 - The Cradle of Civilization [HMAX][WEBDL-1080p][AC3 5.1][h264]-SLiGNOME.mkv,3490,1080p/WEBDL/DD/AVC,4.08,/mnt/synology/rs-tv/Generation Kill (2008) {tvdb-82109}/Season 01/Generation Kill (2008) - S01E02 - The Cradle of Civilization [HMAX][WEBDL-1080p][AC3 5.1][h264]-SLiGNOME.mkv
Generation Kill (2008) {tvdb-82109}/Season 01/S01E02,REMOVE,Generation Kill (2008) - S01E02 - The Cradle of Civilization [WEBRip-1080p][EAC3 5.1][HEVC]-d3g.mkv,2772,1080p/WEBRip/DD+/HEVC,2.25,/mnt/synology/rs-tv/Generation Kill (2008) {tvdb-82109}/Season 01/Generation Kill (2008) - S01E02 - The Cradle of Civilization [WEBRip-1080p][EAC3 5.1][HEVC]-d3g.mkv
Generation Kill (2008) {tvdb-82109}/Season 01/S01E03,KEEP,Generation Kill (2008) - S01E03 - Screwby [HMAX][WEBDL-1080p][AC3 5.1][h264]-SLiGNOME.mkv,3488,1080p/WEBDL/DD/AVC,3.83,/mnt/synology/rs-tv/Generation Kill (2008) {tvdb-82109}/Season 01/Generation Kill (2008) - S01E03 - Screwby [HMAX][WEBDL-1080p][AC3 5.1][h264]-SLiGNOME.mkv
Generation Kill (2008) {tvdb-82109}/Season 01/S01E03,REMOVE,Generation Kill (2008) - S01E03 - Screwby [WEBRip-1080p][EAC3 5.1][HEVC]-d3g.mkv,2770,1080p/WEBRip/DD+/HEVC,2.09,/mnt/synology/rs-tv/Generation Kill (2008) {tvdb-82109}/Season 01/Generation Kill (2008) - S01E03 - Screwby [WEBRip-1080p][EAC3 5.1][HEVC]-d3g.mkv
Generation Kill (2008) {tvdb-82109}/Season 01/S01E04,KEEP,Generation Kill (2008) - S01E04 - Combat Jack [HMAX][WEBDL-1080p][AC3 5.1][h264]-SLiGNOME.mkv,3490,1080p/WEBDL/DD/AVC,4.04,/mnt/synology/rs-tv/Generation Kill (2008) {tvdb-82109}/Season 01/Generation Kill (2008) - S01E04 - Combat Jack [HMAX][WEBDL-1080p][AC3 5.1][h264]-SLiGNOME.mkv
Generation Kill (2008) {tvdb-82109}/Season 01/S01E04,REMOVE,Generation Kill (2008) - S01E04 - Combat Jack [WEBRip-1080p][EAC3 5.1][HEVC]-d3g.mkv,2772,1080p/WEBRip/DD+/HEVC,2.23,/mnt/synology/rs-tv/Generation Kill (2008) {tvdb-82109}/Season 01/Generation Kill (2008) - S01E04 - Combat Jack [WEBRip-1080p][EAC3 5.1][HEVC]-d3g.mkv
Generation Kill (2008) {tvdb-82109}/Season 01/S01E05,KEEP,Generation Kill (2008) - S01E05 - A Burning Dog [HMAX][WEBDL-1080p][AC3 5.1][h264]-SLiGNOME.mkv,3491,1080p/WEBDL/DD/AVC,4.18,/mnt/synology/rs-tv/Generation Kill (2008) {tvdb-82109}/Season 01/Generation Kill (2008) - S01E05 - A Burning Dog [HMAX][WEBDL-1080p][AC3 5.1][h264]-SLiGNOME.mkv
Generation Kill (2008) {tvdb-82109}/Season 01/S01E05,REMOVE,Generation Kill (2008) - S01E05 - A Burning Dog [WEBRip-1080p][EAC3 5.1][HEVC]-d3g.mkv,2773,1080p/WEBRip/DD+/HEVC,2.31,/mnt/synology/rs-tv/Generation Kill (2008) {tvdb-82109}/Season 01/Generation Kill (2008) - S01E05 - A Burning Dog [WEBRip-1080p][EAC3 5.1][HEVC]-d3g.mkv
Generation Kill (2008) {tvdb-82109}/Season 01/S01E06,KEEP,Generation Kill (2008) - S01E06 - Stay Frosty [HMAX][WEBDL-1080p][AC3 5.1][h264]-SLiGNOME.mkv,3490,1080p/WEBDL/DD/AVC,4.02,/mnt/synology/rs-tv/Generation Kill (2008) {tvdb-82109}/Season 01/Generation Kill (2008) - S01E06 - Stay Frosty [HMAX][WEBDL-1080p][AC3 5.1][h264]-SLiGNOME.mkv
Generation Kill (2008) {tvdb-82109}/Season 01/S01E06,REMOVE,Generation Kill (2008) - S01E06 - Stay Frosty [WEBRip-1080p][EAC3 5.1][HEVC]-d3g.mkv,2772,1080p/WEBRip/DD+/HEVC,2.21,/mnt/synology/rs-tv/Generation Kill (2008) {tvdb-82109}/Season 01/Generation Kill (2008) - S01E06 - Stay Frosty [WEBRip-1080p][EAC3 5.1][HEVC]-d3g.mkv
Generation Kill (2008) {tvdb-82109}/Season 01/S01E07,KEEP,Generation Kill (2008) - S01E07 - Bomb in the Garden [HMAX][WEBDL-1080p][AC3 5.1][h264]-SLiGNOME.mkv,3490,1080p/WEBDL/DD/AVC,4.10,/mnt/synology/rs-tv/Generation Kill (2008) {tvdb-82109}/Season 01/Generation Kill (2008) - S01E07 - Bomb in the Garden [HMAX][WEBDL-1080p][AC3 5.1][h264]-SLiGNOME.mkv
Generation Kill (2008) {tvdb-82109}/Season 01/S01E07,REMOVE,Generation Kill (2008) - S01E07 - Bomb in the Garden [WEBRip-1080p][EAC3 5.1][HEVC]-d3g.mkv,2772,1080p/WEBRip/DD+/HEVC,2.26,/mnt/synology/rs-tv/Generation Kill (2008) {tvdb-82109}/Season 01/Generation Kill (2008) - S01E07 - Bomb in the Garden [WEBRip-1080p][EAC3 5.1][HEVC]-d3g.mkv
Harley Quinn (2019) {tvdb-365677}/Season 05/S05E06,KEEP,Harley Quinn (2019) - S05E06 - Bottle My Heart [AMZN][WEBDL-1080p][EAC3 5.1][h264]-FLUX.mkv,3516,1080p/WEBDL/DD+/AVC,1.67,/mnt/synology/rs-tv/Harley Quinn (2019) {tvdb-365677}/Season 05/Harley Quinn (2019) - S05E06 - Bottle My Heart [AMZN][WEBDL-1080p][EAC3 5.1][h264]-FLUX.mkv
Harley Quinn (2019) {tvdb-365677}/Season 05/S05E06,REMOVE,Harley Quinn (2019) - S05E06 - Bottle My Heart [WEBDL-1080p][EAC3 5.1][h264].mkv,3516,1080p/WEBDL/DD+/AVC,1.67,/mnt/synology/rs-tv/Harley Quinn (2019) {tvdb-365677}/Season 05/Harley Quinn (2019) - S05E06 - Bottle My Heart [WEBDL-1080p][EAC3 5.1][h264].mkv
Helstrom (2020) {tvdb-364038}/Season 01/S01E10,KEEP,Helstrom (2020) - S01E10 - Hell Storm [WEBDL-1080p][EAC3 5.1][h264]-NTG.mkv,3513,1080p/WEBDL/DD+/AVC,1.33,/mnt/synology/rs-tv/Helstrom (2020) {tvdb-364038}/Season 01/Helstrom (2020) - S01E10 - Hell Storm [WEBDL-1080p][EAC3 5.1][h264]-NTG.mkv
Helstrom (2020) {tvdb-364038}/Season 01/S01E10,REMOVE,Helstrom (2020) - S01E10 - Hell Storm [HDTV-1080p][EAC3 5.1][h264].mkv,2513,1080p/HDTV/DD+/AVC,1.33,/mnt/synology/rs-tv/Helstrom (2020) {tvdb-364038}/Season 01/Helstrom (2020) - S01E10 - Hell Storm [HDTV-1080p][EAC3 5.1][h264].mkv
Homeland (2011) {tvdb-247897}/Season 07/S07E10,KEEP,Homeland (2011) - S07E10 - Clarity [WEBDL-1080p Proper][EAC3 5.1][h264]-NTb.mkv,3552,1080p/WEBDL/DD+/AVC,5.22,/mnt/synology/rs-tv/Homeland (2011) {tvdb-247897}/Season 07/Homeland (2011) - S07E10 - Clarity [WEBDL-1080p Proper][EAC3 5.1][h264]-NTb.mkv
Homeland (2011) {tvdb-247897}/Season 07/S07E10,REMOVE,Homeland (2011) - S07E10 - Clarity [HDTV-720p][EAC3 5.1][h264].mkv,508,720p/HDTV/DD+/AVC,0.89,/mnt/synology/rs-tv/Homeland (2011) {tvdb-247897}/Season 07/Homeland (2011) - S07E10 - Clarity [HDTV-720p][EAC3 5.1][h264].mkv
Invasion (2021) {tvdb-404492}/Season 02/S02E01,KEEP,Invasion (2021) - S02E01 - Somethings Changed [WEBDL-1080p][EAC3 Atmos 5.1][h264].mkv,3893,1080p/WEBDL/Atmos/AVC,4.34,/mnt/synology/rs-tv/Invasion (2021) {tvdb-404492}/Season 02/Invasion (2021) - S02E01 - Somethings Changed [WEBDL-1080p][EAC3 Atmos 5.1][h264].mkv
Invasion (2021) {tvdb-404492}/Season 02/S02E01,REMOVE,Invasion (2021) - S02E01 - Somethings Changed [WEBRip-1080p][EAC3 Atmos 5.1][x265].mkv,3107,1080p/WEBRip/Atmos/HEVC,0.71,/mnt/synology/rs-tv/Invasion (2021) {tvdb-404492}/Season 02/Invasion (2021) - S02E01 - Somethings Changed [WEBRip-1080p][EAC3 Atmos 5.1][x265].mkv
Invasion (2021) {tvdb-404492}/Season 02/S02E02,KEEP,Invasion (2021) - S02E02 - Chasing Ghosts [WEBDL-1080p][EAC3 Atmos 5.1][h264].mkv,3889,1080p/WEBDL/Atmos/AVC,3.94,/mnt/synology/rs-tv/Invasion (2021) {tvdb-404492}/Season 02/Invasion (2021) - S02E02 - Chasing Ghosts [WEBDL-1080p][EAC3 Atmos 5.1][h264].mkv
Invasion (2021) {tvdb-404492}/Season 02/S02E02,REMOVE,Invasion (2021) - S02E02 - Chasing Ghosts [WEBRip-1080p][EAC3 Atmos 5.1][x265].mkv,3106,1080p/WEBRip/Atmos/HEVC,0.66,/mnt/synology/rs-tv/Invasion (2021) {tvdb-404492}/Season 02/Invasion (2021) - S02E02 - Chasing Ghosts [WEBRip-1080p][EAC3 Atmos 5.1][x265].mkv
Invasion (2021) {tvdb-404492}/Season 02/S02E03,KEEP,Invasion (2021) - S02E03 - Fireworks [WEBDL-1080p][EAC3 Atmos 5.1][h264].mkv,3886,1080p/WEBDL/Atmos/AVC,3.62,/mnt/synology/rs-tv/Invasion (2021) {tvdb-404492}/Season 02/Invasion (2021) - S02E03 - Fireworks [WEBDL-1080p][EAC3 Atmos 5.1][h264].mkv
Invasion (2021) {tvdb-404492}/Season 02/S02E03,REMOVE,Invasion (2021) - S02E03 - Fireworks [WEBRip-1080p][EAC3 Atmos 5.1][x265].mkv,3105,1080p/WEBRip/Atmos/HEVC,0.52,/mnt/synology/rs-tv/Invasion (2021) {tvdb-404492}/Season 02/Invasion (2021) - S02E03 - Fireworks [WEBRip-1080p][EAC3 Atmos 5.1][x265].mkv
Invasion (2021) {tvdb-404492}/Season 02/S02E04,KEEP,Invasion (2021) - S02E04 - The Tunnel [WEBDL-1080p][EAC3 Atmos 5.1][h264].mkv,3888,1080p/WEBDL/Atmos/AVC,3.82,/mnt/synology/rs-tv/Invasion (2021) {tvdb-404492}/Season 02/Invasion (2021) - S02E04 - The Tunnel [WEBDL-1080p][EAC3 Atmos 5.1][h264].mkv
Invasion (2021) {tvdb-404492}/Season 02/S02E04,REMOVE,Invasion (2021) - S02E04 - The Tunnel [WEBRip-1080p][EAC3 Atmos 5.1][x265].mkv,3105,1080p/WEBRip/Atmos/HEVC,0.51,/mnt/synology/rs-tv/Invasion (2021) {tvdb-404492}/Season 02/Invasion (2021) - S02E04 - The Tunnel [WEBRip-1080p][EAC3 Atmos 5.1][x265].mkv
Invasion (2021) {tvdb-404492}/Season 02/S02E05,KEEP,Invasion (2021) - S02E05 - A Voice From the Other Side [WEBDL-1080p][EAC3 Atmos 5.1][h264].mkv,3888,1080p/WEBDL/Atmos/AVC,3.83,/mnt/synology/rs-tv/Invasion (2021) {tvdb-404492}/Season 02/Invasion (2021) - S02E05 - A Voice From the Other Side [WEBDL-1080p][EAC3 Atmos 5.1][h264].mkv
Invasion (2021) {tvdb-404492}/Season 02/S02E05,REMOVE,Invasion (2021) - S02E05 - A Voice From the Other Side [WEBRip-1080p][EAC3 Atmos 5.1][x265].mkv,3107,1080p/WEBRip/Atmos/HEVC,0.70,/mnt/synology/rs-tv/Invasion (2021) {tvdb-404492}/Season 02/Invasion (2021) - S02E05 - A Voice From the Other Side [WEBRip-1080p][EAC3 Atmos 5.1][x265].mkv
Invasion (2021) {tvdb-404492}/Season 02/S02E06,KEEP,Invasion (2021) - S02E06 - Pressure Points [WEBDL-1080p][EAC3 Atmos 5.1][h264].mkv,3889,1080p/WEBDL/Atmos/AVC,3.90,/mnt/synology/rs-tv/Invasion (2021) {tvdb-404492}/Season 02/Invasion (2021) - S02E06 - Pressure Points [WEBDL-1080p][EAC3 Atmos 5.1][h264].mkv
Invasion (2021) {tvdb-404492}/Season 02/S02E06,REMOVE,Invasion (2021) - S02E06 - Pressure Points [WEBRip-1080p][EAC3 Atmos 5.1][x265].mkv,3105,1080p/WEBRip/Atmos/HEVC,0.56,/mnt/synology/rs-tv/Invasion (2021) {tvdb-404492}/Season 02/Invasion (2021) - S02E06 - Pressure Points [WEBRip-1080p][EAC3 Atmos 5.1][x265].mkv
Invasion (2021) {tvdb-404492}/Season 02/S02E07,KEEP,Invasion (2021) - S02E07 - Down the Rabbit Hole [WEBDL-1080p][EAC3 Atmos 5.1][h264].mkv,3886,1080p/WEBDL/Atmos/AVC,3.64,/mnt/synology/rs-tv/Invasion (2021) {tvdb-404492}/Season 02/Invasion (2021) - S02E07 - Down the Rabbit Hole [WEBDL-1080p][EAC3 Atmos 5.1][h264].mkv
Invasion (2021) {tvdb-404492}/Season 02/S02E07,REMOVE,Invasion (2021) - S02E07 - Down the Rabbit Hole [WEBRip-1080p][EAC3 Atmos 5.1][x265].mkv,3106,1080p/WEBRip/Atmos/HEVC,0.63,/mnt/synology/rs-tv/Invasion (2021) {tvdb-404492}/Season 02/Invasion (2021) - S02E07 - Down the Rabbit Hole [WEBRip-1080p][EAC3 Atmos 5.1][x265].mkv
Invasion (2021) {tvdb-404492}/Season 02/S02E08,KEEP,Invasion (2021) - S02E08 - Cosmic Ocean [WEBDL-1080p][EAC3 Atmos 5.1][h264].mkv,3888,1080p/WEBDL/Atmos/AVC,3.86,/mnt/synology/rs-tv/Invasion (2021) {tvdb-404492}/Season 02/Invasion (2021) - S02E08 - Cosmic Ocean [WEBDL-1080p][EAC3 Atmos 5.1][h264].mkv
Invasion (2021) {tvdb-404492}/Season 02/S02E08,REMOVE,Invasion (2021) - S02E08 - Cosmic Ocean [WEBRip-1080p][EAC3 Atmos 5.1][x265].mkv,3106,1080p/WEBRip/Atmos/HEVC,0.60,/mnt/synology/rs-tv/Invasion (2021) {tvdb-404492}/Season 02/Invasion (2021) - S02E08 - Cosmic Ocean [WEBRip-1080p][EAC3 Atmos 5.1][x265].mkv
Invasion (2021) {tvdb-404492}/Season 02/S02E09,KEEP,Invasion (2021) - S02E09 - Breakthrough [WEBDL-1080p][EAC3 Atmos 5.1][h264].mkv,3879,1080p/WEBDL/Atmos/AVC,2.99,/mnt/synology/rs-tv/Invasion (2021) {tvdb-404492}/Season 02/Invasion (2021) - S02E09 - Breakthrough [WEBDL-1080p][EAC3 Atmos 5.1][h264].mkv
Invasion (2021) {tvdb-404492}/Season 02/S02E09,REMOVE,Invasion (2021) - S02E09 - Breakthrough [WEBRip-1080p][EAC3 Atmos 5.1][x265].mkv,3105,1080p/WEBRip/Atmos/HEVC,0.56,/mnt/synology/rs-tv/Invasion (2021) {tvdb-404492}/Season 02/Invasion (2021) - S02E09 - Breakthrough [WEBRip-1080p][EAC3 Atmos 5.1][x265].mkv
Invasion (2021) {tvdb-404492}/Season 02/S02E10,KEEP,Invasion (2021) - S02E10 - Old Friends New Frontiers [WEBDL-1080p][EAC3 Atmos 5.1][h264].mkv,3887,1080p/WEBDL/Atmos/AVC,3.74,/mnt/synology/rs-tv/Invasion (2021) {tvdb-404492}/Season 02/Invasion (2021) - S02E10 - Old Friends New Frontiers [WEBDL-1080p][EAC3 Atmos 5.1][h264].mkv
Invasion (2021) {tvdb-404492}/Season 02/S02E10,REMOVE,Invasion (2021) - S02E10 - Old Friends New Frontiers [WEBRip-1080p][EAC3 Atmos 5.1][x265].mkv,3106,1080p/WEBRip/Atmos/HEVC,0.61,/mnt/synology/rs-tv/Invasion (2021) {tvdb-404492}/Season 02/Invasion (2021) - S02E10 - Old Friends New Frontiers [WEBRip-1080p][EAC3 Atmos 5.1][x265].mkv
Jupiter's Legacy (2021) {tvdb-368388}/Season 01/S01E01,KEEP,Jupiter's Legacy (2021) - S01E01 - By Dawns Early Light [WEBDL-1080p][EAC3 Atmos 5.1][x264].mkv,3861,1080p/WEBDL/Atmos/AVC,1.14,/mnt/synology/rs-tv/Jupiter's Legacy (2021) {tvdb-368388}/Season 01/Jupiter's Legacy (2021) - S01E01 - By Dawns Early Light [WEBDL-1080p][EAC3 Atmos 5.1][x264].mkv
Jupiter's Legacy (2021) {tvdb-368388}/Season 01/S01E01,REMOVE,Jupiter's Legacy (2021) - S01E01 - By Dawns Early Light [NF][WEBDL-1080p][EAC3 5.1][x264]-NTb.mkv,3510,1080p/WEBDL/DD+/AVC,1.09,/mnt/synology/rs-tv/Jupiter's Legacy (2021) {tvdb-368388}/Season 01/Jupiter's Legacy (2021) - S01E01 - By Dawns Early Light [NF][WEBDL-1080p][EAC3 5.1][x264]-NTb.mkv
Jupiter's Legacy (2021) {tvdb-368388}/Season 01/S01E02,KEEP,Jupiter's Legacy (2021) - S01E02 - Paper and Stone [WEBDL-1080p][EAC3 Atmos 5.1][x264].mkv,3857,1080p/WEBDL/Atmos/AVC,0.72,/mnt/synology/rs-tv/Jupiter's Legacy (2021) {tvdb-368388}/Season 01/Jupiter's Legacy (2021) - S01E02 - Paper and Stone [WEBDL-1080p][EAC3 Atmos 5.1][x264].mkv
Jupiter's Legacy (2021) {tvdb-368388}/Season 01/S01E02,REMOVE,Jupiter's Legacy (2021) - S01E02 - Paper and Stone [NF][WEBDL-1080p][EAC3 5.1][x264]-NTb.mkv,3506,1080p/WEBDL/DD+/AVC,0.64,/mnt/synology/rs-tv/Jupiter's Legacy (2021) {tvdb-368388}/Season 01/Jupiter's Legacy (2021) - S01E02 - Paper and Stone [NF][WEBDL-1080p][EAC3 5.1][x264]-NTb.mkv
Jupiter's Legacy (2021) {tvdb-368388}/Season 01/S01E03,KEEP,Jupiter's Legacy (2021) - S01E03 - Painting the Clouds With Sunshine [WEBDL-1080p][EAC3 Atmos 5.1][x264].mkv,3867,1080p/WEBDL/Atmos/AVC,1.79,/mnt/synology/rs-tv/Jupiter's Legacy (2021) {tvdb-368388}/Season 01/Jupiter's Legacy (2021) - S01E03 - Painting the Clouds With Sunshine [WEBDL-1080p][EAC3 Atmos 5.1][x264].mkv
Jupiter's Legacy (2021) {tvdb-368388}/Season 01/S01E03,REMOVE,Jupiter's Legacy (2021) - S01E03 - Painting the Clouds With Sunshine [NF][WEBDL-1080p][EAC3 5.1][x264]-NTb.mkv,3517,1080p/WEBDL/DD+/AVC,1.75,/mnt/synology/rs-tv/Jupiter's Legacy (2021) {tvdb-368388}/Season 01/Jupiter's Legacy (2021) - S01E03 - Painting the Clouds With Sunshine [NF][WEBDL-1080p][EAC3 5.1][x264]-NTb.mkv
Jupiter's Legacy (2021) {tvdb-368388}/Season 01/S01E04,KEEP,Jupiter's Legacy (2021) - S01E04 - All the Devils Are Here [WEBDL-1080p][EAC3 Atmos 5.1][x264].mkv,3868,1080p/WEBDL/Atmos/AVC,1.83,/mnt/synology/rs-tv/Jupiter's Legacy (2021) {tvdb-368388}/Season 01/Jupiter's Legacy (2021) - S01E04 - All the Devils Are Here [WEBDL-1080p][EAC3 Atmos 5.1][x264].mkv
Jupiter's Legacy (2021) {tvdb-368388}/Season 01/S01E04,REMOVE,Jupiter's Legacy (2021) - S01E04 - All the Devils Are Here [NF][WEBDL-1080p][EAC3 5.1][x264]-NTb.mkv,3517,1080p/WEBDL/DD+/AVC,1.78,/mnt/synology/rs-tv/Jupiter's Legacy (2021) {tvdb-368388}/Season 01/Jupiter's Legacy (2021) - S01E04 - All the Devils Are Here [NF][WEBDL-1080p][EAC3 5.1][x264]-NTb.mkv
Jupiter's Legacy (2021) {tvdb-368388}/Season 01/S01E05,KEEP,Jupiter's Legacy (2021) - S01E05 - Whats the Use [WEBDL-1080p][EAC3 Atmos 5.1][x264].mkv,3861,1080p/WEBDL/Atmos/AVC,1.18,/mnt/synology/rs-tv/Jupiter's Legacy (2021) {tvdb-368388}/Season 01/Jupiter's Legacy (2021) - S01E05 - Whats the Use [WEBDL-1080p][EAC3 Atmos 5.1][x264].mkv
Jupiter's Legacy (2021) {tvdb-368388}/Season 01/S01E05,REMOVE,Jupiter's Legacy (2021) - S01E05 - Whats the Use [NF][WEBDL-1080p][EAC3 5.1][x264]-NTb.mkv,3511,1080p/WEBDL/DD+/AVC,1.14,/mnt/synology/rs-tv/Jupiter's Legacy (2021) {tvdb-368388}/Season 01/Jupiter's Legacy (2021) - S01E05 - Whats the Use [NF][WEBDL-1080p][EAC3 5.1][x264]-NTb.mkv
Jupiter's Legacy (2021) {tvdb-368388}/Season 01/S01E06,KEEP,Jupiter's Legacy (2021) - S01E06 - Cover Her Face [WEBDL-1080p][EAC3 Atmos 5.1][x264].mkv,3863,1080p/WEBDL/Atmos/AVC,1.39,/mnt/synology/rs-tv/Jupiter's Legacy (2021) {tvdb-368388}/Season 01/Jupiter's Legacy (2021) - S01E06 - Cover Her Face [WEBDL-1080p][EAC3 Atmos 5.1][x264].mkv
Jupiter's Legacy (2021) {tvdb-368388}/Season 01/S01E06,REMOVE,Jupiter's Legacy (2021) - S01E06 - Cover Her Face [NF][WEBDL-1080p][EAC3 5.1][x264]-NTb.mkv,3513,1080p/WEBDL/DD+/AVC,1.35,/mnt/synology/rs-tv/Jupiter's Legacy (2021) {tvdb-368388}/Season 01/Jupiter's Legacy (2021) - S01E06 - Cover Her Face [NF][WEBDL-1080p][EAC3 5.1][x264]-NTb.mkv
Jupiter's Legacy (2021) {tvdb-368388}/Season 01/S01E07,KEEP,Jupiter's Legacy (2021) - S01E07 - Omnes Pro Uno [WEBDL-1080p][EAC3 Atmos 5.1][x264].mkv,3865,1080p/WEBDL/Atmos/AVC,1.56,/mnt/synology/rs-tv/Jupiter's Legacy (2021) {tvdb-368388}/Season 01/Jupiter's Legacy (2021) - S01E07 - Omnes Pro Uno [WEBDL-1080p][EAC3 Atmos 5.1][x264].mkv
Jupiter's Legacy (2021) {tvdb-368388}/Season 01/S01E07,REMOVE,Jupiter's Legacy (2021) - S01E07 - Omnes Pro Uno [NF][WEBDL-1080p][EAC3 5.1][x264]-NTb.mkv,3515,1080p/WEBDL/DD+/AVC,1.51,/mnt/synology/rs-tv/Jupiter's Legacy (2021) {tvdb-368388}/Season 01/Jupiter's Legacy (2021) - S01E07 - Omnes Pro Uno [NF][WEBDL-1080p][EAC3 5.1][x264]-NTb.mkv
Jupiter's Legacy (2021) {tvdb-368388}/Season 01/S01E08,KEEP,Jupiter's Legacy (2021) - S01E08 - How It All Ends [WEBDL-1080p][EAC3 Atmos 5.1][x264].mkv,3859,1080p/WEBDL/Atmos/AVC,0.95,/mnt/synology/rs-tv/Jupiter's Legacy (2021) {tvdb-368388}/Season 01/Jupiter's Legacy (2021) - S01E08 - How It All Ends [WEBDL-1080p][EAC3 Atmos 5.1][x264].mkv
Jupiter's Legacy (2021) {tvdb-368388}/Season 01/S01E08,REMOVE,Jupiter's Legacy (2021) - S01E08 - How It All Ends [NF][WEBDL-1080p][EAC3 5.1][x264]-NTb.mkv,3509,1080p/WEBDL/DD+/AVC,0.92,/mnt/synology/rs-tv/Jupiter's Legacy (2021) {tvdb-368388}/Season 01/Jupiter's Legacy (2021) - S01E08 - How It All Ends [NF][WEBDL-1080p][EAC3 5.1][x264]-NTb.mkv
Jurassic World - Camp Cretaceous (2020) {tvdb-365066}/Season 01/S01E01,KEEP,Jurassic World - Camp Cretaceous (2020) - S01E01 - Camp Cretaceous [WEBDL-1080p][EAC3 5.1][x264]-BTN.mkv,3512,1080p/WEBDL/DD+/AVC,1.23,/mnt/synology/rs-tv/Jurassic World - Camp Cretaceous (2020) {tvdb-365066}/Season 01/Jurassic World - Camp Cretaceous (2020) - S01E01 - Camp Cretaceous [WEBDL-1080p][EAC3 5.1][x264]-BTN.mkv
Jurassic World - Camp Cretaceous (2020) {tvdb-365066}/Season 01/S01E01,REMOVE,Jurassic World - Camp Cretaceous (2020) - S01E01 - Camp Cretaceous [HDTV-1080p][EAC3 5.1][x264].mkv,2512,1080p/HDTV/DD+/AVC,1.23,/mnt/synology/rs-tv/Jurassic World - Camp Cretaceous (2020) {tvdb-365066}/Season 01/Jurassic World - Camp Cretaceous (2020) - S01E01 - Camp Cretaceous [HDTV-1080p][EAC3 5.1][x264].mkv
Knight Rider (1982) {tvdb-77216}/Season 02/S02E01,KEEP,Knight Rider (1982) - S02E01-E02 - Goliath [Bluray-1080p][AC3 2.0][x264]-YELLOWBiRD.mkv,3315,1080p/Bluray/DD/AVC,6.55,/mnt/synology/rs-tv/Knight Rider (1982) {tvdb-77216}/Season 02/Knight Rider (1982) - S02E01-E02 - Goliath [Bluray-1080p][AC3 2.0][x264]-YELLOWBiRD.mkv
Knight Rider (1982) {tvdb-77216}/Season 02/S02E01,REMOVE,Knight Rider (1982) - S02E01-E02 - Goliath [HDTV-720p][AC3 2.0][x264].mkv,482,720p/HDTV/DD/AVC,3.27,/mnt/synology/rs-tv/Knight Rider (1982) {tvdb-77216}/Season 02/Knight Rider (1982) - S02E01-E02 - Goliath [HDTV-720p][AC3 2.0][x264].mkv
Knight Rider (1982) {tvdb-77216}/Season 02/S02E03,KEEP,Knight Rider (1982) - S02E03 - Brothers Keeper [Bluray-1080p][AC3 2.0][x264]-YELLOWBiRD.mkv,3282,1080p/Bluray/DD/AVC,3.27,/mnt/synology/rs-tv/Knight Rider (1982) {tvdb-77216}/Season 02/Knight Rider (1982) - S02E03 - Brothers Keeper [Bluray-1080p][AC3 2.0][x264]-YELLOWBiRD.mkv
Knight Rider (1982) {tvdb-77216}/Season 02/S02E03,REMOVE,Knight Rider (1982) - S02E03 - Brothers Keeper [HDTV-720p][AC3 2.0][x264].mkv,471,720p/HDTV/DD/AVC,2.18,/mnt/synology/rs-tv/Knight Rider (1982) {tvdb-77216}/Season 02/Knight Rider (1982) - S02E03 - Brothers Keeper [HDTV-720p][AC3 2.0][x264].mkv
Knight Rider (1982) {tvdb-77216}/Season 02/S02E04,KEEP,Knight Rider (1982) - S02E04 - Merchants of Death [Bluray-1080p][AC3 2.0][x264]-YELLOWBiRD.mkv,3282,1080p/Bluray/DD/AVC,3.27,/mnt/synology/rs-tv/Knight Rider (1982) {tvdb-77216}/Season 02/Knight Rider (1982) - S02E04 - Merchants of Death [Bluray-1080p][AC3 2.0][x264]-YELLOWBiRD.mkv
Knight Rider (1982) {tvdb-77216}/Season 02/S02E04,REMOVE,Knight Rider (1982) - S02E04 - Merchants of Death [HDTV-720p][AC3 2.0][x264].mkv,471,720p/HDTV/DD/AVC,2.18,/mnt/synology/rs-tv/Knight Rider (1982) {tvdb-77216}/Season 02/Knight Rider (1982) - S02E04 - Merchants of Death [HDTV-720p][AC3 2.0][x264].mkv
Knight Rider (1982) {tvdb-77216}/Season 02/S02E05,KEEP,Knight Rider (1982) - S02E05 - Blind Spot [Bluray-1080p][AC3 2.0][x264]-YELLOWBiRD.mkv,3282,1080p/Bluray/DD/AVC,3.27,/mnt/synology/rs-tv/Knight Rider (1982) {tvdb-77216}/Season 02/Knight Rider (1982) - S02E05 - Blind Spot [Bluray-1080p][AC3 2.0][x264]-YELLOWBiRD.mkv
Knight Rider (1982) {tvdb-77216}/Season 02/S02E05,REMOVE,Knight Rider (1982) - S02E05 - Blind Spot [HDTV-720p][AC3 2.0][x264].mkv,471,720p/HDTV/DD/AVC,2.18,/mnt/synology/rs-tv/Knight Rider (1982) {tvdb-77216}/Season 02/Knight Rider (1982) - S02E05 - Blind Spot [HDTV-720p][AC3 2.0][x264].mkv
Knight Rider (1982) {tvdb-77216}/Season 02/S02E06,KEEP,Knight Rider (1982) - S02E06 - Return to Cadiz [Bluray-1080p][AC3 2.0][x264]-YELLOWBiRD.mkv,3282,1080p/Bluray/DD/AVC,3.27,/mnt/synology/rs-tv/Knight Rider (1982) {tvdb-77216}/Season 02/Knight Rider (1982) - S02E06 - Return to Cadiz [Bluray-1080p][AC3 2.0][x264]-YELLOWBiRD.mkv
Knight Rider (1982) {tvdb-77216}/Season 02/S02E06,REMOVE,Knight Rider (1982) - S02E06 - Return to Cadiz [HDTV-720p][AC3 2.0][x264].mkv,471,720p/HDTV/DD/AVC,2.18,/mnt/synology/rs-tv/Knight Rider (1982) {tvdb-77216}/Season 02/Knight Rider (1982) - S02E06 - Return to Cadiz [HDTV-720p][AC3 2.0][x264].mkv
Knight Rider (1982) {tvdb-77216}/Season 02/S02E07,KEEP,Knight Rider (1982) - S02E07 - K.I.T.T. the Cat [Bluray-1080p][AC3 2.0][x264]-YELLOWBiRD.mkv,3282,1080p/Bluray/DD/AVC,3.27,/mnt/synology/rs-tv/Knight Rider (1982) {tvdb-77216}/Season 02/Knight Rider (1982) - S02E07 - K.I.T.T. the Cat [Bluray-1080p][AC3 2.0][x264]-YELLOWBiRD.mkv
Knight Rider (1982) {tvdb-77216}/Season 02/S02E07,REMOVE,Knight Rider (1982) - S02E07 - K.I.T.T. the Cat [HDTV-720p][AC3 2.0][x264].mkv,471,720p/HDTV/DD/AVC,2.18,/mnt/synology/rs-tv/Knight Rider (1982) {tvdb-77216}/Season 02/Knight Rider (1982) - S02E07 - K.I.T.T. the Cat [HDTV-720p][AC3 2.0][x264].mkv
Knight Rider (1982) {tvdb-77216}/Season 02/S02E08,KEEP,Knight Rider (1982) - S02E08 - Custom K.I.T.T [Bluray-1080p][AC3 2.0][x264]-YELLOWBiRD.mkv,3282,1080p/Bluray/DD/AVC,3.27,/mnt/synology/rs-tv/Knight Rider (1982) {tvdb-77216}/Season 02/Knight Rider (1982) - S02E08 - Custom K.I.T.T [Bluray-1080p][AC3 2.0][x264]-YELLOWBiRD.mkv
Knight Rider (1982) {tvdb-77216}/Season 02/S02E08,REMOVE,Knight Rider (1982) - S02E08 - Custom K.I.T.T [HDTV-720p][AC3 2.0][x264].mkv,471,720p/HDTV/DD/AVC,2.18,/mnt/synology/rs-tv/Knight Rider (1982) {tvdb-77216}/Season 02/Knight Rider (1982) - S02E08 - Custom K.I.T.T [HDTV-720p][AC3 2.0][x264].mkv
Knight Rider (1982) {tvdb-77216}/Season 02/S02E09,KEEP,Knight Rider (1982) - S02E09 - Soul Survivor [Bluray-1080p][AC3 2.0][x264]-YELLOWBiRD.mkv,3282,1080p/Bluray/DD/AVC,3.27,/mnt/synology/rs-tv/Knight Rider (1982) {tvdb-77216}/Season 02/Knight Rider (1982) - S02E09 - Soul Survivor [Bluray-1080p][AC3 2.0][x264]-YELLOWBiRD.mkv
Knight Rider (1982) {tvdb-77216}/Season 02/S02E09,REMOVE,Knight Rider (1982) - S02E09 - Soul Survivor [HDTV-720p][AC3 2.0][x264].mkv,471,720p/HDTV/DD/AVC,2.18,/mnt/synology/rs-tv/Knight Rider (1982) {tvdb-77216}/Season 02/Knight Rider (1982) - S02E09 - Soul Survivor [HDTV-720p][AC3 2.0][x264].mkv
Knight Rider (1982) {tvdb-77216}/Season 02/S02E10,KEEP,Knight Rider (1982) - S02E10 - Ring of Fire [Bluray-1080p][AC3 2.0][x264]-YELLOWBiRD.mkv,3282,1080p/Bluray/DD/AVC,3.27,/mnt/synology/rs-tv/Knight Rider (1982) {tvdb-77216}/Season 02/Knight Rider (1982) - S02E10 - Ring of Fire [Bluray-1080p][AC3 2.0][x264]-YELLOWBiRD.mkv
Knight Rider (1982) {tvdb-77216}/Season 02/S02E10,REMOVE,Knight Rider (1982) - S02E10 - Ring of Fire [HDTV-720p][AC3 2.0][x264].mkv,471,720p/HDTV/DD/AVC,2.18,/mnt/synology/rs-tv/Knight Rider (1982) {tvdb-77216}/Season 02/Knight Rider (1982) - S02E10 - Ring of Fire [HDTV-720p][AC3 2.0][x264].mkv
Knight Rider (1982) {tvdb-77216}/Season 02/S02E11,KEEP,Knight Rider (1982) - S02E11 - Knightmares [Bluray-1080p][AC3 2.0][x264]-YELLOWBiRD.mkv,3282,1080p/Bluray/DD/AVC,3.27,/mnt/synology/rs-tv/Knight Rider (1982) {tvdb-77216}/Season 02/Knight Rider (1982) - S02E11 - Knightmares [Bluray-1080p][AC3 2.0][x264]-YELLOWBiRD.mkv
Knight Rider (1982) {tvdb-77216}/Season 02/S02E11,REMOVE,Knight Rider (1982) - S02E11 - Knightmares [HDTV-720p][AC3 2.0][x264].mkv,471,720p/HDTV/DD/AVC,2.18,/mnt/synology/rs-tv/Knight Rider (1982) {tvdb-77216}/Season 02/Knight Rider (1982) - S02E11 - Knightmares [HDTV-720p][AC3 2.0][x264].mkv
Knight Rider (1982) {tvdb-77216}/Season 02/S02E12,KEEP,Knight Rider (1982) - S02E12 - Silent Knight [Bluray-1080p][AC3 2.0][x264]-YELLOWBiRD.mkv,3282,1080p/Bluray/DD/AVC,3.27,/mnt/synology/rs-tv/Knight Rider (1982) {tvdb-77216}/Season 02/Knight Rider (1982) - S02E12 - Silent Knight [Bluray-1080p][AC3 2.0][x264]-YELLOWBiRD.mkv
Knight Rider (1982) {tvdb-77216}/Season 02/S02E12,REMOVE,Knight Rider (1982) - S02E12 - Silent Knight [HDTV-720p][AC3 2.0][x264].mkv,471,720p/HDTV/DD/AVC,2.18,/mnt/synology/rs-tv/Knight Rider (1982) {tvdb-77216}/Season 02/Knight Rider (1982) - S02E12 - Silent Knight [HDTV-720p][AC3 2.0][x264].mkv
Knight Rider (1982) {tvdb-77216}/Season 02/S02E13,KEEP,Knight Rider (1982) - S02E13 - A Knight in Shining Armor [Bluray-1080p][AC3 2.0][x264]-YELLOWBiRD.mkv,3282,1080p/Bluray/DD/AVC,3.27,/mnt/synology/rs-tv/Knight Rider (1982) {tvdb-77216}/Season 02/Knight Rider (1982) - S02E13 - A Knight in Shining Armor [Bluray-1080p][AC3 2.0][x264]-YELLOWBiRD.mkv
Knight Rider (1982) {tvdb-77216}/Season 02/S02E13,REMOVE,Knight Rider (1982) - S02E13 - A Knight in Shining Armor [HDTV-720p][AC3 2.0][x264].mkv,471,720p/HDTV/DD/AVC,2.18,/mnt/synology/rs-tv/Knight Rider (1982) {tvdb-77216}/Season 02/Knight Rider (1982) - S02E13 - A Knight in Shining Armor [HDTV-720p][AC3 2.0][x264].mkv
Knight Rider (1982) {tvdb-77216}/Season 02/S02E14,KEEP,Knight Rider (1982) - S02E14 - Diamonds Arent a Girls Best Friend [Bluray-1080p][AC3 2.0][x264]-YELLOWBiRD.mkv,3282,1080p/Bluray/DD/AVC,3.27,/mnt/synology/rs-tv/Knight Rider (1982) {tvdb-77216}/Season 02/Knight Rider (1982) - S02E14 - Diamonds Arent a Girls Best Friend [Bluray-1080p][AC3 2.0][x264]-YELLOWBiRD.mkv
Knight Rider (1982) {tvdb-77216}/Season 02/S02E14,REMOVE,Knight Rider (1982) - S02E14 - Diamonds Arent a Girls Best Friend [HDTV-720p][AC3 2.0][x264].mkv,471,720p/HDTV/DD/AVC,2.18,/mnt/synology/rs-tv/Knight Rider (1982) {tvdb-77216}/Season 02/Knight Rider (1982) - S02E14 - Diamonds Arent a Girls Best Friend [HDTV-720p][AC3 2.0][x264].mkv
Knight Rider (1982) {tvdb-77216}/Season 02/S02E15,KEEP,Knight Rider (1982) - S02E15 - White-Line Warriors [Bluray-1080p][AC3 2.0][x264]-YELLOWBiRD.mkv,3282,1080p/Bluray/DD/AVC,3.27,/mnt/synology/rs-tv/Knight Rider (1982) {tvdb-77216}/Season 02/Knight Rider (1982) - S02E15 - White-Line Warriors [Bluray-1080p][AC3 2.0][x264]-YELLOWBiRD.mkv
Knight Rider (1982) {tvdb-77216}/Season 02/S02E15,REMOVE,Knight Rider (1982) - S02E15 - White-Line Warriors [HDTV-720p][AC3 2.0][x264]-Line.mkv,471,720p/HDTV/DD/AVC,2.18,/mnt/synology/rs-tv/Knight Rider (1982) {tvdb-77216}/Season 02/Knight Rider (1982) - S02E15 - White-Line Warriors [HDTV-720p][AC3 2.0][x264]-Line.mkv
Knight Rider (1982) {tvdb-77216}/Season 02/S02E16,KEEP,Knight Rider (1982) - S02E16 - Race for Life [Bluray-1080p][AC3 2.0][x264]-YELLOWBiRD.mkv,3282,1080p/Bluray/DD/AVC,3.27,/mnt/synology/rs-tv/Knight Rider (1982) {tvdb-77216}/Season 02/Knight Rider (1982) - S02E16 - Race for Life [Bluray-1080p][AC3 2.0][x264]-YELLOWBiRD.mkv
Knight Rider (1982) {tvdb-77216}/Season 02/S02E16,REMOVE,Knight Rider (1982) - S02E16 - Race for Life [HDTV-720p][AC3 2.0][x264].mkv,471,720p/HDTV/DD/AVC,2.18,/mnt/synology/rs-tv/Knight Rider (1982) {tvdb-77216}/Season 02/Knight Rider (1982) - S02E16 - Race for Life [HDTV-720p][AC3 2.0][x264].mkv
Knight Rider (1982) {tvdb-77216}/Season 02/S02E17,KEEP,Knight Rider (1982) - S02E17 - Speed Demons [Bluray-1080p][AC3 2.0][x264]-YELLOWBiRD.mkv,3282,1080p/Bluray/DD/AVC,3.27,/mnt/synology/rs-tv/Knight Rider (1982) {tvdb-77216}/Season 02/Knight Rider (1982) - S02E17 - Speed Demons [Bluray-1080p][AC3 2.0][x264]-YELLOWBiRD.mkv
Knight Rider (1982) {tvdb-77216}/Season 02/S02E17,REMOVE,Knight Rider (1982) - S02E17 - Speed Demons [HDTV-720p][AC3 2.0][x264].mkv,471,720p/HDTV/DD/AVC,2.18,/mnt/synology/rs-tv/Knight Rider (1982) {tvdb-77216}/Season 02/Knight Rider (1982) - S02E17 - Speed Demons [HDTV-720p][AC3 2.0][x264].mkv
Knight Rider (1982) {tvdb-77216}/Season 02/S02E18,KEEP,Knight Rider (1982) - S02E18-E19 - Goliath Returns [Bluray-1080p][AC3 2.0][x264]-YELLOWBiRD.mkv,3315,1080p/Bluray/DD/AVC,6.55,/mnt/synology/rs-tv/Knight Rider (1982) {tvdb-77216}/Season 02/Knight Rider (1982) - S02E18-E19 - Goliath Returns [Bluray-1080p][AC3 2.0][x264]-YELLOWBiRD.mkv
Knight Rider (1982) {tvdb-77216}/Season 02/S02E18,REMOVE,Knight Rider (1982) - S02E18-E19 - Goliath Returns [HDTV-720p][AC3 2.0][x264].mkv,482,720p/HDTV/DD/AVC,3.27,/mnt/synology/rs-tv/Knight Rider (1982) {tvdb-77216}/Season 02/Knight Rider (1982) - S02E18-E19 - Goliath Returns [HDTV-720p][AC3 2.0][x264].mkv
Knight Rider (1982) {tvdb-77216}/Season 02/S02E20,KEEP,Knight Rider (1982) - S02E20 - A Good Knights Work [Bluray-1080p][AC3 2.0][x264]-YELLOWBiRD.mkv,3282,1080p/Bluray/DD/AVC,3.27,/mnt/synology/rs-tv/Knight Rider (1982) {tvdb-77216}/Season 02/Knight Rider (1982) - S02E20 - A Good Knights Work [Bluray-1080p][AC3 2.0][x264]-YELLOWBiRD.mkv
Knight Rider (1982) {tvdb-77216}/Season 02/S02E20,REMOVE,Knight Rider (1982) - S02E20 - A Good Knights Work [HDTV-720p][AC3 2.0][x264].mkv,471,720p/HDTV/DD/AVC,2.18,/mnt/synology/rs-tv/Knight Rider (1982) {tvdb-77216}/Season 02/Knight Rider (1982) - S02E20 - A Good Knights Work [HDTV-720p][AC3 2.0][x264].mkv
Knight Rider (1982) {tvdb-77216}/Season 02/S02E21,KEEP,Knight Rider (1982) - S02E21-E22 - Mouth of the Snake a.k.a. All That Glitters [Bluray-1080p][AC3 2.0][x264]-YELLOWBiRD.mkv,3315,1080p/Bluray/DD/AVC,6.55,/mnt/synology/rs-tv/Knight Rider (1982) {tvdb-77216}/Season 02/Knight Rider (1982) - S02E21-E22 - Mouth of the Snake a.k.a. All That Glitters [Bluray-1080p][AC3 2.0][x264]-YELLOWBiRD.mkv
Knight Rider (1982) {tvdb-77216}/Season 02/S02E21,REMOVE,Knight Rider (1982) - S02E21-E22 - Mouth of the Snake a.k.a. All That Glitters [HDTV-720p][AC3 2.0][x264].mkv,482,720p/HDTV/DD/AVC,3.27,/mnt/synology/rs-tv/Knight Rider (1982) {tvdb-77216}/Season 02/Knight Rider (1982) - S02E21-E22 - Mouth of the Snake a.k.a. All That Glitters [HDTV-720p][AC3 2.0][x264].mkv
Knight Rider (1982) {tvdb-77216}/Season 02/S02E23,KEEP,Knight Rider (1982) - S02E23 - Let It Be Me [Bluray-1080p][AC3 2.0][x264]-YELLOWBiRD.mkv,3282,1080p/Bluray/DD/AVC,3.27,/mnt/synology/rs-tv/Knight Rider (1982) {tvdb-77216}/Season 02/Knight Rider (1982) - S02E23 - Let It Be Me [Bluray-1080p][AC3 2.0][x264]-YELLOWBiRD.mkv
Knight Rider (1982) {tvdb-77216}/Season 02/S02E23,REMOVE,Knight Rider (1982) - S02E23 - Let It Be Me [HDTV-720p][AC3 2.0][x264].mkv,471,720p/HDTV/DD/AVC,2.18,/mnt/synology/rs-tv/Knight Rider (1982) {tvdb-77216}/Season 02/Knight Rider (1982) - S02E23 - Let It Be Me [HDTV-720p][AC3 2.0][x264].mkv
Knight Rider (1982) {tvdb-77216}/Season 02/S02E24,KEEP,Knight Rider (1982) - S02E24 - Big Iron [Bluray-1080p][AC3 2.0][x264]-YELLOWBiRD.mkv,3282,1080p/Bluray/DD/AVC,3.27,/mnt/synology/rs-tv/Knight Rider (1982) {tvdb-77216}/Season 02/Knight Rider (1982) - S02E24 - Big Iron [Bluray-1080p][AC3 2.0][x264]-YELLOWBiRD.mkv
Knight Rider (1982) {tvdb-77216}/Season 02/S02E24,REMOVE,Knight Rider (1982) - S02E24 - Big Iron [HDTV-720p][AC3 2.0][x264].mkv,471,720p/HDTV/DD/AVC,2.18,/mnt/synology/rs-tv/Knight Rider (1982) {tvdb-77216}/Season 02/Knight Rider (1982) - S02E24 - Big Iron [HDTV-720p][AC3 2.0][x264].mkv
Knight Rider (1982) {tvdb-77216}/Season 03/S03E04,KEEP,Knight Rider (1982) - S03E04 - Knights of the Fast Lane [Bluray-1080p][AC3 2.0][x264]-YELLOWBiRD.mkv,3282,1080p/Bluray/DD/AVC,3.27,/mnt/synology/rs-tv/Knight Rider (1982) {tvdb-77216}/Season 03/Knight Rider (1982) - S03E04 - Knights of the Fast Lane [Bluray-1080p][AC3 2.0][x264]-YELLOWBiRD.mkv
Knight Rider (1982) {tvdb-77216}/Season 03/S03E04,REMOVE,Knight Rider (1982) - S03E04 - Knights of the Fast Lane [HDTV-720p][AC3 2.0][x264].mkv,471,720p/HDTV/DD/AVC,2.18,/mnt/synology/rs-tv/Knight Rider (1982) {tvdb-77216}/Season 03/Knight Rider (1982) - S03E04 - Knights of the Fast Lane [HDTV-720p][AC3 2.0][x264].mkv
Knight Rider (1982) {tvdb-77216}/Season 03/S03E05,KEEP,Knight Rider (1982) - S03E05 - Halloween Knight [Bluray-1080p][AC3 2.0][x264]-YELLOWBiRD.mkv,3282,1080p/Bluray/DD/AVC,3.27,/mnt/synology/rs-tv/Knight Rider (1982) {tvdb-77216}/Season 03/Knight Rider (1982) - S03E05 - Halloween Knight [Bluray-1080p][AC3 2.0][x264]-YELLOWBiRD.mkv
Knight Rider (1982) {tvdb-77216}/Season 03/S03E05,REMOVE,Knight Rider (1982) - S03E05 - Halloween Knight [HDTV-720p][AC3 2.0][x264].mkv,471,720p/HDTV/DD/AVC,2.18,/mnt/synology/rs-tv/Knight Rider (1982) {tvdb-77216}/Season 03/Knight Rider (1982) - S03E05 - Halloween Knight [HDTV-720p][AC3 2.0][x264].mkv
Knight Rider (1982) {tvdb-77216}/Season 03/S03E06,KEEP,Knight Rider (1982) - S03E06 - K.I.T.T. vs. K.A.R.R [Bluray-1080p][AC3 2.0][x264]-YELLOWBiRD.mkv,3282,1080p/Bluray/DD/AVC,3.27,/mnt/synology/rs-tv/Knight Rider (1982) {tvdb-77216}/Season 03/Knight Rider (1982) - S03E06 - K.I.T.T. vs. K.A.R.R [Bluray-1080p][AC3 2.0][x264]-YELLOWBiRD.mkv
Knight Rider (1982) {tvdb-77216}/Season 03/S03E06,REMOVE,Knight Rider (1982) - S03E06 - K.I.T.T. vs. K.A.R.R [HDTV-720p][AC3 2.0][x264].mkv,471,720p/HDTV/DD/AVC,2.18,/mnt/synology/rs-tv/Knight Rider (1982) {tvdb-77216}/Season 03/Knight Rider (1982) - S03E06 - K.I.T.T. vs. K.A.R.R [HDTV-720p][AC3 2.0][x264].mkv
Knight Rider (1982) {tvdb-77216}/Season 03/S03E07,KEEP,Knight Rider (1982) - S03E07 - The Rotten Apples [Bluray-1080p][AC3 2.0][x264]-YELLOWBiRD.mkv,3282,1080p/Bluray/DD/AVC,3.27,/mnt/synology/rs-tv/Knight Rider (1982) {tvdb-77216}/Season 03/Knight Rider (1982) - S03E07 - The Rotten Apples [Bluray-1080p][AC3 2.0][x264]-YELLOWBiRD.mkv
Knight Rider (1982) {tvdb-77216}/Season 03/S03E07,REMOVE,Knight Rider (1982) - S03E07 - The Rotten Apples [HDTV-720p][AC3 2.0][x264].mkv,471,720p/HDTV/DD/AVC,2.18,/mnt/synology/rs-tv/Knight Rider (1982) {tvdb-77216}/Season 03/Knight Rider (1982) - S03E07 - The Rotten Apples [HDTV-720p][AC3 2.0][x264].mkv
Knight Rider (1982) {tvdb-77216}/Season 03/S03E08,KEEP,Knight Rider (1982) - S03E08 - Knight in Disgrace [Bluray-1080p][AC3 2.0][x264]-YELLOWBiRD.mkv,3282,1080p/Bluray/DD/AVC,3.27,/mnt/synology/rs-tv/Knight Rider (1982) {tvdb-77216}/Season 03/Knight Rider (1982) - S03E08 - Knight in Disgrace [Bluray-1080p][AC3 2.0][x264]-YELLOWBiRD.mkv
Knight Rider (1982) {tvdb-77216}/Season 03/S03E08,REMOVE,Knight Rider (1982) - S03E08 - Knight in Disgrace [HDTV-720p][AC3 2.0][x264].mkv,471,720p/HDTV/DD/AVC,2.18,/mnt/synology/rs-tv/Knight Rider (1982) {tvdb-77216}/Season 03/Knight Rider (1982) - S03E08 - Knight in Disgrace [HDTV-720p][AC3 2.0][x264].mkv
Knight Rider (1982) {tvdb-77216}/Season 03/S03E09,KEEP,Knight Rider (1982) - S03E09 - Dead of Knight [Bluray-1080p][AC3 2.0][x264]-YELLOWBiRD.mkv,3282,1080p/Bluray/DD/AVC,3.27,/mnt/synology/rs-tv/Knight Rider (1982) {tvdb-77216}/Season 03/Knight Rider (1982) - S03E09 - Dead of Knight [Bluray-1080p][AC3 2.0][x264]-YELLOWBiRD.mkv
Knight Rider (1982) {tvdb-77216}/Season 03/S03E09,REMOVE,Knight Rider (1982) - S03E09 - Dead of Knight [HDTV-720p][AC3 2.0][x264].mkv,471,720p/HDTV/DD/AVC,2.18,/mnt/synology/rs-tv/Knight Rider (1982) {tvdb-77216}/Season 03/Knight Rider (1982) - S03E09 - Dead of Knight [HDTV-720p][AC3 2.0][x264].mkv
Knight Rider (1982) {tvdb-77216}/Season 03/S03E10,KEEP,Knight Rider (1982) - S03E10 - Lost Knight [Bluray-1080p][AC3 2.0][x264]-YELLOWBiRD.mkv,3282,1080p/Bluray/DD/AVC,3.27,/mnt/synology/rs-tv/Knight Rider (1982) {tvdb-77216}/Season 03/Knight Rider (1982) - S03E10 - Lost Knight [Bluray-1080p][AC3 2.0][x264]-YELLOWBiRD.mkv
Knight Rider (1982) {tvdb-77216}/Season 03/S03E10,REMOVE,Knight Rider (1982) - S03E10 - Lost Knight [HDTV-720p][AC3 2.0][x264].mkv,471,720p/HDTV/DD/AVC,2.18,/mnt/synology/rs-tv/Knight Rider (1982) {tvdb-77216}/Season 03/Knight Rider (1982) - S03E10 - Lost Knight [HDTV-720p][AC3 2.0][x264].mkv
Knight Rider (1982) {tvdb-77216}/Season 03/S03E11,KEEP,Knight Rider (1982) - S03E11 - Knight of the Chameleon [Bluray-1080p][AC3 2.0][x264]-YELLOWBiRD.mkv,3282,1080p/Bluray/DD/AVC,3.27,/mnt/synology/rs-tv/Knight Rider (1982) {tvdb-77216}/Season 03/Knight Rider (1982) - S03E11 - Knight of the Chameleon [Bluray-1080p][AC3 2.0][x264]-YELLOWBiRD.mkv
Knight Rider (1982) {tvdb-77216}/Season 03/S03E11,REMOVE,Knight Rider (1982) - S03E11 - Knight of the Chameleon [HDTV-720p][AC3 2.0][x264].mkv,471,720p/HDTV/DD/AVC,2.18,/mnt/synology/rs-tv/Knight Rider (1982) {tvdb-77216}/Season 03/Knight Rider (1982) - S03E11 - Knight of the Chameleon [HDTV-720p][AC3 2.0][x264].mkv
Knight Rider (1982) {tvdb-77216}/Season 03/S03E12,KEEP,Knight Rider (1982) - S03E12 - Custom Made Killer [Bluray-1080p][AC3 2.0][x264]-YELLOWBiRD.mkv,3282,1080p/Bluray/DD/AVC,3.27,/mnt/synology/rs-tv/Knight Rider (1982) {tvdb-77216}/Season 03/Knight Rider (1982) - S03E12 - Custom Made Killer [Bluray-1080p][AC3 2.0][x264]-YELLOWBiRD.mkv
Knight Rider (1982) {tvdb-77216}/Season 03/S03E12,REMOVE,Knight Rider (1982) - S03E12 - Custom Made Killer [HDTV-720p][AC3 2.0][x264].mkv,471,720p/HDTV/DD/AVC,2.18,/mnt/synology/rs-tv/Knight Rider (1982) {tvdb-77216}/Season 03/Knight Rider (1982) - S03E12 - Custom Made Killer [HDTV-720p][AC3 2.0][x264].mkv
Knight Rider (1982) {tvdb-77216}/Season 03/S03E13,KEEP,Knight Rider (1982) - S03E13 - Knight by a Nose [Bluray-1080p][AC3 2.0][x264]-YELLOWBiRD.mkv,3282,1080p/Bluray/DD/AVC,3.27,/mnt/synology/rs-tv/Knight Rider (1982) {tvdb-77216}/Season 03/Knight Rider (1982) - S03E13 - Knight by a Nose [Bluray-1080p][AC3 2.0][x264]-YELLOWBiRD.mkv
Knight Rider (1982) {tvdb-77216}/Season 03/S03E13,REMOVE,Knight Rider (1982) - S03E13 - Knight by a Nose [HDTV-720p][AC3 2.0][x264].mkv,471,720p/HDTV/DD/AVC,2.18,/mnt/synology/rs-tv/Knight Rider (1982) {tvdb-77216}/Season 03/Knight Rider (1982) - S03E13 - Knight by a Nose [HDTV-720p][AC3 2.0][x264].mkv
Knight Rider (1982) {tvdb-77216}/Season 03/S03E14,KEEP,Knight Rider (1982) - S03E14 - Junk Yard Dog [Bluray-1080p][AC3 2.0][x264]-YELLOWBiRD.mkv,3282,1080p/Bluray/DD/AVC,3.27,/mnt/synology/rs-tv/Knight Rider (1982) {tvdb-77216}/Season 03/Knight Rider (1982) - S03E14 - Junk Yard Dog [Bluray-1080p][AC3 2.0][x264]-YELLOWBiRD.mkv
Knight Rider (1982) {tvdb-77216}/Season 03/S03E14,REMOVE,Knight Rider (1982) - S03E14 - Junk Yard Dog [HDTV-720p][AC3 2.0][x264].mkv,471,720p/HDTV/DD/AVC,2.18,/mnt/synology/rs-tv/Knight Rider (1982) {tvdb-77216}/Season 03/Knight Rider (1982) - S03E14 - Junk Yard Dog [HDTV-720p][AC3 2.0][x264].mkv
Knight Rider (1982) {tvdb-77216}/Season 03/S03E15,KEEP,Knight Rider (1982) - S03E15 - Buy Out [Bluray-1080p][AC3 2.0][x264]-YELLOWBiRD.mkv,3282,1080p/Bluray/DD/AVC,3.27,/mnt/synology/rs-tv/Knight Rider (1982) {tvdb-77216}/Season 03/Knight Rider (1982) - S03E15 - Buy Out [Bluray-1080p][AC3 2.0][x264]-YELLOWBiRD.mkv
Knight Rider (1982) {tvdb-77216}/Season 03/S03E15,REMOVE,Knight Rider (1982) - S03E15 - Buy Out [HDTV-720p][AC3 2.0][x264].mkv,471,720p/HDTV/DD/AVC,2.18,/mnt/synology/rs-tv/Knight Rider (1982) {tvdb-77216}/Season 03/Knight Rider (1982) - S03E15 - Buy Out [HDTV-720p][AC3 2.0][x264].mkv
Knight Rider (1982) {tvdb-77216}/Season 03/S03E16,KEEP,Knight Rider (1982) - S03E16 - Knightlines [Bluray-1080p][AC3 2.0][x264]-YELLOWBiRD.mkv,3282,1080p/Bluray/DD/AVC,3.27,/mnt/synology/rs-tv/Knight Rider (1982) {tvdb-77216}/Season 03/Knight Rider (1982) - S03E16 - Knightlines [Bluray-1080p][AC3 2.0][x264]-YELLOWBiRD.mkv
Knight Rider (1982) {tvdb-77216}/Season 03/S03E16,REMOVE,Knight Rider (1982) - S03E16 - Knightlines [HDTV-720p][AC3 2.0][x264].mkv,471,720p/HDTV/DD/AVC,2.18,/mnt/synology/rs-tv/Knight Rider (1982) {tvdb-77216}/Season 03/Knight Rider (1982) - S03E16 - Knightlines [HDTV-720p][AC3 2.0][x264].mkv
Knight Rider (1982) {tvdb-77216}/Season 03/S03E17,KEEP,Knight Rider (1982) - S03E17 - The Nineteenth Hole [Bluray-1080p][AC3 2.0][x264]-YELLOWBiRD.mkv,3282,1080p/Bluray/DD/AVC,3.27,/mnt/synology/rs-tv/Knight Rider (1982) {tvdb-77216}/Season 03/Knight Rider (1982) - S03E17 - The Nineteenth Hole [Bluray-1080p][AC3 2.0][x264]-YELLOWBiRD.mkv
Knight Rider (1982) {tvdb-77216}/Season 03/S03E17,REMOVE,Knight Rider (1982) - S03E17 - The Nineteenth Hole [HDTV-720p][AC3 2.0][x264].mkv,471,720p/HDTV/DD/AVC,2.18,/mnt/synology/rs-tv/Knight Rider (1982) {tvdb-77216}/Season 03/Knight Rider (1982) - S03E17 - The Nineteenth Hole [HDTV-720p][AC3 2.0][x264].mkv
Knight Rider (1982) {tvdb-77216}/Season 03/S03E18,KEEP,Knight Rider (1982) - S03E18 - Knight and Knerd [Bluray-1080p][AC3 2.0][x264]-YELLOWBiRD.mkv,3282,1080p/Bluray/DD/AVC,3.27,/mnt/synology/rs-tv/Knight Rider (1982) {tvdb-77216}/Season 03/Knight Rider (1982) - S03E18 - Knight and Knerd [Bluray-1080p][AC3 2.0][x264]-YELLOWBiRD.mkv
Knight Rider (1982) {tvdb-77216}/Season 03/S03E18,REMOVE,Knight Rider (1982) - S03E18 - Knight and Knerd [HDTV-720p][AC3 2.0][x264].mkv,471,720p/HDTV/DD/AVC,2.18,/mnt/synology/rs-tv/Knight Rider (1982) {tvdb-77216}/Season 03/Knight Rider (1982) - S03E18 - Knight and Knerd [HDTV-720p][AC3 2.0][x264].mkv
Knight Rider (1982) {tvdb-77216}/Season 03/S03E19,KEEP,Knight Rider (1982) - S03E19 - Ten Wheel Trouble [Bluray-1080p][AC3 2.0][x264]-YELLOWBiRD.mkv,3282,1080p/Bluray/DD/AVC,3.27,/mnt/synology/rs-tv/Knight Rider (1982) {tvdb-77216}/Season 03/Knight Rider (1982) - S03E19 - Ten Wheel Trouble [Bluray-1080p][AC3 2.0][x264]-YELLOWBiRD.mkv
Knight Rider (1982) {tvdb-77216}/Season 03/S03E19,REMOVE,Knight Rider (1982) - S03E19 - Ten Wheel Trouble [HDTV-720p][AC3 2.0][x264].mkv,471,720p/HDTV/DD/AVC,2.18,/mnt/synology/rs-tv/Knight Rider (1982) {tvdb-77216}/Season 03/Knight Rider (1982) - S03E19 - Ten Wheel Trouble [HDTV-720p][AC3 2.0][x264].mkv
Knight Rider (1982) {tvdb-77216}/Season 04/S04E01,KEEP,Knight Rider (1982) - S04E01-E02 - Knight of the Juggernaut [Bluray-1080p][AC3 2.0][x264]-YELLOWBiRD.mkv,3315,1080p/Bluray/DD/AVC,6.55,/mnt/synology/rs-tv/Knight Rider (1982) {tvdb-77216}/Season 04/Knight Rider (1982) - S04E01-E02 - Knight of the Juggernaut [Bluray-1080p][AC3 2.0][x264]-YELLOWBiRD.mkv
Knight Rider (1982) {tvdb-77216}/Season 04/S04E01,REMOVE,Knight Rider (1982) - S04E01 - Knight of the Juggernaut 1 [HDTV-720p][DTS 2.0][x264].mkv,585,720p/HDTV/DTS/AVC,3.59,/mnt/synology/rs-tv/Knight Rider (1982) {tvdb-77216}/Season 04/Knight Rider (1982) - S04E01 - Knight of the Juggernaut 1 [HDTV-720p][DTS 2.0][x264].mkv
Knight Rider (1982) {tvdb-77216}/Season 04/S04E03,KEEP,Knight Rider (1982) - S04E03 - KITTnap [Bluray-1080p][AC3 2.0][x264]-YELLOWBiRD.mkv,3282,1080p/Bluray/DD/AVC,3.27,/mnt/synology/rs-tv/Knight Rider (1982) {tvdb-77216}/Season 04/Knight Rider (1982) - S04E03 - KITTnap [Bluray-1080p][AC3 2.0][x264]-YELLOWBiRD.mkv
Knight Rider (1982) {tvdb-77216}/Season 04/S04E03,REMOVE,Knight Rider (1982) - S04E03 - KITTnap [HDTV-720p][DTS 2.0][x264].mkv,580,720p/HDTV/DTS/AVC,3.03,/mnt/synology/rs-tv/Knight Rider (1982) {tvdb-77216}/Season 04/Knight Rider (1982) - S04E03 - KITTnap [HDTV-720p][DTS 2.0][x264].mkv
Knight Rider (1982) {tvdb-77216}/Season 04/S04E04,KEEP,Knight Rider (1982) - S04E04 - Sky Knight [Bluray-1080p][AC3 2.0][x264]-YELLOWBiRD.mkv,3282,1080p/Bluray/DD/AVC,3.27,/mnt/synology/rs-tv/Knight Rider (1982) {tvdb-77216}/Season 04/Knight Rider (1982) - S04E04 - Sky Knight [Bluray-1080p][AC3 2.0][x264]-YELLOWBiRD.mkv
Knight Rider (1982) {tvdb-77216}/Season 04/S04E04,REMOVE,Knight Rider (1982) - S04E04 - Sky Knight [HDTV-720p][DTS 2.0][x264].mkv,583,720p/HDTV/DTS/AVC,3.35,/mnt/synology/rs-tv/Knight Rider (1982) {tvdb-77216}/Season 04/Knight Rider (1982) - S04E04 - Sky Knight [HDTV-720p][DTS 2.0][x264].mkv
Knight Rider (1982) {tvdb-77216}/Season 04/S04E05,KEEP,Knight Rider (1982) - S04E05 - Burial Ground [Bluray-1080p][AC3 2.0][x264]-YELLOWBiRD.mkv,3282,1080p/Bluray/DD/AVC,3.27,/mnt/synology/rs-tv/Knight Rider (1982) {tvdb-77216}/Season 04/Knight Rider (1982) - S04E05 - Burial Ground [Bluray-1080p][AC3 2.0][x264]-YELLOWBiRD.mkv
Knight Rider (1982) {tvdb-77216}/Season 04/S04E05,REMOVE,Knight Rider (1982) - S04E05 - Burial Ground [HDTV-720p][DTS 2.0][x264].mkv,573,720p/HDTV/DTS/AVC,2.39,/mnt/synology/rs-tv/Knight Rider (1982) {tvdb-77216}/Season 04/Knight Rider (1982) - S04E05 - Burial Ground [HDTV-720p][DTS 2.0][x264].mkv
Knight Rider (1982) {tvdb-77216}/Season 04/S04E06,KEEP,Knight Rider (1982) - S04E06 - The Wrong Crowd [Bluray-1080p][AC3 2.0][x264]-YELLOWBiRD.mkv,3282,1080p/Bluray/DD/AVC,3.27,/mnt/synology/rs-tv/Knight Rider (1982) {tvdb-77216}/Season 04/Knight Rider (1982) - S04E06 - The Wrong Crowd [Bluray-1080p][AC3 2.0][x264]-YELLOWBiRD.mkv
Knight Rider (1982) {tvdb-77216}/Season 04/S04E06,REMOVE,Knight Rider (1982) - S04E06 - The Wrong Crowd [HDTV-720p][DTS 2.0][x264].mkv,579,720p/HDTV/DTS/AVC,2.90,/mnt/synology/rs-tv/Knight Rider (1982) {tvdb-77216}/Season 04/Knight Rider (1982) - S04E06 - The Wrong Crowd [HDTV-720p][DTS 2.0][x264].mkv
Knight Rider (1982) {tvdb-77216}/Season 04/S04E07,KEEP,Knight Rider (1982) - S04E07 - Knight Sting [Bluray-1080p][AC3 2.0][x264]-YELLOWBiRD.mkv,3282,1080p/Bluray/DD/AVC,3.27,/mnt/synology/rs-tv/Knight Rider (1982) {tvdb-77216}/Season 04/Knight Rider (1982) - S04E07 - Knight Sting [Bluray-1080p][AC3 2.0][x264]-YELLOWBiRD.mkv
Knight Rider (1982) {tvdb-77216}/Season 04/S04E07,REMOVE,Knight Rider (1982) - S04E07 - Knight Sting [HDTV-720p][DTS 2.0][x264].mkv,582,720p/HDTV/DTS/AVC,3.25,/mnt/synology/rs-tv/Knight Rider (1982) {tvdb-77216}/Season 04/Knight Rider (1982) - S04E07 - Knight Sting [HDTV-720p][DTS 2.0][x264].mkv
Knight Rider (1982) {tvdb-77216}/Season 04/S04E08,KEEP,Knight Rider (1982) - S04E08 - Many Happy Returns [Bluray-1080p][AC3 2.0][x264]-YELLOWBiRD.mkv,3282,1080p/Bluray/DD/AVC,3.27,/mnt/synology/rs-tv/Knight Rider (1982) {tvdb-77216}/Season 04/Knight Rider (1982) - S04E08 - Many Happy Returns [Bluray-1080p][AC3 2.0][x264]-YELLOWBiRD.mkv
Knight Rider (1982) {tvdb-77216}/Season 04/S04E08,REMOVE,Knight Rider (1982) - S04E08 - Many Happy Returns [HDTV-720p][DTS 2.0][x264].mkv,576,720p/HDTV/DTS/AVC,2.68,/mnt/synology/rs-tv/Knight Rider (1982) {tvdb-77216}/Season 04/Knight Rider (1982) - S04E08 - Many Happy Returns [HDTV-720p][DTS 2.0][x264].mkv
Knight Rider (1982) {tvdb-77216}/Season 04/S04E09,KEEP,Knight Rider (1982) - S04E09 - Knight Racer [Bluray-1080p][AC3 2.0][x264]-YELLOWBiRD.mkv,3282,1080p/Bluray/DD/AVC,3.27,/mnt/synology/rs-tv/Knight Rider (1982) {tvdb-77216}/Season 04/Knight Rider (1982) - S04E09 - Knight Racer [Bluray-1080p][AC3 2.0][x264]-YELLOWBiRD.mkv
Knight Rider (1982) {tvdb-77216}/Season 04/S04E09,REMOVE,Knight Rider (1982) - S04E09 - Knight Racer [HDTV-720p][DTS 2.0][x264].mkv,578,720p/HDTV/DTS/AVC,2.89,/mnt/synology/rs-tv/Knight Rider (1982) {tvdb-77216}/Season 04/Knight Rider (1982) - S04E09 - Knight Racer [HDTV-720p][DTS 2.0][x264].mkv
Knight Rider (1982) {tvdb-77216}/Season 04/S04E10,KEEP,Knight Rider (1982) - S04E10 - Knight Behind Bars [Bluray-1080p][AC3 2.0][x264]-YELLOWBiRD.mkv,3282,1080p/Bluray/DD/AVC,3.27,/mnt/synology/rs-tv/Knight Rider (1982) {tvdb-77216}/Season 04/Knight Rider (1982) - S04E10 - Knight Behind Bars [Bluray-1080p][AC3 2.0][x264]-YELLOWBiRD.mkv
Knight Rider (1982) {tvdb-77216}/Season 04/S04E10,REMOVE,Knight Rider (1982) - S04E10 - Knight Behind Bars [HDTV-720p][DTS 2.0][x264].mkv,580,720p/HDTV/DTS/AVC,3.04,/mnt/synology/rs-tv/Knight Rider (1982) {tvdb-77216}/Season 04/Knight Rider (1982) - S04E10 - Knight Behind Bars [HDTV-720p][DTS 2.0][x264].mkv
Knight Rider (1982) {tvdb-77216}/Season 04/S04E11,KEEP,Knight Rider (1982) - S04E11 - Knight Song [Bluray-1080p][AC3 2.0][x264]-YELLOWBiRD.mkv,3282,1080p/Bluray/DD/AVC,3.27,/mnt/synology/rs-tv/Knight Rider (1982) {tvdb-77216}/Season 04/Knight Rider (1982) - S04E11 - Knight Song [Bluray-1080p][AC3 2.0][x264]-YELLOWBiRD.mkv
Knight Rider (1982) {tvdb-77216}/Season 04/S04E11,REMOVE,Knight Rider (1982) - S04E11 - Knight Song [HDTV-720p][AC3 2.0][x264].mkv,471,720p/HDTV/DD/AVC,2.18,/mnt/synology/rs-tv/Knight Rider (1982) {tvdb-77216}/Season 04/Knight Rider (1982) - S04E11 - Knight Song [HDTV-720p][AC3 2.0][x264].mkv
Knight Rider (1982) {tvdb-77216}/Season 04/S04E12,KEEP,Knight Rider (1982) - S04E12 - The Scent of Roses [Bluray-1080p][AC3 2.0][x264]-YELLOWBiRD.mkv,3282,1080p/Bluray/DD/AVC,3.27,/mnt/synology/rs-tv/Knight Rider (1982) {tvdb-77216}/Season 04/Knight Rider (1982) - S04E12 - The Scent of Roses [Bluray-1080p][AC3 2.0][x264]-YELLOWBiRD.mkv
Knight Rider (1982) {tvdb-77216}/Season 04/S04E12,REMOVE,Knight Rider (1982) - S04E12 - The Scent of Roses [HDTV-720p][DTS 2.0][x264].mkv,577,720p/HDTV/DTS/AVC,2.73,/mnt/synology/rs-tv/Knight Rider (1982) {tvdb-77216}/Season 04/Knight Rider (1982) - S04E12 - The Scent of Roses [HDTV-720p][DTS 2.0][x264].mkv
Knight Rider (1982) {tvdb-77216}/Season 04/S04E13,KEEP,Knight Rider (1982) - S04E13 - Killer K.I.T.T [Bluray-1080p][AC3 2.0][x264]-YELLOWBiRD.mkv,3282,1080p/Bluray/DD/AVC,3.27,/mnt/synology/rs-tv/Knight Rider (1982) {tvdb-77216}/Season 04/Knight Rider (1982) - S04E13 - Killer K.I.T.T [Bluray-1080p][AC3 2.0][x264]-YELLOWBiRD.mkv
Knight Rider (1982) {tvdb-77216}/Season 04/S04E13,REMOVE,Knight Rider (1982) - S04E13 - Killer K.I.T.T [HDTV-720p][DTS 2.0][x264].mkv,580,720p/HDTV/DTS/AVC,3.02,/mnt/synology/rs-tv/Knight Rider (1982) {tvdb-77216}/Season 04/Knight Rider (1982) - S04E13 - Killer K.I.T.T [HDTV-720p][DTS 2.0][x264].mkv
Knight Rider (1982) {tvdb-77216}/Season 04/S04E14,KEEP,Knight Rider (1982) - S04E14 - Out of the Woods [Bluray-1080p][AC3 2.0][x264]-YELLOWBiRD.mkv,3282,1080p/Bluray/DD/AVC,3.27,/mnt/synology/rs-tv/Knight Rider (1982) {tvdb-77216}/Season 04/Knight Rider (1982) - S04E14 - Out of the Woods [Bluray-1080p][AC3 2.0][x264]-YELLOWBiRD.mkv
Knight Rider (1982) {tvdb-77216}/Season 04/S04E14,REMOVE,Knight Rider (1982) - S04E14 - Out of the Woods [HDTV-720p][DTS 2.0][x264].mkv,573,720p/HDTV/DTS/AVC,2.35,/mnt/synology/rs-tv/Knight Rider (1982) {tvdb-77216}/Season 04/Knight Rider (1982) - S04E14 - Out of the Woods [HDTV-720p][DTS 2.0][x264].mkv
Knight Rider (1982) {tvdb-77216}/Season 04/S04E15,KEEP,Knight Rider (1982) - S04E15 - Deadly Knightshade [Bluray-1080p][AC3 2.0][x264]-YELLOWBiRD.mkv,3282,1080p/Bluray/DD/AVC,3.27,/mnt/synology/rs-tv/Knight Rider (1982) {tvdb-77216}/Season 04/Knight Rider (1982) - S04E15 - Deadly Knightshade [Bluray-1080p][AC3 2.0][x264]-YELLOWBiRD.mkv
Knight Rider (1982) {tvdb-77216}/Season 04/S04E15,REMOVE,Knight Rider (1982) - S04E15 - Deadly Knightshade [HDTV-720p][DTS 2.0][x264].mkv,584,720p/HDTV/DTS/AVC,3.47,/mnt/synology/rs-tv/Knight Rider (1982) {tvdb-77216}/Season 04/Knight Rider (1982) - S04E15 - Deadly Knightshade [HDTV-720p][DTS 2.0][x264].mkv
Knight Rider (1982) {tvdb-77216}/Season 04/S04E16,KEEP,Knight Rider (1982) - S04E16 - Redemption of a Champion [Bluray-1080p][AC3 2.0][x264]-YELLOWBiRD.mkv,3282,1080p/Bluray/DD/AVC,3.27,/mnt/synology/rs-tv/Knight Rider (1982) {tvdb-77216}/Season 04/Knight Rider (1982) - S04E16 - Redemption of a Champion [Bluray-1080p][AC3 2.0][x264]-YELLOWBiRD.mkv
Knight Rider (1982) {tvdb-77216}/Season 04/S04E16,REMOVE,Knight Rider (1982) - S04E16 - Redemption of a Champion [HDTV-720p][DTS 2.0][x264].mkv,575,720p/HDTV/DTS/AVC,2.59,/mnt/synology/rs-tv/Knight Rider (1982) {tvdb-77216}/Season 04/Knight Rider (1982) - S04E16 - Redemption of a Champion [HDTV-720p][DTS 2.0][x264].mkv
Knight Rider (1982) {tvdb-77216}/Season 04/S04E17,KEEP,Knight Rider (1982) - S04E17 - Knight of a Thousand Devils [Bluray-1080p][AC3 2.0][x264]-YELLOWBiRD.mkv,3282,1080p/Bluray/DD/AVC,3.27,/mnt/synology/rs-tv/Knight Rider (1982) {tvdb-77216}/Season 04/Knight Rider (1982) - S04E17 - Knight of a Thousand Devils [Bluray-1080p][AC3 2.0][x264]-YELLOWBiRD.mkv
Knight Rider (1982) {tvdb-77216}/Season 04/S04E17,REMOVE,Knight Rider (1982) - S04E17 - Knight of a Thousand Devils [HDTV-720p][DTS 2.0][x264].mkv,574,720p/HDTV/DTS/AVC,2.46,/mnt/synology/rs-tv/Knight Rider (1982) {tvdb-77216}/Season 04/Knight Rider (1982) - S04E17 - Knight of a Thousand Devils [HDTV-720p][DTS 2.0][x264].mkv
Knight Rider (1982) {tvdb-77216}/Season 04/S04E18,KEEP,Knight Rider (1982) - S04E18 - Hills of Fire [Bluray-1080p][AC3 2.0][x264]-YELLOWBiRD.mkv,3282,1080p/Bluray/DD/AVC,3.27,/mnt/synology/rs-tv/Knight Rider (1982) {tvdb-77216}/Season 04/Knight Rider (1982) - S04E18 - Hills of Fire [Bluray-1080p][AC3 2.0][x264]-YELLOWBiRD.mkv
Knight Rider (1982) {tvdb-77216}/Season 04/S04E18,REMOVE,Knight Rider (1982) - S04E18 - Hills of Fire [HDTV-720p][AC3 2.0][x264].mkv,471,720p/HDTV/DD/AVC,2.18,/mnt/synology/rs-tv/Knight Rider (1982) {tvdb-77216}/Season 04/Knight Rider (1982) - S04E18 - Hills of Fire [HDTV-720p][AC3 2.0][x264].mkv
Knight Rider (1982) {tvdb-77216}/Season 04/S04E19,KEEP,Knight Rider (1982) - S04E19 - Knight Flight to Freedom [Bluray-1080p][AC3 2.0][x264]-YELLOWBiRD.mkv,3282,1080p/Bluray/DD/AVC,3.27,/mnt/synology/rs-tv/Knight Rider (1982) {tvdb-77216}/Season 04/Knight Rider (1982) - S04E19 - Knight Flight to Freedom [Bluray-1080p][AC3 2.0][x264]-YELLOWBiRD.mkv
Knight Rider (1982) {tvdb-77216}/Season 04/S04E19,REMOVE,Knight Rider (1982) - S04E19 - Knight Flight to Freedom [HDTV-720p][AC3 2.0][x264].mkv,471,720p/HDTV/DD/AVC,2.18,/mnt/synology/rs-tv/Knight Rider (1982) {tvdb-77216}/Season 04/Knight Rider (1982) - S04E19 - Knight Flight to Freedom [HDTV-720p][AC3 2.0][x264].mkv
Knight Rider (1982) {tvdb-77216}/Season 04/S04E20,KEEP,Knight Rider (1982) - S04E20 - Fright Knight [Bluray-1080p][AC3 2.0][x264]-YELLOWBiRD.mkv,3282,1080p/Bluray/DD/AVC,3.27,/mnt/synology/rs-tv/Knight Rider (1982) {tvdb-77216}/Season 04/Knight Rider (1982) - S04E20 - Fright Knight [Bluray-1080p][AC3 2.0][x264]-YELLOWBiRD.mkv
Knight Rider (1982) {tvdb-77216}/Season 04/S04E20,REMOVE,Knight Rider (1982) - S04E20 - Fright Knight [HDTV-720p][DTS 2.0][x264].mkv,575,720p/HDTV/DTS/AVC,2.54,/mnt/synology/rs-tv/Knight Rider (1982) {tvdb-77216}/Season 04/Knight Rider (1982) - S04E20 - Fright Knight [HDTV-720p][DTS 2.0][x264].mkv
Knight Rider (1982) {tvdb-77216}/Season 04/S04E21,KEEP,Knight Rider (1982) - S04E21 - Knight of the Rising Sun [Bluray-1080p][AC3 2.0][x264]-YELLOWBiRD.mkv,3282,1080p/Bluray/DD/AVC,3.27,/mnt/synology/rs-tv/Knight Rider (1982) {tvdb-77216}/Season 04/Knight Rider (1982) - S04E21 - Knight of the Rising Sun [Bluray-1080p][AC3 2.0][x264]-YELLOWBiRD.mkv
Knight Rider (1982) {tvdb-77216}/Season 04/S04E21,REMOVE,Knight Rider (1982) - S04E21 - Knight of the Rising Sun [HDTV-720p][AC3 2.0][x264].mkv,471,720p/HDTV/DD/AVC,2.18,/mnt/synology/rs-tv/Knight Rider (1982) {tvdb-77216}/Season 04/Knight Rider (1982) - S04E21 - Knight of the Rising Sun [HDTV-720p][AC3 2.0][x264].mkv
Knight Rider (1982) {tvdb-77216}/Season 04/S04E22,KEEP,Knight Rider (1982) - S04E22 - Voo Doo Knight [Bluray-1080p][AC3 2.0][x264]-YELLOWBiRD.mkv,3282,1080p/Bluray/DD/AVC,3.27,/mnt/synology/rs-tv/Knight Rider (1982) {tvdb-77216}/Season 04/Knight Rider (1982) - S04E22 - Voo Doo Knight [Bluray-1080p][AC3 2.0][x264]-YELLOWBiRD.mkv
Knight Rider (1982) {tvdb-77216}/Season 04/S04E22,REMOVE,Knight Rider (1982) - S04E22 - Voo Doo Knight [HDTV-720p][DTS 2.0][x264].mkv,575,720p/HDTV/DTS/AVC,2.54,/mnt/synology/rs-tv/Knight Rider (1982) {tvdb-77216}/Season 04/Knight Rider (1982) - S04E22 - Voo Doo Knight [HDTV-720p][DTS 2.0][x264].mkv
Locke & Key (2020) {tvdb-361594}/Season 03/S03E01,KEEP,Locke & Key (2020) - S03E01 - The Snow Globe [WEBDL-1080p Proper][EAC3 Atmos 5.1][x264].mkv,3861,1080p/WEBDL/Atmos/AVC,1.16,/mnt/synology/rs-tv/Locke & Key (2020) {tvdb-361594}/Season 03/Locke & Key (2020) - S03E01 - The Snow Globe [WEBDL-1080p Proper][EAC3 Atmos 5.1][x264].mkv
Locke & Key (2020) {tvdb-361594}/Season 03/S03E01,REMOVE,Locke & Key (2020) - S03E01 - The Snow Globe [NF][WEBDL-1080p][EAC3 Atmos 5.1][x264]-NTb.mkv,3861,1080p/WEBDL/Atmos/AVC,1.16,/mnt/synology/rs-tv/Locke & Key (2020) {tvdb-361594}/Season 03/Locke & Key (2020) - S03E01 - The Snow Globe [NF][WEBDL-1080p][EAC3 Atmos 5.1][x264]-NTb.mkv
Locke & Key (2020) {tvdb-361594}/Season 03/S03E02,KEEP,Locke & Key (2020) - S03E02 - Wedding Crashers [WEBDL-1080p Proper][EAC3 Atmos 5.1][x264].mkv,3861,1080p/WEBDL/Atmos/AVC,1.10,/mnt/synology/rs-tv/Locke & Key (2020) {tvdb-361594}/Season 03/Locke & Key (2020) - S03E02 - Wedding Crashers [WEBDL-1080p Proper][EAC3 Atmos 5.1][x264].mkv
Locke & Key (2020) {tvdb-361594}/Season 03/S03E02,REMOVE,Locke & Key (2020) - S03E02 - Wedding Crashers [NF][WEBDL-1080p][EAC3 Atmos 5.1][x264]-NTb.mkv,3861,1080p/WEBDL/Atmos/AVC,1.10,/mnt/synology/rs-tv/Locke & Key (2020) {tvdb-361594}/Season 03/Locke & Key (2020) - S03E02 - Wedding Crashers [NF][WEBDL-1080p][EAC3 Atmos 5.1][x264]-NTb.mkv
Locke & Key (2020) {tvdb-361594}/Season 03/S03E03,KEEP,Locke & Key (2020) - S03E03 - Five Minutes Past [WEBDL-1080p Proper][EAC3 Atmos 5.1][x264].mkv,3861,1080p/WEBDL/Atmos/AVC,1.16,/mnt/synology/rs-tv/Locke & Key (2020) {tvdb-361594}/Season 03/Locke & Key (2020) - S03E03 - Five Minutes Past [WEBDL-1080p Proper][EAC3 Atmos 5.1][x264].mkv
Locke & Key (2020) {tvdb-361594}/Season 03/S03E03,REMOVE,Locke & Key (2020) - S03E03 - Five Minutes Past [NF][WEBDL-1080p][EAC3 Atmos 5.1][x264]-NTb.mkv,3861,1080p/WEBDL/Atmos/AVC,1.16,/mnt/synology/rs-tv/Locke & Key (2020) {tvdb-361594}/Season 03/Locke & Key (2020) - S03E03 - Five Minutes Past [NF][WEBDL-1080p][EAC3 Atmos 5.1][x264]-NTb.mkv
Locke & Key (2020) {tvdb-361594}/Season 03/S03E04,KEEP,Locke & Key (2020) - S03E04 - Deep Cover [WEBDL-1080p Proper][EAC3 Atmos 5.1][x264].mkv,3862,1080p/WEBDL/Atmos/AVC,1.25,/mnt/synology/rs-tv/Locke & Key (2020) {tvdb-361594}/Season 03/Locke & Key (2020) - S03E04 - Deep Cover [WEBDL-1080p Proper][EAC3 Atmos 5.1][x264].mkv
Locke & Key (2020) {tvdb-361594}/Season 03/S03E04,REMOVE,Locke & Key (2020) - S03E04 - Deep Cover [NF][WEBDL-1080p][EAC3 Atmos 5.1][x264]-NTb.mkv,3862,1080p/WEBDL/Atmos/AVC,1.25,/mnt/synology/rs-tv/Locke & Key (2020) {tvdb-361594}/Season 03/Locke & Key (2020) - S03E04 - Deep Cover [NF][WEBDL-1080p][EAC3 Atmos 5.1][x264]-NTb.mkv
Locke & Key (2020) {tvdb-361594}/Season 03/S03E05,KEEP,Locke & Key (2020) - S03E05 - Siege [WEBDL-1080p Proper][EAC3 Atmos 5.1][x264].mkv,3862,1080p/WEBDL/Atmos/AVC,1.27,/mnt/synology/rs-tv/Locke & Key (2020) {tvdb-361594}/Season 03/Locke & Key (2020) - S03E05 - Siege [WEBDL-1080p Proper][EAC3 Atmos 5.1][x264].mkv
Locke & Key (2020) {tvdb-361594}/Season 03/S03E05,REMOVE,Locke & Key (2020) - S03E05 - Siege [NF][WEBDL-1080p][EAC3 Atmos 5.1][x264]-NTb.mkv,3862,1080p/WEBDL/Atmos/AVC,1.27,/mnt/synology/rs-tv/Locke & Key (2020) {tvdb-361594}/Season 03/Locke & Key (2020) - S03E05 - Siege [NF][WEBDL-1080p][EAC3 Atmos 5.1][x264]-NTb.mkv
Locke & Key (2020) {tvdb-361594}/Season 03/S03E06,KEEP,Locke & Key (2020) - S03E06 - Free Bird [WEBDL-1080p Proper][EAC3 Atmos 5.1][x264].mkv,3858,1080p/WEBDL/Atmos/AVC,0.88,/mnt/synology/rs-tv/Locke & Key (2020) {tvdb-361594}/Season 03/Locke & Key (2020) - S03E06 - Free Bird [WEBDL-1080p Proper][EAC3 Atmos 5.1][x264].mkv
Locke & Key (2020) {tvdb-361594}/Season 03/S03E06,REMOVE,Locke & Key (2020) - S03E06 - Free Bird [NF][WEBDL-1080p][EAC3 Atmos 5.1][x264]-NTb.mkv,3858,1080p/WEBDL/Atmos/AVC,0.88,/mnt/synology/rs-tv/Locke & Key (2020) {tvdb-361594}/Season 03/Locke & Key (2020) - S03E06 - Free Bird [NF][WEBDL-1080p][EAC3 Atmos 5.1][x264]-NTb.mkv
Locke & Key (2020) {tvdb-361594}/Season 03/S03E07,KEEP,Locke & Key (2020) - S03E07 - Curtain [WEBDL-1080p Proper][EAC3 Atmos 5.1][x264].mkv,3859,1080p/WEBDL/Atmos/AVC,0.93,/mnt/synology/rs-tv/Locke & Key (2020) {tvdb-361594}/Season 03/Locke & Key (2020) - S03E07 - Curtain [WEBDL-1080p Proper][EAC3 Atmos 5.1][x264].mkv
Locke & Key (2020) {tvdb-361594}/Season 03/S03E07,REMOVE,Locke & Key (2020) - S03E07 - Curtain [NF][WEBDL-1080p][EAC3 Atmos 5.1][x264]-NTb.mkv,3859,1080p/WEBDL/Atmos/AVC,0.93,/mnt/synology/rs-tv/Locke & Key (2020) {tvdb-361594}/Season 03/Locke & Key (2020) - S03E07 - Curtain [NF][WEBDL-1080p][EAC3 Atmos 5.1][x264]-NTb.mkv
Locke & Key (2020) {tvdb-361594}/Season 03/S03E08,KEEP,Locke & Key (2020) - S03E08 - Farewell [WEBDL-1080p Proper][EAC3 Atmos 5.1][x264].mkv,3861,1080p/WEBDL/Atmos/AVC,1.10,/mnt/synology/rs-tv/Locke & Key (2020) {tvdb-361594}/Season 03/Locke & Key (2020) - S03E08 - Farewell [WEBDL-1080p Proper][EAC3 Atmos 5.1][x264].mkv
Locke & Key (2020) {tvdb-361594}/Season 03/S03E08,REMOVE,Locke & Key (2020) - S03E08 - Farewell [NF][WEBDL-1080p][EAC3 Atmos 5.1][x264]-NTb.mkv,3861,1080p/WEBDL/Atmos/AVC,1.10,/mnt/synology/rs-tv/Locke & Key (2020) {tvdb-361594}/Season 03/Locke & Key (2020) - S03E08 - Farewell [NF][WEBDL-1080p][EAC3 Atmos 5.1][x264]-NTb.mkv
Murderbot (2025) {tvdb-443396}/Season 01/S01E01,KEEP,Murderbot (2025) - S01E01 - FreeCommerce [ATVP][WEBDL-1080p][EAC3 Atmos 5.1][h264]-FLUX.mkv,3872,1080p/WEBDL/Atmos/AVC,2.20,/mnt/synology/rs-tv/Murderbot (2025) {tvdb-443396}/Season 01/Murderbot (2025) - S01E01 - FreeCommerce [ATVP][WEBDL-1080p][EAC3 Atmos 5.1][h264]-FLUX.mkv
Murderbot (2025) {tvdb-443396}/Season 01/S01E01,REMOVE,Murderbot (2025) - S01E01 - FreeCommerce [WEBDL-1080p][EAC3 Atmos 5.1][h264]-ETHEL.mkv,3872,1080p/WEBDL/Atmos/AVC,2.20,/mnt/synology/rs-tv/Murderbot (2025) {tvdb-443396}/Season 01/Murderbot (2025) - S01E01 - FreeCommerce [WEBDL-1080p][EAC3 Atmos 5.1][h264]-ETHEL.mkv
Murderbot (2025) {tvdb-443396}/Season 01/S01E02,KEEP,Murderbot (2025) - S01E02 - Eye Contact [ATVP][WEBDL-1080p][EAC3 Atmos 5.1][h264]-FLUX.mkv,3868,1080p/WEBDL/Atmos/AVC,1.87,/mnt/synology/rs-tv/Murderbot (2025) {tvdb-443396}/Season 01/Murderbot (2025) - S01E02 - Eye Contact [ATVP][WEBDL-1080p][EAC3 Atmos 5.1][h264]-FLUX.mkv
Murderbot (2025) {tvdb-443396}/Season 01/S01E02,REMOVE,Murderbot (2025) - S01E02 - Eye Contact [WEBDL-1080p][EAC3 Atmos 5.1][h264]-SuccessfulCrab.mkv,3868,1080p/WEBDL/Atmos/AVC,1.87,/mnt/synology/rs-tv/Murderbot (2025) {tvdb-443396}/Season 01/Murderbot (2025) - S01E02 - Eye Contact [WEBDL-1080p][EAC3 Atmos 5.1][h264]-SuccessfulCrab.mkv
Murderbot (2025) {tvdb-443396}/Season 01/S01E03,KEEP,Murderbot (2025) - S01E03 - Risk Assessment [WEBDL-1080p][EAC3 Atmos 5.1][h264]-STC.mkv,3866,1080p/WEBDL/Atmos/AVC,1.70,/mnt/synology/rs-tv/Murderbot (2025) {tvdb-443396}/Season 01/Murderbot (2025) - S01E03 - Risk Assessment [WEBDL-1080p][EAC3 Atmos 5.1][h264]-STC.mkv
Murderbot (2025) {tvdb-443396}/Season 01/S01E03,REMOVE,Murderbot (2025) - S01E03 - Risk Assessment [ATVP][WEBDL-1080p][EAC3 Atmos 5.1][h264]-FLUX.mkv,3866,1080p/WEBDL/Atmos/AVC,1.70,/mnt/synology/rs-tv/Murderbot (2025) {tvdb-443396}/Season 01/Murderbot (2025) - S01E03 - Risk Assessment [ATVP][WEBDL-1080p][EAC3 Atmos 5.1][h264]-FLUX.mkv
Murderbot (2025) {tvdb-443396}/Season 01/S01E04,KEEP,Murderbot (2025) - S01E04 - Escape Velocity Protocol [ATVP][WEBDL-1080p][EAC3 Atmos 5.1][h264]-FLUX.mkv,3866,1080p/WEBDL/Atmos/AVC,1.66,/mnt/synology/rs-tv/Murderbot (2025) {tvdb-443396}/Season 01/Murderbot (2025) - S01E04 - Escape Velocity Protocol [ATVP][WEBDL-1080p][EAC3 Atmos 5.1][h264]-FLUX.mkv
Murderbot (2025) {tvdb-443396}/Season 01/S01E04,REMOVE,Murderbot (2025) - S01E04 - Escape Velocity Protocol [WEBDL-1080p][EAC3 Atmos 5.1][h264]-ETHEL.mkv,3866,1080p/WEBDL/Atmos/AVC,1.66,/mnt/synology/rs-tv/Murderbot (2025) {tvdb-443396}/Season 01/Murderbot (2025) - S01E04 - Escape Velocity Protocol [WEBDL-1080p][EAC3 Atmos 5.1][h264]-ETHEL.mkv
Power (2014) {tvdb-276562}/Season 02/S02E08,KEEP,Power (2014) - S02E08 - Three Moves Ahead [WEBDL-1080p][EAC3 5.1][h264]-Kitsune.mkv,3543,1080p/WEBDL/DD+/AVC,4.31,/mnt/synology/rs-tv/Power (2014) {tvdb-276562}/Season 02/Power (2014) - S02E08 - Three Moves Ahead [WEBDL-1080p][EAC3 5.1][h264]-Kitsune.mkv
Power (2014) {tvdb-276562}/Season 02/S02E08,REMOVE,Power (2014) - S02E08 - Three Moves Ahead [HDTV-1080p][AC3 5.1][x264].mkv,2489,1080p/HDTV/DD/AVC,3.97,/mnt/synology/rs-tv/Power (2014) {tvdb-276562}/Season 02/Power (2014) - S02E08 - Three Moves Ahead [HDTV-1080p][AC3 5.1][x264].mkv
RIPLEY (2024) {tvdb-372727}/Season 01/S01E01,KEEP,RIPLEY (2024) - S01E01 - I A HARD MAN TO FIND [WEBDL-1080p][EAC3 Atmos 5.1][x264]-FLUX.mkv,3868,1080p/WEBDL/Atmos/AVC,1.86,/mnt/synology/rs-tv/RIPLEY (2024) {tvdb-372727}/Season 01/RIPLEY (2024) - S01E01 - I A HARD MAN TO FIND [WEBDL-1080p][EAC3 Atmos 5.1][x264]-FLUX.mkv
RIPLEY (2024) {tvdb-372727}/Season 01/S01E01,REMOVE,RIPLEY (2024) - S01E01 - I A HARD MAN TO FIND [WEBDL-1080p][EAC3 Atmos 5.1][x264].mkv,3868,1080p/WEBDL/Atmos/AVC,1.86,/mnt/synology/rs-tv/RIPLEY (2024) {tvdb-372727}/Season 01/RIPLEY (2024) - S01E01 - I A HARD MAN TO FIND [WEBDL-1080p][EAC3 Atmos 5.1][x264].mkv
RIPLEY (2024) {tvdb-372727}/Season 01/S01E02,KEEP,RIPLEY (2024) - S01E02 - II SEVEN MERCIES [WEBDL-1080p][EAC3 Atmos 5.1][x264].mkv,3868,1080p/WEBDL/Atmos/AVC,1.85,/mnt/synology/rs-tv/RIPLEY (2024) {tvdb-372727}/Season 01/RIPLEY (2024) - S01E02 - II SEVEN MERCIES [WEBDL-1080p][EAC3 Atmos 5.1][x264].mkv
RIPLEY (2024) {tvdb-372727}/Season 01/S01E02,REMOVE,RIPLEY (2024) - S01E02 - II SEVEN MERCIES [WEBDL-1080p][EAC3 Atmos 5.1][x264]-FLUX.mkv,3868,1080p/WEBDL/Atmos/AVC,1.85,/mnt/synology/rs-tv/RIPLEY (2024) {tvdb-372727}/Season 01/RIPLEY (2024) - S01E02 - II SEVEN MERCIES [WEBDL-1080p][EAC3 Atmos 5.1][x264]-FLUX.mkv
RIPLEY (2024) {tvdb-372727}/Season 01/S01E03,KEEP,RIPLEY (2024) - S01E03 - III SOMMERSO [WEBDL-1080p][EAC3 Atmos 5.1][x264]-FLUX.mkv,3868,1080p/WEBDL/Atmos/AVC,1.86,/mnt/synology/rs-tv/RIPLEY (2024) {tvdb-372727}/Season 01/RIPLEY (2024) - S01E03 - III SOMMERSO [WEBDL-1080p][EAC3 Atmos 5.1][x264]-FLUX.mkv
RIPLEY (2024) {tvdb-372727}/Season 01/S01E03,REMOVE,RIPLEY (2024) - S01E03 - III SOMMERSO [WEBDL-1080p][EAC3 Atmos 5.1][x264].mkv,3868,1080p/WEBDL/Atmos/AVC,1.86,/mnt/synology/rs-tv/RIPLEY (2024) {tvdb-372727}/Season 01/RIPLEY (2024) - S01E03 - III SOMMERSO [WEBDL-1080p][EAC3 Atmos 5.1][x264].mkv
RIPLEY (2024) {tvdb-372727}/Season 01/S01E04,KEEP,RIPLEY (2024) - S01E04 - IV LA DOLCE VITA [WEBDL-1080p][EAC3 Atmos 5.1][x264]-FLUX.mkv,3866,1080p/WEBDL/Atmos/AVC,1.65,/mnt/synology/rs-tv/RIPLEY (2024) {tvdb-372727}/Season 01/RIPLEY (2024) - S01E04 - IV LA DOLCE VITA [WEBDL-1080p][EAC3 Atmos 5.1][x264]-FLUX.mkv
RIPLEY (2024) {tvdb-372727}/Season 01/S01E04,REMOVE,RIPLEY (2024) - S01E04 - IV LA DOLCE VITA [WEBDL-1080p][EAC3 Atmos 5.1][x264].mkv,3866,1080p/WEBDL/Atmos/AVC,1.65,/mnt/synology/rs-tv/RIPLEY (2024) {tvdb-372727}/Season 01/RIPLEY (2024) - S01E04 - IV LA DOLCE VITA [WEBDL-1080p][EAC3 Atmos 5.1][x264].mkv
RIPLEY (2024) {tvdb-372727}/Season 01/S01E05,KEEP,RIPLEY (2024) - S01E05 - V LUCIO [WEBDL-1080p][EAC3 Atmos 5.1][x264].mkv,3872,1080p/WEBDL/Atmos/AVC,2.30,/mnt/synology/rs-tv/RIPLEY (2024) {tvdb-372727}/Season 01/RIPLEY (2024) - S01E05 - V LUCIO [WEBDL-1080p][EAC3 Atmos 5.1][x264].mkv
RIPLEY (2024) {tvdb-372727}/Season 01/S01E05,REMOVE,RIPLEY (2024) - S01E05 - V LUCIO [WEBDL-1080p][EAC3 Atmos 5.1][x264]-FLUX.mkv,3872,1080p/WEBDL/Atmos/AVC,2.30,/mnt/synology/rs-tv/RIPLEY (2024) {tvdb-372727}/Season 01/RIPLEY (2024) - S01E05 - V LUCIO [WEBDL-1080p][EAC3 Atmos 5.1][x264]-FLUX.mkv
RIPLEY (2024) {tvdb-372727}/Season 01/S01E06,KEEP,RIPLEY (2024) - S01E06 - VI SOME HEAVY INSTRUMENT [WEBDL-1080p][EAC3 Atmos 5.1][x264].mkv,3872,1080p/WEBDL/Atmos/AVC,2.27,/mnt/synology/rs-tv/RIPLEY (2024) {tvdb-372727}/Season 01/RIPLEY (2024) - S01E06 - VI SOME HEAVY INSTRUMENT [WEBDL-1080p][EAC3 Atmos 5.1][x264].mkv
RIPLEY (2024) {tvdb-372727}/Season 01/S01E06,REMOVE,RIPLEY (2024) - S01E06 - VI SOME HEAVY INSTRUMENT [WEBDL-1080p][EAC3 Atmos 5.1][x264]-FLUX.mkv,3872,1080p/WEBDL/Atmos/AVC,2.27,/mnt/synology/rs-tv/RIPLEY (2024) {tvdb-372727}/Season 01/RIPLEY (2024) - S01E06 - VI SOME HEAVY INSTRUMENT [WEBDL-1080p][EAC3 Atmos 5.1][x264]-FLUX.mkv
RIPLEY (2024) {tvdb-372727}/Season 01/S01E07,KEEP,RIPLEY (2024) - S01E07 - VII MACABRE ENTERTAINMENT [WEBDL-1080p][EAC3 Atmos 5.1][x264]-FLUX.mkv,3872,1080p/WEBDL/Atmos/AVC,2.22,/mnt/synology/rs-tv/RIPLEY (2024) {tvdb-372727}/Season 01/RIPLEY (2024) - S01E07 - VII MACABRE ENTERTAINMENT [WEBDL-1080p][EAC3 Atmos 5.1][x264]-FLUX.mkv
RIPLEY (2024) {tvdb-372727}/Season 01/S01E07,REMOVE,RIPLEY (2024) - S01E07 - VII MACABRE ENTERTAINMENT [WEBDL-1080p][EAC3 Atmos 5.1][x264].mkv,3872,1080p/WEBDL/Atmos/AVC,2.22,/mnt/synology/rs-tv/RIPLEY (2024) {tvdb-372727}/Season 01/RIPLEY (2024) - S01E07 - VII MACABRE ENTERTAINMENT [WEBDL-1080p][EAC3 Atmos 5.1][x264].mkv
RIPLEY (2024) {tvdb-372727}/Season 01/S01E08,KEEP,RIPLEY (2024) - S01E08 - VIII NARCISSUS [WEBDL-1080p][EAC3 Atmos 5.1][x264].mkv,3879,1080p/WEBDL/Atmos/AVC,2.92,/mnt/synology/rs-tv/RIPLEY (2024) {tvdb-372727}/Season 01/RIPLEY (2024) - S01E08 - VIII NARCISSUS [WEBDL-1080p][EAC3 Atmos 5.1][x264].mkv
RIPLEY (2024) {tvdb-372727}/Season 01/S01E08,REMOVE,RIPLEY (2024) - S01E08 - VIII NARCISSUS [WEBDL-1080p][EAC3 Atmos 5.1][x264]-FLUX.mkv,3879,1080p/WEBDL/Atmos/AVC,2.92,/mnt/synology/rs-tv/RIPLEY (2024) {tvdb-372727}/Season 01/RIPLEY (2024) - S01E08 - VIII NARCISSUS [WEBDL-1080p][EAC3 Atmos 5.1][x264]-FLUX.mkv
Raised by Wolves (2020) {tvdb-368643}/Season 02/S02E03,KEEP,Raised by Wolves (2020) - S02E03 - Good Creatures [WEBDL-1080p][EAC3 5.1][h264]-NTb.mkv,3533,1080p/WEBDL/DD+/AVC,3.34,/mnt/synology/rs-tv/Raised by Wolves (2020) {tvdb-368643}/Season 02/Raised by Wolves (2020) - S02E03 - Good Creatures [WEBDL-1080p][EAC3 5.1][h264]-NTb.mkv
Raised by Wolves (2020) {tvdb-368643}/Season 02/S02E03,REMOVE,Raised by Wolves (2020) - S02E03 - Good Creatures [WEBDL-720p][AC3 5.1][x264]-cakes.mkv,1464,720p/WEBDL/DD/AVC,1.43,/mnt/synology/rs-tv/Raised by Wolves (2020) {tvdb-368643}/Season 02/Raised by Wolves (2020) - S02E03 - Good Creatures [WEBDL-720p][AC3 5.1][x264]-cakes.mkv
Ray Donovan (2013) {tvdb-259866}/Season 03/S03E12,KEEP,Ray Donovan (2013) - S03E12 - Exsuscito [Bluray-1080p][AC3 5.1][x264]-CtrlHD.mkv,3296,1080p/Bluray/DD/AVC,4.63,/mnt/synology/rs-tv/Ray Donovan (2013) {tvdb-259866}/Season 03/Ray Donovan (2013) - S03E12 - Exsuscito [Bluray-1080p][AC3 5.1][x264]-CtrlHD.mkv
Ray Donovan (2013) {tvdb-259866}/Season 03/S03E12,REMOVE,Ray Donovan (2013) - S03E12 - Exsuscito [HDTV-720p][AC3 2.0][x264].mkv,459,720p/HDTV/DD/AVC,0.96,/mnt/synology/rs-tv/Ray Donovan (2013) {tvdb-259866}/Season 03/Ray Donovan (2013) - S03E12 - Exsuscito [HDTV-720p][AC3 2.0][x264].mkv
Real Vikings (2016) {tvdb-320625}/Season 01/S01E01,KEEP,Real Vikings (2016) - S01E01 - Age of Invasion [WEBDL-1080p][EAC3 5.1][h264]-RCVR.mkv,3533,1080p/WEBDL/DD+/AVC,3.33,/mnt/synology/rs-tv/Real Vikings (2016) {tvdb-320625}/Season 01/Real Vikings (2016) - S01E01 - Age of Invasion [WEBDL-1080p][EAC3 5.1][h264]-RCVR.mkv
Real Vikings (2016) {tvdb-320625}/Season 01/S01E01,REMOVE,Real Vikings (2016) - S01E01 - Age of Invasion [HDTV-720p][AC3 5.1][x264].mkv,460,720p/HDTV/DD/AVC,1.01,/mnt/synology/rs-tv/Real Vikings (2016) {tvdb-320625}/Season 01/Real Vikings (2016) - S01E01 - Age of Invasion [HDTV-720p][AC3 5.1][x264].mkv
Resident Alien (2021) {tvdb-368166}/Season 01/S01E03,KEEP,Resident Alien (2021) - S01E03 - Secrets [WEBDL-1080p][AAC 2.0][h264]-ggez.mkv,3418,1080p/WEBDL/AAC/AVC,1.80,/mnt/synology/rs-tv/Resident Alien (2021) {tvdb-368166}/Season 01/Resident Alien (2021) - S01E03 - Secrets [WEBDL-1080p][AAC 2.0][h264]-ggez.mkv
Resident Alien (2021) {tvdb-368166}/Season 01/S01E03,REMOVE,Resident.Alien.S01E03.720p.WEB.H264-GGEZ.mkv,156,720p/AVC,0.66,/mnt/synology/rs-tv/Resident Alien (2021) {tvdb-368166}/Season 01/Resident.Alien.S01E03.720p.WEB.H264-GGEZ.mkv
Robin Hood (2025) {tvdb-454834}/Season 01/S01E03,KEEP,Robin Hood (2025) - S01E03 - No Man Can Hide Forever [AMZN][WEBDL-1080p][EAC3 5.1][h264]-RAWR.mkv,3534,1080p/WEBDL/DD+/AVC,3.47,/mnt/synology/rs-tv/Robin Hood (2025) {tvdb-454834}/Season 01/Robin Hood (2025) - S01E03 - No Man Can Hide Forever [AMZN][WEBDL-1080p][EAC3 5.1][h264]-RAWR.mkv
Robin Hood (2025) {tvdb-454834}/Season 01/S01E03,REMOVE,Robin Hood (2025) - S01E03 - No Man Can Hide Forever [WEBDL-1080p][EAC3 5.1][h264]-RAWR.mkv,3534,1080p/WEBDL/DD+/AVC,3.47,/mnt/synology/rs-tv/Robin Hood (2025) {tvdb-454834}/Season 01/Robin Hood (2025) - S01E03 - No Man Can Hide Forever [WEBDL-1080p][EAC3 5.1][h264]-RAWR.mkv
Robin Hood (2025) {tvdb-454834}/Season 01/S01E04,KEEP,Robin Hood (2025) - S01E04 - The Cause of This Unrest [AMZN][WEBDL-1080p][EAC3 5.1][h264]-RAWR.mkv,3535,1080p/WEBDL/DD+/AVC,3.50,/mnt/synology/rs-tv/Robin Hood (2025) {tvdb-454834}/Season 01/Robin Hood (2025) - S01E04 - The Cause of This Unrest [AMZN][WEBDL-1080p][EAC3 5.1][h264]-RAWR.mkv
Robin Hood (2025) {tvdb-454834}/Season 01/S01E04,REMOVE,Robin Hood (2025) - S01E04 - The Cause of This Unrest [WEBDL-1080p][EAC3 5.1][h264]-RAWR.mkv,3535,1080p/WEBDL/DD+/AVC,3.50,/mnt/synology/rs-tv/Robin Hood (2025) {tvdb-454834}/Season 01/Robin Hood (2025) - S01E04 - The Cause of This Unrest [WEBDL-1080p][EAC3 5.1][h264]-RAWR.mkv
Robin Hood (2025) {tvdb-454834}/Season 01/S01E05,KEEP,Robin Hood (2025) - S01E05 - Go Back to Them [AMZN][WEBDL-1080p][EAC3 5.1][h264]-RAWR.mkv,3536,1080p/WEBDL/DD+/AVC,3.67,/mnt/synology/rs-tv/Robin Hood (2025) {tvdb-454834}/Season 01/Robin Hood (2025) - S01E05 - Go Back to Them [AMZN][WEBDL-1080p][EAC3 5.1][h264]-RAWR.mkv
Robin Hood (2025) {tvdb-454834}/Season 01/S01E05,REMOVE,Robin Hood (2025) - S01E05 - Go Back to Them [WEBDL-1080p][EAC3 5.1][h264]-RAWR.mkv,3536,1080p/WEBDL/DD+/AVC,3.67,/mnt/synology/rs-tv/Robin Hood (2025) {tvdb-454834}/Season 01/Robin Hood (2025) - S01E05 - Go Back to Them [WEBDL-1080p][EAC3 5.1][h264]-RAWR.mkv
Robin Hood (2025) {tvdb-454834}/Season 01/S01E06,KEEP,Robin Hood (2025) - S01E06 - Bound by Love Divided by Lies [WEBDL-1080p][EAC3 5.1][h264]-RAWR.mkv,3540,1080p/WEBDL/DD+/AVC,4.08,/mnt/synology/rs-tv/Robin Hood (2025) {tvdb-454834}/Season 01/Robin Hood (2025) - S01E06 - Bound by Love Divided by Lies [WEBDL-1080p][EAC3 5.1][h264]-RAWR.mkv
Robin Hood (2025) {tvdb-454834}/Season 01/S01E06,REMOVE,Robin Hood (2025) - S01E06 - Bound by Love Divided by Lies [AMZN][WEBDL-1080p][EAC3 5.1][h264]-RAWR.mkv,3540,1080p/WEBDL/DD+/AVC,4.08,/mnt/synology/rs-tv/Robin Hood (2025) {tvdb-454834}/Season 01/Robin Hood (2025) - S01E06 - Bound by Love Divided by Lies [AMZN][WEBDL-1080p][EAC3 5.1][h264]-RAWR.mkv
Robin Hood (2025) {tvdb-454834}/Season 01/S01E07,KEEP,Robin Hood (2025) - S01E07 - Thieves with Purpose [AMZN][WEBDL-1080p][EAC3 5.1][h264]-RAWR.mkv,3539,1080p/WEBDL/DD+/AVC,3.98,/mnt/synology/rs-tv/Robin Hood (2025) {tvdb-454834}/Season 01/Robin Hood (2025) - S01E07 - Thieves with Purpose [AMZN][WEBDL-1080p][EAC3 5.1][h264]-RAWR.mkv
Robin Hood (2025) {tvdb-454834}/Season 01/S01E07,REMOVE,Robin Hood (2025) - S01E07 - Thieves with Purpose [WEBDL-1080p][EAC3 5.1][h264]-FLUX.mkv,3539,1080p/WEBDL/DD+/AVC,3.98,/mnt/synology/rs-tv/Robin Hood (2025) {tvdb-454834}/Season 01/Robin Hood (2025) - S01E07 - Thieves with Purpose [WEBDL-1080p][EAC3 5.1][h264]-FLUX.mkv
Robin Hood (2025) {tvdb-454834}/Season 01/S01E08,KEEP,Robin Hood (2025) - S01E08 - The True Price of Defiance [AMZN][WEBDL-1080p][EAC3 5.1][h264]-RAWR.mkv,3534,1080p/WEBDL/DD+/AVC,3.50,/mnt/synology/rs-tv/Robin Hood (2025) {tvdb-454834}/Season 01/Robin Hood (2025) - S01E08 - The True Price of Defiance [AMZN][WEBDL-1080p][EAC3 5.1][h264]-RAWR.mkv
Robin Hood (2025) {tvdb-454834}/Season 01/S01E08,REMOVE,Robin Hood (2025) - S01E08 - The True Price of Defiance [WEBDL-1080p][EAC3 5.1][h264]-RAWR.mkv,3534,1080p/WEBDL/DD+/AVC,3.50,/mnt/synology/rs-tv/Robin Hood (2025) {tvdb-454834}/Season 01/Robin Hood (2025) - S01E08 - The True Price of Defiance [WEBDL-1080p][EAC3 5.1][h264]-RAWR.mkv
Robin Hood (2025) {tvdb-454834}/Season 01/S01E09,KEEP,Robin Hood (2025) - S01E09 - I Choose You [AMZN][WEBDL-1080p][EAC3 5.1][h264]-RAWR.mkv,3537,1080p/WEBDL/DD+/AVC,3.75,/mnt/synology/rs-tv/Robin Hood (2025) {tvdb-454834}/Season 01/Robin Hood (2025) - S01E09 - I Choose You [AMZN][WEBDL-1080p][EAC3 5.1][h264]-RAWR.mkv
Robin Hood (2025) {tvdb-454834}/Season 01/S01E09,REMOVE,Robin Hood (2025) - S01E09 - I Choose You [WEBDL-1080p][EAC3 5.1][h264]-RAWR.mkv,3537,1080p/WEBDL/DD+/AVC,3.75,/mnt/synology/rs-tv/Robin Hood (2025) {tvdb-454834}/Season 01/Robin Hood (2025) - S01E09 - I Choose You [WEBDL-1080p][EAC3 5.1][h264]-RAWR.mkv
Sealab 2021 (2000) {tvdb-76884}/Season 01/S01E01,KEEP,Sealab 2021 (2000) - S01E01 - Radio Free Sealab [HMAX][WEBDL-1080p][EAC3 2.0][x264]-soopkitchen.mp4,3506,1080p/WEBDL/DD+/AVC,0.68,/mnt/synology/rs-tv/Sealab 2021 (2000) {tvdb-76884}/Season 01/Sealab 2021 (2000) - S01E01 - Radio Free Sealab [HMAX][WEBDL-1080p][EAC3 2.0][x264]-soopkitchen.mp4
Sealab 2021 (2000) {tvdb-76884}/Season 01/S01E01,REMOVE,Sealab 2021 (2000) - S01E01 - Radio Free Sealab [WEBRip-1080p][EAC3 2.0][x265]-iVy.mkv,2751,1080p/WEBRip/DD+/HEVC,0.13,/mnt/synology/rs-tv/Sealab 2021 (2000) {tvdb-76884}/Season 01/Sealab 2021 (2000) - S01E01 - Radio Free Sealab [WEBRip-1080p][EAC3 2.0][x265]-iVy.mkv
Sealab 2021 (2000) {tvdb-76884}/Season 01/S01E02,KEEP,Sealab 2021 (2000) - S01E02 - I Robot [WEBRip-1080p][EAC3 2.0][x265]-iVy.mkv,2751,1080p/WEBRip/DD+/HEVC,0.13,/mnt/synology/rs-tv/Sealab 2021 (2000) {tvdb-76884}/Season 01/Sealab 2021 (2000) - S01E02 - I Robot [WEBRip-1080p][EAC3 2.0][x265]-iVy.mkv
Sealab 2021 (2000) {tvdb-76884}/Season 01/S01E02,REMOVE,"Sealab.2021.S01E02.I,.Robot.HBOMAX.WEB-DL1080.p.x264.EAC3.2.0-soopkitchen.mp4",1507,WEB-DL/DD+/AVC,0.70,"/mnt/synology/rs-tv/Sealab 2021 (2000) {tvdb-76884}/Season 01/Sealab.2021.S01E02.I,.Robot.HBOMAX.WEB-DL1080.p.x264.EAC3.2.0-soopkitchen.mp4"
Sealab 2021 (2000) {tvdb-76884}/Season 01/S01E03,KEEP,Sealab 2021 (2000) - S01E03 - Happy Cake [HMAX][WEBDL-1080p][EAC3 2.0][x264]-soopkitchen.mp4,3506,1080p/WEBDL/DD+/AVC,0.70,/mnt/synology/rs-tv/Sealab 2021 (2000) {tvdb-76884}/Season 01/Sealab 2021 (2000) - S01E03 - Happy Cake [HMAX][WEBDL-1080p][EAC3 2.0][x264]-soopkitchen.mp4
Sealab 2021 (2000) {tvdb-76884}/Season 01/S01E03,REMOVE,Sealab 2021 (2000) - S01E03 - Happy Cake [WEBRip-1080p][EAC3 2.0][x265]-iVy.mkv,2751,1080p/WEBRip/DD+/HEVC,0.19,/mnt/synology/rs-tv/Sealab 2021 (2000) {tvdb-76884}/Season 01/Sealab 2021 (2000) - S01E03 - Happy Cake [WEBRip-1080p][EAC3 2.0][x265]-iVy.mkv
Sealab 2021 (2000) {tvdb-76884}/Season 01/S01E04,KEEP,Sealab 2021 (2000) - S01E04 - Chickmate [HMAX][WEBDL-1080p][EAC3 2.0][x264]-soopkitchen.mp4,3506,1080p/WEBDL/DD+/AVC,0.65,/mnt/synology/rs-tv/Sealab 2021 (2000) {tvdb-76884}/Season 01/Sealab 2021 (2000) - S01E04 - Chickmate [HMAX][WEBDL-1080p][EAC3 2.0][x264]-soopkitchen.mp4
Sealab 2021 (2000) {tvdb-76884}/Season 01/S01E04,REMOVE,Sealab 2021 (2000) - S01E04 - Chickmate [WEBRip-1080p][EAC3 2.0][x265]-iVy.mkv,2751,1080p/WEBRip/DD+/HEVC,0.11,/mnt/synology/rs-tv/Sealab 2021 (2000) {tvdb-76884}/Season 01/Sealab 2021 (2000) - S01E04 - Chickmate [WEBRip-1080p][EAC3 2.0][x265]-iVy.mkv
Sealab 2021 (2000) {tvdb-76884}/Season 01/S01E05,KEEP,Sealab 2021 (2000) - S01E05 - Predator [HMAX][WEBDL-1080p][EAC3 2.0][x264]-soopkitchen.mp4,3506,1080p/WEBDL/DD+/AVC,0.68,/mnt/synology/rs-tv/Sealab 2021 (2000) {tvdb-76884}/Season 01/Sealab 2021 (2000) - S01E05 - Predator [HMAX][WEBDL-1080p][EAC3 2.0][x264]-soopkitchen.mp4
Sealab 2021 (2000) {tvdb-76884}/Season 01/S01E05,REMOVE,Sealab 2021 (2000) - S01E05 - Predator [WEBRip-1080p][EAC3 2.0][x265]-iVy.mkv,2750,1080p/WEBRip/DD+/HEVC,0.09,/mnt/synology/rs-tv/Sealab 2021 (2000) {tvdb-76884}/Season 01/Sealab 2021 (2000) - S01E05 - Predator [WEBRip-1080p][EAC3 2.0][x265]-iVy.mkv
Sealab 2021 (2000) {tvdb-76884}/Season 01/S01E06,KEEP,Sealab 2021 (2000) - S01E06 - Lost in Time [HMAX][WEBDL-1080p][EAC3 2.0][x264]-soopkitchen.mp4,3506,1080p/WEBDL/DD+/AVC,0.66,/mnt/synology/rs-tv/Sealab 2021 (2000) {tvdb-76884}/Season 01/Sealab 2021 (2000) - S01E06 - Lost in Time [HMAX][WEBDL-1080p][EAC3 2.0][x264]-soopkitchen.mp4
Sealab 2021 (2000) {tvdb-76884}/Season 01/S01E06,REMOVE,Sealab 2021 (2000) - S01E06 - Lost in Time [WEBRip-1080p][EAC3 2.0][x265]-iVy.mkv,2751,1080p/WEBRip/DD+/HEVC,0.10,/mnt/synology/rs-tv/Sealab 2021 (2000) {tvdb-76884}/Season 01/Sealab 2021 (2000) - S01E06 - Lost in Time [WEBRip-1080p][EAC3 2.0][x265]-iVy.mkv
Sealab 2021 (2000) {tvdb-76884}/Season 01/S01E07,KEEP,Sealab 2021 (2000) - S01E07 - Little Orphan Angry [HMAX][WEBDL-1080p][EAC3 2.0][AVC]-soopkitchen.mp4,3506,1080p/WEBDL/DD+/AVC,0.65,/mnt/synology/rs-tv/Sealab 2021 (2000) {tvdb-76884}/Season 01/Sealab 2021 (2000) - S01E07 - Little Orphan Angry [HMAX][WEBDL-1080p][EAC3 2.0][AVC]-soopkitchen.mp4
Sealab 2021 (2000) {tvdb-76884}/Season 01/S01E07,REMOVE,Sealab 2021 (2000) - S01E07 - Little Orphan Angry [WEBRip-1080p][EAC3 2.0][x265]-iVy.mkv,2751,1080p/WEBRip/DD+/HEVC,0.13,/mnt/synology/rs-tv/Sealab 2021 (2000) {tvdb-76884}/Season 01/Sealab 2021 (2000) - S01E07 - Little Orphan Angry [WEBRip-1080p][EAC3 2.0][x265]-iVy.mkv
Sealab 2021 (2000) {tvdb-76884}/Season 01/S01E08,KEEP,Sealab 2021 (2000) - S01E08 - Waking Quinn [HMAX][WEBDL-1080p][EAC3 2.0][AVC]-soopkitchen.mp4,3506,1080p/WEBDL/DD+/AVC,0.65,/mnt/synology/rs-tv/Sealab 2021 (2000) {tvdb-76884}/Season 01/Sealab 2021 (2000) - S01E08 - Waking Quinn [HMAX][WEBDL-1080p][EAC3 2.0][AVC]-soopkitchen.mp4
Sealab 2021 (2000) {tvdb-76884}/Season 01/S01E08,REMOVE,Sealab 2021 (2000) - S01E08 - Waking Quinn [WEBRip-1080p][EAC3 2.0][x265]-iVy.mkv,2751,1080p/WEBRip/DD+/HEVC,0.13,/mnt/synology/rs-tv/Sealab 2021 (2000) {tvdb-76884}/Season 01/Sealab 2021 (2000) - S01E08 - Waking Quinn [WEBRip-1080p][EAC3 2.0][x265]-iVy.mkv
Sealab 2021 (2000) {tvdb-76884}/Season 01/S01E09,KEEP,Sealab 2021 (2000) - S01E09 - All That Jazz [HMAX][WEBDL-1080p][EAC3 2.0][AVC]-soopkitchen.mp4,3506,1080p/WEBDL/DD+/AVC,0.65,/mnt/synology/rs-tv/Sealab 2021 (2000) {tvdb-76884}/Season 01/Sealab 2021 (2000) - S01E09 - All That Jazz [HMAX][WEBDL-1080p][EAC3 2.0][AVC]-soopkitchen.mp4
Sealab 2021 (2000) {tvdb-76884}/Season 01/S01E09,REMOVE,Sealab 2021 (2000) - S01E09 - All That Jazz [WEBRip-1080p][EAC3 2.0][x265]-iVy.mkv,2750,1080p/WEBRip/DD+/HEVC,0.08,/mnt/synology/rs-tv/Sealab 2021 (2000) {tvdb-76884}/Season 01/Sealab 2021 (2000) - S01E09 - All That Jazz [WEBRip-1080p][EAC3 2.0][x265]-iVy.mkv
Sealab 2021 (2000) {tvdb-76884}/Season 01/S01E10,KEEP,Sealab 2021 (2000) - S01E10 - Murphy Murph and the Feng Shui Bunch [HMAX][WEBDL-1080p][EAC3 2.0][AVC]-soopkitchen.mp4,3506,1080p/WEBDL/DD+/AVC,0.65,/mnt/synology/rs-tv/Sealab 2021 (2000) {tvdb-76884}/Season 01/Sealab 2021 (2000) - S01E10 - Murphy Murph and the Feng Shui Bunch [HMAX][WEBDL-1080p][EAC3 2.0][AVC]-soopkitchen.mp4
Sealab 2021 (2000) {tvdb-76884}/Season 01/S01E10,REMOVE,Sealab 2021 (2000) - S01E10 - Murphy Murph and the Feng Shui Bunch [WEBRip-1080p][EAC3 2.0][x265]-iVy.mkv,2750,1080p/WEBRip/DD+/HEVC,0.08,/mnt/synology/rs-tv/Sealab 2021 (2000) {tvdb-76884}/Season 01/Sealab 2021 (2000) - S01E10 - Murphy Murph and the Feng Shui Bunch [WEBRip-1080p][EAC3 2.0][x265]-iVy.mkv
Sealab 2021 (2000) {tvdb-76884}/Season 02/S02E01,KEEP,Sealab 2021 (2000) - S02E01 - In The Closet [WEBDL-1080p][EAC3 2.0][AVC]-soopkitchen.mp4,3506,1080p/WEBDL/DD+/AVC,0.65,/mnt/synology/rs-tv/Sealab 2021 (2000) {tvdb-76884}/Season 02/Sealab 2021 (2000) - S02E01 - In The Closet [WEBDL-1080p][EAC3 2.0][AVC]-soopkitchen.mp4
Sealab 2021 (2000) {tvdb-76884}/Season 02/S02E01,REMOVE,Sealab 2021 (2000) - S02E01 - In The Closet [HMAX][WEBDL-1080p][EAC3 2.0][AVC]-soopkitchen.mp4,3506,1080p/WEBDL/DD+/AVC,0.65,/mnt/synology/rs-tv/Sealab 2021 (2000) {tvdb-76884}/Season 02/Sealab 2021 (2000) - S02E01 - In The Closet [HMAX][WEBDL-1080p][EAC3 2.0][AVC]-soopkitchen.mp4
Sealab 2021 (2000) {tvdb-76884}/Season 02/S02E02,KEEP,Sealab 2021 (2000) - S02E02 - Stimutacs [WEBDL-1080p][EAC3 2.0][AVC]-soopkitchen.mp4,3506,1080p/WEBDL/DD+/AVC,0.65,/mnt/synology/rs-tv/Sealab 2021 (2000) {tvdb-76884}/Season 02/Sealab 2021 (2000) - S02E02 - Stimutacs [WEBDL-1080p][EAC3 2.0][AVC]-soopkitchen.mp4
Sealab 2021 (2000) {tvdb-76884}/Season 02/S02E02,REMOVE,Sealab 2021 (2000) - S02E02 - Stimutacs [HMAX][WEBDL-1080p][EAC3 2.0][AVC]-soopkitchen.mp4,3506,1080p/WEBDL/DD+/AVC,0.65,/mnt/synology/rs-tv/Sealab 2021 (2000) {tvdb-76884}/Season 02/Sealab 2021 (2000) - S02E02 - Stimutacs [HMAX][WEBDL-1080p][EAC3 2.0][AVC]-soopkitchen.mp4
Sealab 2021 (2000) {tvdb-76884}/Season 02/S02E03,KEEP,Sealab 2021 (2000) - S02E03 - Swimming in Oblivion [HMAX][WEBDL-1080p][EAC3 2.0][AVC]-soopkitchen.mp4,3506,1080p/WEBDL/DD+/AVC,0.65,/mnt/synology/rs-tv/Sealab 2021 (2000) {tvdb-76884}/Season 02/Sealab 2021 (2000) - S02E03 - Swimming in Oblivion [HMAX][WEBDL-1080p][EAC3 2.0][AVC]-soopkitchen.mp4
Sealab 2021 (2000) {tvdb-76884}/Season 02/S02E03,REMOVE,Sealab 2021 (2000) - S02E03 - Swimming in Oblivion [WEBDL-1080p][EAC3 2.0][AVC]-soopkitchen.mp4,3506,1080p/WEBDL/DD+/AVC,0.65,/mnt/synology/rs-tv/Sealab 2021 (2000) {tvdb-76884}/Season 02/Sealab 2021 (2000) - S02E03 - Swimming in Oblivion [WEBDL-1080p][EAC3 2.0][AVC]-soopkitchen.mp4
Sealab 2021 (2000) {tvdb-76884}/Season 02/S02E04,KEEP,Sealab 2021 (2000) - S02E04 - Der Dieb [WEBDL-1080p][EAC3 2.0][AVC]-soopkitchen.mp4,3506,1080p/WEBDL/DD+/AVC,0.65,/mnt/synology/rs-tv/Sealab 2021 (2000) {tvdb-76884}/Season 02/Sealab 2021 (2000) - S02E04 - Der Dieb [WEBDL-1080p][EAC3 2.0][AVC]-soopkitchen.mp4
Sealab 2021 (2000) {tvdb-76884}/Season 02/S02E04,REMOVE,Sealab 2021 (2000) - S02E04 - Der Dieb [HMAX][WEBDL-1080p][EAC3 2.0][AVC]-soopkitchen.mp4,3506,1080p/WEBDL/DD+/AVC,0.65,/mnt/synology/rs-tv/Sealab 2021 (2000) {tvdb-76884}/Season 02/Sealab 2021 (2000) - S02E04 - Der Dieb [HMAX][WEBDL-1080p][EAC3 2.0][AVC]-soopkitchen.mp4
Sealab 2021 (2000) {tvdb-76884}/Season 02/S02E05,KEEP,Sealab 2021 (2000) - S02E05 - The Policy [HMAX][WEBDL-1080p][EAC3 2.0][AVC]-soopkitchen.mp4,3506,1080p/WEBDL/DD+/AVC,0.65,/mnt/synology/rs-tv/Sealab 2021 (2000) {tvdb-76884}/Season 02/Sealab 2021 (2000) - S02E05 - The Policy [HMAX][WEBDL-1080p][EAC3 2.0][AVC]-soopkitchen.mp4
Sealab 2021 (2000) {tvdb-76884}/Season 02/S02E05,REMOVE,Sealab 2021 (2000) - S02E05 - The Policy [WEBDL-1080p][EAC3 2.0][AVC]-soopkitchen.mp4,3506,1080p/WEBDL/DD+/AVC,0.65,/mnt/synology/rs-tv/Sealab 2021 (2000) {tvdb-76884}/Season 02/Sealab 2021 (2000) - S02E05 - The Policy [WEBDL-1080p][EAC3 2.0][AVC]-soopkitchen.mp4
Sealab 2021 (2000) {tvdb-76884}/Season 02/S02E06,KEEP,Sealab 2021 (2000) - S02E06 - Hail Squishface [WEBDL-1080p][EAC3 2.0][AVC]-soopkitchen.mp4,3506,1080p/WEBDL/DD+/AVC,0.65,/mnt/synology/rs-tv/Sealab 2021 (2000) {tvdb-76884}/Season 02/Sealab 2021 (2000) - S02E06 - Hail Squishface [WEBDL-1080p][EAC3 2.0][AVC]-soopkitchen.mp4
Sealab 2021 (2000) {tvdb-76884}/Season 02/S02E06,REMOVE,Sealab 2021 (2000) - S02E06 - Hail Squishface [HMAX][WEBDL-1080p][EAC3 2.0][AVC]-soopkitchen.mp4,3506,1080p/WEBDL/DD+/AVC,0.65,/mnt/synology/rs-tv/Sealab 2021 (2000) {tvdb-76884}/Season 02/Sealab 2021 (2000) - S02E06 - Hail Squishface [HMAX][WEBDL-1080p][EAC3 2.0][AVC]-soopkitchen.mp4
Sealab 2021 (2000) {tvdb-76884}/Season 02/S02E07,KEEP,Sealab 2021 (2000) - S02E07 - Bizzaro [WEBDL-1080p][EAC3 2.0][AVC]-soopkitchen.mp4,3506,1080p/WEBDL/DD+/AVC,0.66,/mnt/synology/rs-tv/Sealab 2021 (2000) {tvdb-76884}/Season 02/Sealab 2021 (2000) - S02E07 - Bizzaro [WEBDL-1080p][EAC3 2.0][AVC]-soopkitchen.mp4
Sealab 2021 (2000) {tvdb-76884}/Season 02/S02E07,REMOVE,Sealab 2021 (2000) - S02E07 - Bizzaro [HMAX][WEBDL-1080p][EAC3 2.0][AVC]-soopkitchen.mp4,3506,1080p/WEBDL/DD+/AVC,0.66,/mnt/synology/rs-tv/Sealab 2021 (2000) {tvdb-76884}/Season 02/Sealab 2021 (2000) - S02E07 - Bizzaro [HMAX][WEBDL-1080p][EAC3 2.0][AVC]-soopkitchen.mp4
Sealab 2021 (2000) {tvdb-76884}/Season 02/S02E08,KEEP,Sealab 2021 (2000) - S02E08 - Legend of Baggy Pants [WEBDL-1080p][EAC3 2.0][AVC]-soopkitchen.mp4,3506,1080p/WEBDL/DD+/AVC,0.67,/mnt/synology/rs-tv/Sealab 2021 (2000) {tvdb-76884}/Season 02/Sealab 2021 (2000) - S02E08 - Legend of Baggy Pants [WEBDL-1080p][EAC3 2.0][AVC]-soopkitchen.mp4
Sealab 2021 (2000) {tvdb-76884}/Season 02/S02E08,REMOVE,Sealab 2021 (2000) - S02E08 - Legend of Baggy Pants [HMAX][WEBDL-1080p][EAC3 2.0][AVC]-soopkitchen.mp4,3506,1080p/WEBDL/DD+/AVC,0.67,/mnt/synology/rs-tv/Sealab 2021 (2000) {tvdb-76884}/Season 02/Sealab 2021 (2000) - S02E08 - Legend of Baggy Pants [HMAX][WEBDL-1080p][EAC3 2.0][AVC]-soopkitchen.mp4
Sealab 2021 (2000) {tvdb-76884}/Season 02/S02E09,KEEP,Sealab 2021 (2000) - S02E09 - Tinfins [WEBDL-1080p][EAC3 2.0][x264]-soopkitchen.mp4,3506,1080p/WEBDL/DD+/AVC,0.68,/mnt/synology/rs-tv/Sealab 2021 (2000) {tvdb-76884}/Season 02/Sealab 2021 (2000) - S02E09 - Tinfins [WEBDL-1080p][EAC3 2.0][x264]-soopkitchen.mp4
Sealab 2021 (2000) {tvdb-76884}/Season 02/S02E09,REMOVE,Sealab 2021 (2000) - S02E09 - Tinfins [HMAX][WEBDL-1080p][EAC3 2.0][x264]-soopkitchen.mp4,3506,1080p/WEBDL/DD+/AVC,0.68,/mnt/synology/rs-tv/Sealab 2021 (2000) {tvdb-76884}/Season 02/Sealab 2021 (2000) - S02E09 - Tinfins [HMAX][WEBDL-1080p][EAC3 2.0][x264]-soopkitchen.mp4
Sealab 2021 (2000) {tvdb-76884}/Season 02/S02E10,KEEP,Sealab 2021 (2000) - S02E10 - 7211 [WEBDL-1080p][EAC3 2.0][AVC]-soopkitchen.mp4,3506,1080p/WEBDL/DD+/AVC,0.68,/mnt/synology/rs-tv/Sealab 2021 (2000) {tvdb-76884}/Season 02/Sealab 2021 (2000) - S02E10 - 7211 [WEBDL-1080p][EAC3 2.0][AVC]-soopkitchen.mp4
Sealab 2021 (2000) {tvdb-76884}/Season 02/S02E10,REMOVE,Sealab 2021 (2000) - S02E10 - 7211 [HMAX][WEBDL-1080p][EAC3 2.0][AVC]-soopkitchen.mp4,3506,1080p/WEBDL/DD+/AVC,0.68,/mnt/synology/rs-tv/Sealab 2021 (2000) {tvdb-76884}/Season 02/Sealab 2021 (2000) - S02E10 - 7211 [HMAX][WEBDL-1080p][EAC3 2.0][AVC]-soopkitchen.mp4
Sealab 2021 (2000) {tvdb-76884}/Season 02/S02E11,KEEP,Sealab 2021 (2000) - S02E11 - Feast of Alvis [WEBDL-1080p][EAC3 2.0][AVC]-soopkitchen.mp4,3506,1080p/WEBDL/DD+/AVC,0.67,/mnt/synology/rs-tv/Sealab 2021 (2000) {tvdb-76884}/Season 02/Sealab 2021 (2000) - S02E11 - Feast of Alvis [WEBDL-1080p][EAC3 2.0][AVC]-soopkitchen.mp4
Sealab 2021 (2000) {tvdb-76884}/Season 02/S02E11,REMOVE,Sealab 2021 (2000) - S02E11 - Feast of Alvis [HMAX][WEBDL-1080p][EAC3 2.0][AVC]-soopkitchen.mp4,3506,1080p/WEBDL/DD+/AVC,0.67,/mnt/synology/rs-tv/Sealab 2021 (2000) {tvdb-76884}/Season 02/Sealab 2021 (2000) - S02E11 - Feast of Alvis [HMAX][WEBDL-1080p][EAC3 2.0][AVC]-soopkitchen.mp4
Sealab 2021 (2000) {tvdb-76884}/Season 03/S03E01,KEEP,Sealab 2021 (2000) - S03E01 - Brainswitch [WEBDL-1080p][EAC3 2.0][AVC]-soopkitchen.mp4,3506,1080p/WEBDL/DD+/AVC,0.68,/mnt/synology/rs-tv/Sealab 2021 (2000) {tvdb-76884}/Season 03/Sealab 2021 (2000) - S03E01 - Brainswitch [WEBDL-1080p][EAC3 2.0][AVC]-soopkitchen.mp4
Sealab 2021 (2000) {tvdb-76884}/Season 03/S03E01,REMOVE,Sealab 2021 (2000) - S03E01 - Brainswitch [HMAX][WEBDL-1080p][EAC3 2.0][AVC]-soopkitchen.mp4,3506,1080p/WEBDL/DD+/AVC,0.68,/mnt/synology/rs-tv/Sealab 2021 (2000) {tvdb-76884}/Season 03/Sealab 2021 (2000) - S03E01 - Brainswitch [HMAX][WEBDL-1080p][EAC3 2.0][AVC]-soopkitchen.mp4
Sealab 2021 (2000) {tvdb-76884}/Season 03/S03E02,KEEP,Sealab 2021 (2000) - S03E02 - Vacation [HMAX][WEBDL-1080p][EAC3 2.0][x264]-soopkitchen.mp4,3506,1080p/WEBDL/DD+/AVC,0.65,/mnt/synology/rs-tv/Sealab 2021 (2000) {tvdb-76884}/Season 03/Sealab 2021 (2000) - S03E02 - Vacation [HMAX][WEBDL-1080p][EAC3 2.0][x264]-soopkitchen.mp4
Sealab 2021 (2000) {tvdb-76884}/Season 03/S03E02,REMOVE,Sealab 2021 (2000) - S03E02 - Vacation [WEBDL-1080p][EAC3 2.0][x264]-soopkitchen.mp4,3506,1080p/WEBDL/DD+/AVC,0.65,/mnt/synology/rs-tv/Sealab 2021 (2000) {tvdb-76884}/Season 03/Sealab 2021 (2000) - S03E02 - Vacation [WEBDL-1080p][EAC3 2.0][x264]-soopkitchen.mp4
Sealab 2021 (2000) {tvdb-76884}/Season 03/S03E03,KEEP,Sealab 2021 (2000) - S03E03 - Fusebox [HMAX][WEBDL-1080p][EAC3 2.0][AVC]-soopkitchen.mp4,3505,1080p/WEBDL/DD+/AVC,0.59,/mnt/synology/rs-tv/Sealab 2021 (2000) {tvdb-76884}/Season 03/Sealab 2021 (2000) - S03E03 - Fusebox [HMAX][WEBDL-1080p][EAC3 2.0][AVC]-soopkitchen.mp4
Sealab 2021 (2000) {tvdb-76884}/Season 03/S03E03,REMOVE,Sealab 2021 (2000) - S03E03 - Fusebox [WEBDL-1080p][EAC3 2.0][AVC]-soopkitchen.mp4,3505,1080p/WEBDL/DD+/AVC,0.59,/mnt/synology/rs-tv/Sealab 2021 (2000) {tvdb-76884}/Season 03/Sealab 2021 (2000) - S03E03 - Fusebox [WEBDL-1080p][EAC3 2.0][AVC]-soopkitchen.mp4
Sealab 2021 (2000) {tvdb-76884}/Season 03/S03E04,KEEP,Sealab 2021 (2000) - S03E04 - Article 4 [HMAX][WEBDL-1080p][EAC3 2.0][AVC]-soopkitchen.mp4,3506,1080p/WEBDL/DD+/AVC,0.65,/mnt/synology/rs-tv/Sealab 2021 (2000) {tvdb-76884}/Season 03/Sealab 2021 (2000) - S03E04 - Article 4 [HMAX][WEBDL-1080p][EAC3 2.0][AVC]-soopkitchen.mp4
Sealab 2021 (2000) {tvdb-76884}/Season 03/S03E04,REMOVE,Sealab 2021 (2000) - S03E04 - Article 4 [WEBDL-1080p][EAC3 2.0][AVC]-soopkitchen.mp4,3506,1080p/WEBDL/DD+/AVC,0.65,/mnt/synology/rs-tv/Sealab 2021 (2000) {tvdb-76884}/Season 03/Sealab 2021 (2000) - S03E04 - Article 4 [WEBDL-1080p][EAC3 2.0][AVC]-soopkitchen.mp4
Sealab 2021 (2000) {tvdb-76884}/Season 03/S03E05,KEEP,Sealab 2021 (2000) - S03E05 - Return to Oblivion [WEBDL-1080p][EAC3 2.0][AVC]-soopkitchen.mp4,3506,1080p/WEBDL/DD+/AVC,0.68,/mnt/synology/rs-tv/Sealab 2021 (2000) {tvdb-76884}/Season 03/Sealab 2021 (2000) - S03E05 - Return to Oblivion [WEBDL-1080p][EAC3 2.0][AVC]-soopkitchen.mp4
Sealab 2021 (2000) {tvdb-76884}/Season 03/S03E05,REMOVE,Sealab 2021 (2000) - S03E05 - Return to Oblivion [HMAX][WEBDL-1080p][EAC3 2.0][AVC]-soopkitchen.mp4,3506,1080p/WEBDL/DD+/AVC,0.68,/mnt/synology/rs-tv/Sealab 2021 (2000) {tvdb-76884}/Season 03/Sealab 2021 (2000) - S03E05 - Return to Oblivion [HMAX][WEBDL-1080p][EAC3 2.0][AVC]-soopkitchen.mp4
Sealab 2021 (2000) {tvdb-76884}/Season 03/S03E06,KEEP,Sealab 2021 (2000) - S03E06 - Splitsville [HMAX][WEBDL-1080p][EAC3 2.0][AVC]-soopkitchen.mp4,3506,1080p/WEBDL/DD+/AVC,0.67,/mnt/synology/rs-tv/Sealab 2021 (2000) {tvdb-76884}/Season 03/Sealab 2021 (2000) - S03E06 - Splitsville [HMAX][WEBDL-1080p][EAC3 2.0][AVC]-soopkitchen.mp4
Sealab 2021 (2000) {tvdb-76884}/Season 03/S03E06,REMOVE,Sealab 2021 (2000) - S03E06 - Splitsville [WEBDL-1080p][EAC3 2.0][AVC]-soopkitchen.mp4,3506,1080p/WEBDL/DD+/AVC,0.67,/mnt/synology/rs-tv/Sealab 2021 (2000) {tvdb-76884}/Season 03/Sealab 2021 (2000) - S03E06 - Splitsville [WEBDL-1080p][EAC3 2.0][AVC]-soopkitchen.mp4
Sealab 2021 (2000) {tvdb-76884}/Season 03/S03E07,KEEP,Sealab 2021 (2000) - S03E07 - Tourist Season [HMAX][WEBDL-1080p][EAC3 2.0][AVC]-soopkitchen.mp4,3506,1080p/WEBDL/DD+/AVC,0.65,/mnt/synology/rs-tv/Sealab 2021 (2000) {tvdb-76884}/Season 03/Sealab 2021 (2000) - S03E07 - Tourist Season [HMAX][WEBDL-1080p][EAC3 2.0][AVC]-soopkitchen.mp4
Sealab 2021 (2000) {tvdb-76884}/Season 03/S03E07,REMOVE,Sealab 2021 (2000) - S03E07 - Tourist Season [WEBDL-1080p][EAC3 2.0][AVC]-soopkitchen.mp4,3506,1080p/WEBDL/DD+/AVC,0.65,/mnt/synology/rs-tv/Sealab 2021 (2000) {tvdb-76884}/Season 03/Sealab 2021 (2000) - S03E07 - Tourist Season [WEBDL-1080p][EAC3 2.0][AVC]-soopkitchen.mp4
Sealab 2021 (2000) {tvdb-76884}/Season 03/S03E08,KEEP,Sealab 2021 (2000) - S03E08 - Red Dawn [HMAX][WEBDL-1080p][EAC3 2.0][AVC]-soopkitchen.mp4,3506,1080p/WEBDL/DD+/AVC,0.65,/mnt/synology/rs-tv/Sealab 2021 (2000) {tvdb-76884}/Season 03/Sealab 2021 (2000) - S03E08 - Red Dawn [HMAX][WEBDL-1080p][EAC3 2.0][AVC]-soopkitchen.mp4
Sealab 2021 (2000) {tvdb-76884}/Season 03/S03E08,REMOVE,Sealab 2021 (2000) - S03E08 - Red Dawn [WEBDL-1080p][EAC3 2.0][AVC]-soopkitchen.mp4,3506,1080p/WEBDL/DD+/AVC,0.65,/mnt/synology/rs-tv/Sealab 2021 (2000) {tvdb-76884}/Season 03/Sealab 2021 (2000) - S03E08 - Red Dawn [WEBDL-1080p][EAC3 2.0][AVC]-soopkitchen.mp4
Sealab 2021 (2000) {tvdb-76884}/Season 03/S03E09,KEEP,Sealab 2021 (2000) - S03E09 - Meet Beck Bristow [HMAX][WEBDL-1080p][EAC3 2.0][AVC]-soopkitchen.mp4,3506,1080p/WEBDL/DD+/AVC,0.65,/mnt/synology/rs-tv/Sealab 2021 (2000) {tvdb-76884}/Season 03/Sealab 2021 (2000) - S03E09 - Meet Beck Bristow [HMAX][WEBDL-1080p][EAC3 2.0][AVC]-soopkitchen.mp4
Sealab 2021 (2000) {tvdb-76884}/Season 03/S03E09,REMOVE,Sealab 2021 (2000) - S03E09 - Meet Beck Bristow [WEBDL-1080p][EAC3 2.0][AVC]-soopkitchen.mp4,3506,1080p/WEBDL/DD+/AVC,0.65,/mnt/synology/rs-tv/Sealab 2021 (2000) {tvdb-76884}/Season 03/Sealab 2021 (2000) - S03E09 - Meet Beck Bristow [WEBDL-1080p][EAC3 2.0][AVC]-soopkitchen.mp4
Sealab 2021 (2000) {tvdb-76884}/Season 03/S03E10,KEEP,Sealab 2021 (2000) - S03E10 - I Robot Really [WEBDL-1080p][EAC3 2.0][AVC]-soopkitchen.mp4,3506,1080p/WEBDL/DD+/AVC,0.68,/mnt/synology/rs-tv/Sealab 2021 (2000) {tvdb-76884}/Season 03/Sealab 2021 (2000) - S03E10 - I Robot Really [WEBDL-1080p][EAC3 2.0][AVC]-soopkitchen.mp4
Sealab 2021 (2000) {tvdb-76884}/Season 03/S03E10,REMOVE,Sealab 2021 (2000) - S03E10 - I Robot Really [HMAX][WEBDL-1080p][EAC3 2.0][AVC]-soopkitchen.mp4,3506,1080p/WEBDL/DD+/AVC,0.68,/mnt/synology/rs-tv/Sealab 2021 (2000) {tvdb-76884}/Season 03/Sealab 2021 (2000) - S03E10 - I Robot Really [HMAX][WEBDL-1080p][EAC3 2.0][AVC]-soopkitchen.mp4
Sealab 2021 (2000) {tvdb-76884}/Season 03/S03E11,KEEP,Sealab 2021 (2000) - S03E11 - Frozen Dinner [WEBDL-1080p][EAC3 2.0][AVC]-soopkitchen.mp4,3506,1080p/WEBDL/DD+/AVC,0.65,/mnt/synology/rs-tv/Sealab 2021 (2000) {tvdb-76884}/Season 03/Sealab 2021 (2000) - S03E11 - Frozen Dinner [WEBDL-1080p][EAC3 2.0][AVC]-soopkitchen.mp4
Sealab 2021 (2000) {tvdb-76884}/Season 03/S03E11,REMOVE,Sealab 2021 (2000) - S03E11 - Frozen Dinner [HMAX][WEBDL-1080p][EAC3 2.0][AVC]-soopkitchen.mp4,3506,1080p/WEBDL/DD+/AVC,0.65,/mnt/synology/rs-tv/Sealab 2021 (2000) {tvdb-76884}/Season 03/Sealab 2021 (2000) - S03E11 - Frozen Dinner [HMAX][WEBDL-1080p][EAC3 2.0][AVC]-soopkitchen.mp4
Sealab 2021 (2000) {tvdb-76884}/Season 03/S03E12,KEEP,Sealab 2021 (2000) - S03E12 - Tornado Shanks [WEBDL-1080p][EAC3 2.0][AVC]-soopkitchen.mp4,3506,1080p/WEBDL/DD+/AVC,0.67,/mnt/synology/rs-tv/Sealab 2021 (2000) {tvdb-76884}/Season 03/Sealab 2021 (2000) - S03E12 - Tornado Shanks [WEBDL-1080p][EAC3 2.0][AVC]-soopkitchen.mp4
Sealab 2021 (2000) {tvdb-76884}/Season 03/S03E12,REMOVE,Sealab 2021 (2000) - S03E12 - Tornado Shanks [HMAX][WEBDL-1080p][EAC3 2.0][AVC]-soopkitchen.mp4,3506,1080p/WEBDL/DD+/AVC,0.67,/mnt/synology/rs-tv/Sealab 2021 (2000) {tvdb-76884}/Season 03/Sealab 2021 (2000) - S03E12 - Tornado Shanks [HMAX][WEBDL-1080p][EAC3 2.0][AVC]-soopkitchen.mp4
Sealab 2021 (2000) {tvdb-76884}/Season 04/S04E01,KEEP,Sealab 2021 (2000) - S04E01 - ASHDTV [HMAX][WEBDL-1080p][EAC3 2.0][AVC]-soopkitchen.mp4,3506,1080p/WEBDL/DD+/AVC,0.68,/mnt/synology/rs-tv/Sealab 2021 (2000) {tvdb-76884}/Season 04/Sealab 2021 (2000) - S04E01 - ASHDTV [HMAX][WEBDL-1080p][EAC3 2.0][AVC]-soopkitchen.mp4
Sealab 2021 (2000) {tvdb-76884}/Season 04/S04E01,REMOVE,Sealab 2021 (2000) - S04E01 - ASHDTV [WEBDL-1080p][EAC3 2.0][AVC]-soopkitchen.mp4,3506,1080p/WEBDL/DD+/AVC,0.68,/mnt/synology/rs-tv/Sealab 2021 (2000) {tvdb-76884}/Season 04/Sealab 2021 (2000) - S04E01 - ASHDTV [WEBDL-1080p][EAC3 2.0][AVC]-soopkitchen.mp4
Sealab 2021 (2000) {tvdb-76884}/Season 04/S04E02,KEEP,Sealab 2021 (2000) - S04E02 - Chalkboard Jungle [WEBDL-1080p][EAC3 2.0][AVC]-soopkitchen.mp4,3506,1080p/WEBDL/DD+/AVC,0.68,/mnt/synology/rs-tv/Sealab 2021 (2000) {tvdb-76884}/Season 04/Sealab 2021 (2000) - S04E02 - Chalkboard Jungle [WEBDL-1080p][EAC3 2.0][AVC]-soopkitchen.mp4
Sealab 2021 (2000) {tvdb-76884}/Season 04/S04E02,REMOVE,Sealab 2021 (2000) - S04E02 - Chalkboard Jungle [HMAX][WEBDL-1080p][EAC3 2.0][AVC]-soopkitchen.mp4,3506,1080p/WEBDL/DD+/AVC,0.68,/mnt/synology/rs-tv/Sealab 2021 (2000) {tvdb-76884}/Season 04/Sealab 2021 (2000) - S04E02 - Chalkboard Jungle [HMAX][WEBDL-1080p][EAC3 2.0][AVC]-soopkitchen.mp4
Sealab 2021 (2000) {tvdb-76884}/Season 04/S04E03,KEEP,Sealab 2021 (2000) - S04E03 - Dearly Beloved Seed [WEBDL-1080p][EAC3 2.0][AVC]-soopkitchen.mp4,3506,1080p/WEBDL/DD+/AVC,0.64,/mnt/synology/rs-tv/Sealab 2021 (2000) {tvdb-76884}/Season 04/Sealab 2021 (2000) - S04E03 - Dearly Beloved Seed [WEBDL-1080p][EAC3 2.0][AVC]-soopkitchen.mp4
Sealab 2021 (2000) {tvdb-76884}/Season 04/S04E03,REMOVE,Sealab 2021 (2000) - S04E03 - Dearly Beloved Seed [HMAX][WEBDL-1080p][EAC3 2.0][AVC]-soopkitchen.mp4,3506,1080p/WEBDL/DD+/AVC,0.64,/mnt/synology/rs-tv/Sealab 2021 (2000) {tvdb-76884}/Season 04/Sealab 2021 (2000) - S04E03 - Dearly Beloved Seed [HMAX][WEBDL-1080p][EAC3 2.0][AVC]-soopkitchen.mp4
Sealab 2021 (2000) {tvdb-76884}/Season 04/S04E04,KEEP,Sealab 2021 (2000) - S04E04 - Craptastic Voyage [HMAX][WEBDL-1080p][EAC3 2.0][AVC]-soopkitchen.mp4,3506,1080p/WEBDL/DD+/AVC,0.67,/mnt/synology/rs-tv/Sealab 2021 (2000) {tvdb-76884}/Season 04/Sealab 2021 (2000) - S04E04 - Craptastic Voyage [HMAX][WEBDL-1080p][EAC3 2.0][AVC]-soopkitchen.mp4
Sealab 2021 (2000) {tvdb-76884}/Season 04/S04E04,REMOVE,Sealab 2021 (2000) - S04E04 - Craptastic Voyage [WEBDL-1080p][EAC3 2.0][AVC]-soopkitchen.mp4,3506,1080p/WEBDL/DD+/AVC,0.67,/mnt/synology/rs-tv/Sealab 2021 (2000) {tvdb-76884}/Season 04/Sealab 2021 (2000) - S04E04 - Craptastic Voyage [WEBDL-1080p][EAC3 2.0][AVC]-soopkitchen.mp4
Sealab 2021 (2000) {tvdb-76884}/Season 04/S04E05,KEEP,Sealab 2021 (2000) - S04E05 - Let 'Em Eat Corn [HMAX][WEBDL-1080p][EAC3 2.0][AVC]-soopkitchen.mp4,3506,1080p/WEBDL/DD+/AVC,0.65,/mnt/synology/rs-tv/Sealab 2021 (2000) {tvdb-76884}/Season 04/Sealab 2021 (2000) - S04E05 - Let 'Em Eat Corn [HMAX][WEBDL-1080p][EAC3 2.0][AVC]-soopkitchen.mp4
Sealab 2021 (2000) {tvdb-76884}/Season 04/S04E05,REMOVE,Sealab 2021 (2000) - S04E05 - Let 'Em Eat Corn [WEBDL-1080p][EAC3 2.0][AVC]-soopkitchen.mp4,3506,1080p/WEBDL/DD+/AVC,0.65,/mnt/synology/rs-tv/Sealab 2021 (2000) {tvdb-76884}/Season 04/Sealab 2021 (2000) - S04E05 - Let 'Em Eat Corn [WEBDL-1080p][EAC3 2.0][AVC]-soopkitchen.mp4
Sealab 2021 (2000) {tvdb-76884}/Season 04/S04E06,KEEP,Sealab 2021 (2000) - S04E06 - Neptunati [WEBDL-1080p][EAC3 2.0][AVC]-soopkitchen.mp4,3506,1080p/WEBDL/DD+/AVC,0.65,/mnt/synology/rs-tv/Sealab 2021 (2000) {tvdb-76884}/Season 04/Sealab 2021 (2000) - S04E06 - Neptunati [WEBDL-1080p][EAC3 2.0][AVC]-soopkitchen.mp4
Sealab 2021 (2000) {tvdb-76884}/Season 04/S04E06,REMOVE,Sealab 2021 (2000) - S04E06 - Neptunati [HMAX][WEBDL-1080p][EAC3 2.0][AVC]-soopkitchen.mp4,3506,1080p/WEBDL/DD+/AVC,0.65,/mnt/synology/rs-tv/Sealab 2021 (2000) {tvdb-76884}/Season 04/Sealab 2021 (2000) - S04E06 - Neptunati [HMAX][WEBDL-1080p][EAC3 2.0][AVC]-soopkitchen.mp4
Sealab 2021 (2000) {tvdb-76884}/Season 04/S04E07,KEEP,Sealab 2021 (2000) - S04E07 - Isla de las Chupracabras [HMAX][WEBDL-1080p][EAC3 2.0][AVC]-soopkitchen.mp4,3506,1080p/WEBDL/DD+/AVC,0.65,/mnt/synology/rs-tv/Sealab 2021 (2000) {tvdb-76884}/Season 04/Sealab 2021 (2000) - S04E07 - Isla de las Chupracabras [HMAX][WEBDL-1080p][EAC3 2.0][AVC]-soopkitchen.mp4
Sealab 2021 (2000) {tvdb-76884}/Season 04/S04E07,REMOVE,Sealab 2021 (2000) - S04E07 - Isla de las Chupracabras [WEBDL-1080p][EAC3 2.0][AVC]-soopkitchen.mp4,3506,1080p/WEBDL/DD+/AVC,0.65,/mnt/synology/rs-tv/Sealab 2021 (2000) {tvdb-76884}/Season 04/Sealab 2021 (2000) - S04E07 - Isla de las Chupracabras [WEBDL-1080p][EAC3 2.0][AVC]-soopkitchen.mp4
Sealab 2021 (2000) {tvdb-76884}/Season 04/S04E08,KEEP,Sealab 2021 (2000) - S04E08 - Joy of Grief [WEBDL-1080p][EAC3 2.0][AVC]-soopkitchen.mp4,3506,1080p/WEBDL/DD+/AVC,0.65,/mnt/synology/rs-tv/Sealab 2021 (2000) {tvdb-76884}/Season 04/Sealab 2021 (2000) - S04E08 - Joy of Grief [WEBDL-1080p][EAC3 2.0][AVC]-soopkitchen.mp4
Sealab 2021 (2000) {tvdb-76884}/Season 04/S04E08,REMOVE,Sealab 2021 (2000) - S04E08 - Joy of Grief [HMAX][WEBDL-1080p][EAC3 2.0][AVC]-soopkitchen.mp4,3506,1080p/WEBDL/DD+/AVC,0.65,/mnt/synology/rs-tv/Sealab 2021 (2000) {tvdb-76884}/Season 04/Sealab 2021 (2000) - S04E08 - Joy of Grief [HMAX][WEBDL-1080p][EAC3 2.0][AVC]-soopkitchen.mp4
Sealab 2021 (2000) {tvdb-76884}/Season 04/S04E09,KEEP,Sealab 2021 (2000) - S04E09 - Green Fever [HMAX][WEBDL-1080p][EAC3 2.0][AVC]-soopkitchen.mp4,3506,1080p/WEBDL/DD+/AVC,0.65,/mnt/synology/rs-tv/Sealab 2021 (2000) {tvdb-76884}/Season 04/Sealab 2021 (2000) - S04E09 - Green Fever [HMAX][WEBDL-1080p][EAC3 2.0][AVC]-soopkitchen.mp4
Sealab 2021 (2000) {tvdb-76884}/Season 04/S04E09,REMOVE,Sealab 2021 (2000) - S04E09 - Green Fever [WEBDL-1080p][EAC3 2.0][AVC]-soopkitchen.mp4,3506,1080p/WEBDL/DD+/AVC,0.65,/mnt/synology/rs-tv/Sealab 2021 (2000) {tvdb-76884}/Season 04/Sealab 2021 (2000) - S04E09 - Green Fever [WEBDL-1080p][EAC3 2.0][AVC]-soopkitchen.mp4
Sealab 2021 (2000) {tvdb-76884}/Season 04/S04E10,KEEP,Sealab 2021 (2000) - S04E10 - Sharkos Machine [HMAX][WEBDL-1080p][EAC3 2.0][AVC]-soopkitchen.mp4,3506,1080p/WEBDL/DD+/AVC,0.65,/mnt/synology/rs-tv/Sealab 2021 (2000) {tvdb-76884}/Season 04/Sealab 2021 (2000) - S04E10 - Sharkos Machine [HMAX][WEBDL-1080p][EAC3 2.0][AVC]-soopkitchen.mp4
Sealab 2021 (2000) {tvdb-76884}/Season 04/S04E10,REMOVE,Sealab 2021 (2000) - S04E10 - Sharkos Machine [WEBDL-1080p][EAC3 2.0][AVC]-soopkitchen.mp4,3506,1080p/WEBDL/DD+/AVC,0.65,/mnt/synology/rs-tv/Sealab 2021 (2000) {tvdb-76884}/Season 04/Sealab 2021 (2000) - S04E10 - Sharkos Machine [WEBDL-1080p][EAC3 2.0][AVC]-soopkitchen.mp4
Sealab 2021 (2000) {tvdb-76884}/Season 04/S04E11,KEEP,Sealab 2021 (2000) - S04E11 - Return of Marco [HMAX][WEBDL-1080p][EAC3 2.0][AVC]-soopkitchen.mp4,3506,1080p/WEBDL/DD+/AVC,0.65,/mnt/synology/rs-tv/Sealab 2021 (2000) {tvdb-76884}/Season 04/Sealab 2021 (2000) - S04E11 - Return of Marco [HMAX][WEBDL-1080p][EAC3 2.0][AVC]-soopkitchen.mp4
Sealab 2021 (2000) {tvdb-76884}/Season 04/S04E11,REMOVE,Sealab 2021 (2000) - S04E11 - Return of Marco [WEBDL-1080p][EAC3 2.0][AVC]-soopkitchen.mp4,3506,1080p/WEBDL/DD+/AVC,0.65,/mnt/synology/rs-tv/Sealab 2021 (2000) {tvdb-76884}/Season 04/Sealab 2021 (2000) - S04E11 - Return of Marco [WEBDL-1080p][EAC3 2.0][AVC]-soopkitchen.mp4
Secrets of the Whales (2021) {tvdb-393225}/Season 01/S01E01,KEEP,Secrets of the Whales (2021) - S01E01 - Orca Dynasty [DSNP][WEBDL-1080p][EAC3 5.1][h264]-WH4L3S.mkv,3528,1080p/WEBDL/DD+/AVC,2.84,/mnt/synology/rs-tv/Secrets of the Whales (2021) {tvdb-393225}/Season 01/Secrets of the Whales (2021) - S01E01 - Orca Dynasty [DSNP][WEBDL-1080p][EAC3 5.1][h264]-WH4L3S.mkv
Secrets of the Whales (2021) {tvdb-393225}/Season 01/S01E01,REMOVE,Secrets of the Whales (2021) - S01E01 - Orca Dynasty [WEBDL-1080p][EAC3 5.1][h264].mkv,3528,1080p/WEBDL/DD+/AVC,2.84,/mnt/synology/rs-tv/Secrets of the Whales (2021) {tvdb-393225}/Season 01/Secrets of the Whales (2021) - S01E01 - Orca Dynasty [WEBDL-1080p][EAC3 5.1][h264].mkv
Seinfeld (1989) {tvdb-79169}/Season 08/S08E04,KEEP,Seinfeld (1989) - S08E04 - The Little Kicks [WEBDL-1080p][EAC3 2.0][h264].mkv,3523,1080p/WEBDL/DD+/AVC,2.34,/mnt/synology/rs-tv/Seinfeld (1989) {tvdb-79169}/Season 08/Seinfeld (1989) - S08E04 - The Little Kicks [WEBDL-1080p][EAC3 2.0][h264].mkv
Seinfeld (1989) {tvdb-79169}/Season 08/S08E04,REMOVE,Seinfeld (1989) - S08E04 - The Little Kicks [WEBRip-1080p][AC3 2.0][h265].mkv,2704,1080p/WEBRip/DD/HEVC,0.42,/mnt/synology/rs-tv/Seinfeld (1989) {tvdb-79169}/Season 08/Seinfeld (1989) - S08E04 - The Little Kicks [WEBRip-1080p][AC3 2.0][h265].mkv
Seinfeld (1989) {tvdb-79169}/Season 08/S08E07,KEEP,Seinfeld (1989) - S08E07 - The Checks [WEBDL-1080p][EAC3 2.0][h264].mkv,3523,1080p/WEBDL/DD+/AVC,2.35,/mnt/synology/rs-tv/Seinfeld (1989) {tvdb-79169}/Season 08/Seinfeld (1989) - S08E07 - The Checks [WEBDL-1080p][EAC3 2.0][h264].mkv
Seinfeld (1989) {tvdb-79169}/Season 08/S08E07,REMOVE,Seinfeld (1989) - S08E07 - The Checks [WEBRip-1080p][AC3 2.0][h265].mkv,2704,1080p/WEBRip/DD/HEVC,0.42,/mnt/synology/rs-tv/Seinfeld (1989) {tvdb-79169}/Season 08/Seinfeld (1989) - S08E07 - The Checks [WEBRip-1080p][AC3 2.0][h265].mkv
Seinfeld (1989) {tvdb-79169}/Season 08/S08E08,KEEP,Seinfeld (1989) - S08E08 - The Chicken Roaster [WEBDL-1080p][EAC3 2.0][h264].mkv,3523,1080p/WEBDL/DD+/AVC,2.38,/mnt/synology/rs-tv/Seinfeld (1989) {tvdb-79169}/Season 08/Seinfeld (1989) - S08E08 - The Chicken Roaster [WEBDL-1080p][EAC3 2.0][h264].mkv
Seinfeld (1989) {tvdb-79169}/Season 08/S08E08,REMOVE,Seinfeld (1989) - S08E08 - The Chicken Roaster [WEBRip-1080p][AC3 2.0][h265].mkv,2704,1080p/WEBRip/DD/HEVC,0.42,/mnt/synology/rs-tv/Seinfeld (1989) {tvdb-79169}/Season 08/Seinfeld (1989) - S08E08 - The Chicken Roaster [WEBRip-1080p][AC3 2.0][h265].mkv
Seinfeld (1989) {tvdb-79169}/Season 08/S08E16,KEEP,Seinfeld (1989) - S08E16 - The Pothole [WEBDL-1080p][EAC3 2.0][h264].mkv,3523,1080p/WEBDL/DD+/AVC,2.37,/mnt/synology/rs-tv/Seinfeld (1989) {tvdb-79169}/Season 08/Seinfeld (1989) - S08E16 - The Pothole [WEBDL-1080p][EAC3 2.0][h264].mkv
Seinfeld (1989) {tvdb-79169}/Season 08/S08E16,REMOVE,Seinfeld (1989) - S08E16 - The Pothole [WEBRip-1080p][AC3 2.0][h265].mkv,2704,1080p/WEBRip/DD/HEVC,0.42,/mnt/synology/rs-tv/Seinfeld (1989) {tvdb-79169}/Season 08/Seinfeld (1989) - S08E16 - The Pothole [WEBRip-1080p][AC3 2.0][h265].mkv
Seinfeld (1989) {tvdb-79169}/Season 08/S08E18,KEEP,Seinfeld (1989) - S08E18 - The Nap [WEBDL-1080p][EAC3 2.0][h264].mkv,3523,1080p/WEBDL/DD+/AVC,2.36,/mnt/synology/rs-tv/Seinfeld (1989) {tvdb-79169}/Season 08/Seinfeld (1989) - S08E18 - The Nap [WEBDL-1080p][EAC3 2.0][h264].mkv
Seinfeld (1989) {tvdb-79169}/Season 08/S08E18,REMOVE,Seinfeld (1989) - S08E18 - The Nap [WEBRip-1080p][AC3 2.0][h265].mkv,2704,1080p/WEBRip/DD/HEVC,0.42,/mnt/synology/rs-tv/Seinfeld (1989) {tvdb-79169}/Season 08/Seinfeld (1989) - S08E18 - The Nap [WEBRip-1080p][AC3 2.0][h265].mkv
Seinfeld (1989) {tvdb-79169}/Season 08/S08E19,KEEP,Seinfeld (1989) - S08E19 - The Yada Yada [WEBDL-1080p][EAC3 2.0][h264].mkv,3527,1080p/WEBDL/DD+/AVC,2.76,/mnt/synology/rs-tv/Seinfeld (1989) {tvdb-79169}/Season 08/Seinfeld (1989) - S08E19 - The Yada Yada [WEBDL-1080p][EAC3 2.0][h264].mkv
Seinfeld (1989) {tvdb-79169}/Season 08/S08E19,REMOVE,Seinfeld (1989) - S08E19 - The Yada Yada [WEBRip-1080p][AC3 2.0][h265].mkv,2704,1080p/WEBRip/DD/HEVC,0.49,/mnt/synology/rs-tv/Seinfeld (1989) {tvdb-79169}/Season 08/Seinfeld (1989) - S08E19 - The Yada Yada [WEBRip-1080p][AC3 2.0][h265].mkv
Seinfeld (1989) {tvdb-79169}/Season 08/S08E22,KEEP,Seinfeld (1989) - S08E22 - The Summer of George [WEBDL-1080p][EAC3 2.0][h264].mkv,3523,1080p/WEBDL/DD+/AVC,2.35,/mnt/synology/rs-tv/Seinfeld (1989) {tvdb-79169}/Season 08/Seinfeld (1989) - S08E22 - The Summer of George [WEBDL-1080p][EAC3 2.0][h264].mkv
Seinfeld (1989) {tvdb-79169}/Season 08/S08E22,REMOVE,Seinfeld (1989) - S08E22 - The Summer of George [WEBRip-1080p][AC3 2.0][h265].mkv,2704,1080p/WEBRip/DD/HEVC,0.42,/mnt/synology/rs-tv/Seinfeld (1989) {tvdb-79169}/Season 08/Seinfeld (1989) - S08E22 - The Summer of George [WEBRip-1080p][AC3 2.0][h265].mkv
Seinfeld (1989) {tvdb-79169}/Season 09/S09E01,KEEP,Seinfeld (1989) - S09E01 - The Butter Shave [WEBDL-1080p][EAC3 2.0][h264].mkv,3523,1080p/WEBDL/DD+/AVC,2.34,/mnt/synology/rs-tv/Seinfeld (1989) {tvdb-79169}/Season 09/Seinfeld (1989) - S09E01 - The Butter Shave [WEBDL-1080p][EAC3 2.0][h264].mkv
Seinfeld (1989) {tvdb-79169}/Season 09/S09E01,REMOVE,Seinfeld (1989) - S09E01 - The Butter Shave [WEBRip-1080p][AC3 2.0][h265].mkv,2704,1080p/WEBRip/DD/HEVC,0.42,/mnt/synology/rs-tv/Seinfeld (1989) {tvdb-79169}/Season 09/Seinfeld (1989) - S09E01 - The Butter Shave [WEBRip-1080p][AC3 2.0][h265].mkv
Seinfeld (1989) {tvdb-79169}/Season 09/S09E02,KEEP,Seinfeld (1989) - S09E02 - The Voice [WEBDL-1080p][EAC3 2.0][h264].mkv,3523,1080p/WEBDL/DD+/AVC,2.36,/mnt/synology/rs-tv/Seinfeld (1989) {tvdb-79169}/Season 09/Seinfeld (1989) - S09E02 - The Voice [WEBDL-1080p][EAC3 2.0][h264].mkv
Seinfeld (1989) {tvdb-79169}/Season 09/S09E02,REMOVE,Seinfeld (1989) - S09E02 - The Voice [WEBRip-1080p][AC3 2.0][h265].mkv,2704,1080p/WEBRip/DD/HEVC,0.42,/mnt/synology/rs-tv/Seinfeld (1989) {tvdb-79169}/Season 09/Seinfeld (1989) - S09E02 - The Voice [WEBRip-1080p][AC3 2.0][h265].mkv
Seinfeld (1989) {tvdb-79169}/Season 09/S09E03,KEEP,Seinfeld (1989) - S09E03 - The Serenity Now [WEBDL-1080p][EAC3 2.0][h264].mkv,3523,1080p/WEBDL/DD+/AVC,2.37,/mnt/synology/rs-tv/Seinfeld (1989) {tvdb-79169}/Season 09/Seinfeld (1989) - S09E03 - The Serenity Now [WEBDL-1080p][EAC3 2.0][h264].mkv
Seinfeld (1989) {tvdb-79169}/Season 09/S09E03,REMOVE,Seinfeld (1989) - S09E03 - The Serenity Now [WEBRip-1080p][AC3 2.0][h265].mkv,2704,1080p/WEBRip/DD/HEVC,0.42,/mnt/synology/rs-tv/Seinfeld (1989) {tvdb-79169}/Season 09/Seinfeld (1989) - S09E03 - The Serenity Now [WEBRip-1080p][AC3 2.0][h265].mkv
Seinfeld (1989) {tvdb-79169}/Season 09/S09E08,KEEP,Seinfeld (1989) - S09E08 - The Betrayal [WEBDL-1080p][EAC3 2.0][h264].mkv,3524,1080p/WEBDL/DD+/AVC,2.46,/mnt/synology/rs-tv/Seinfeld (1989) {tvdb-79169}/Season 09/Seinfeld (1989) - S09E08 - The Betrayal [WEBDL-1080p][EAC3 2.0][h264].mkv
Seinfeld (1989) {tvdb-79169}/Season 09/S09E08,REMOVE,Seinfeld (1989) - S09E08 - The Betrayal [WEBRip-1080p][AC3 2.0][h265].mkv,2704,1080p/WEBRip/DD/HEVC,0.44,/mnt/synology/rs-tv/Seinfeld (1989) {tvdb-79169}/Season 09/Seinfeld (1989) - S09E08 - The Betrayal [WEBRip-1080p][AC3 2.0][h265].mkv
Seinfeld (1989) {tvdb-79169}/Season 09/S09E09,KEEP,Seinfeld (1989) - S09E09 - The Apology [WEBDL-1080p][EAC3 2.0][h264].mkv,3523,1080p/WEBDL/DD+/AVC,2.36,/mnt/synology/rs-tv/Seinfeld (1989) {tvdb-79169}/Season 09/Seinfeld (1989) - S09E09 - The Apology [WEBDL-1080p][EAC3 2.0][h264].mkv
Seinfeld (1989) {tvdb-79169}/Season 09/S09E09,REMOVE,Seinfeld (1989) - S09E09 - The Apology [WEBRip-1080p][AC3 2.0][h265].mkv,2704,1080p/WEBRip/DD/HEVC,0.42,/mnt/synology/rs-tv/Seinfeld (1989) {tvdb-79169}/Season 09/Seinfeld (1989) - S09E09 - The Apology [WEBRip-1080p][AC3 2.0][h265].mkv
Seinfeld (1989) {tvdb-79169}/Season 09/S09E12,KEEP,Seinfeld (1989) - S09E12 - The Reverse Peephole [WEBDL-1080p][EAC3 2.0][h264].mkv,3523,1080p/WEBDL/DD+/AVC,2.36,/mnt/synology/rs-tv/Seinfeld (1989) {tvdb-79169}/Season 09/Seinfeld (1989) - S09E12 - The Reverse Peephole [WEBDL-1080p][EAC3 2.0][h264].mkv
Seinfeld (1989) {tvdb-79169}/Season 09/S09E12,REMOVE,Seinfeld (1989) - S09E12 - The Reverse Peephole [WEBRip-1080p][AC3 2.0][h265].mkv,2704,1080p/WEBRip/DD/HEVC,0.42,/mnt/synology/rs-tv/Seinfeld (1989) {tvdb-79169}/Season 09/Seinfeld (1989) - S09E12 - The Reverse Peephole [WEBRip-1080p][AC3 2.0][h265].mkv
Seinfeld (1989) {tvdb-79169}/Season 09/S09E16,KEEP,Seinfeld (1989) - S09E16 - The Burning [WEBDL-1080p][EAC3 2.0][h264].mkv,3523,1080p/WEBDL/DD+/AVC,2.37,/mnt/synology/rs-tv/Seinfeld (1989) {tvdb-79169}/Season 09/Seinfeld (1989) - S09E16 - The Burning [WEBDL-1080p][EAC3 2.0][h264].mkv
Seinfeld (1989) {tvdb-79169}/Season 09/S09E16,REMOVE,Seinfeld (1989) - S09E16 - The Burning [WEBRip-1080p][AC3 2.0][h265].mkv,2704,1080p/WEBRip/DD/HEVC,0.42,/mnt/synology/rs-tv/Seinfeld (1989) {tvdb-79169}/Season 09/Seinfeld (1989) - S09E16 - The Burning [WEBRip-1080p][AC3 2.0][h265].mkv
Seinfeld (1989) {tvdb-79169}/Season 09/S09E17,KEEP,Seinfeld (1989) - S09E17 - The Bookstore [WEBDL-1080p][EAC3 2.0][h264].mkv,3523,1080p/WEBDL/DD+/AVC,2.31,/mnt/synology/rs-tv/Seinfeld (1989) {tvdb-79169}/Season 09/Seinfeld (1989) - S09E17 - The Bookstore [WEBDL-1080p][EAC3 2.0][h264].mkv
Seinfeld (1989) {tvdb-79169}/Season 09/S09E17,REMOVE,Seinfeld (1989) - S09E17 - The Bookstore [WEBRip-1080p][AC3 2.0][h265].mkv,2704,1080p/WEBRip/DD/HEVC,0.41,/mnt/synology/rs-tv/Seinfeld (1989) {tvdb-79169}/Season 09/Seinfeld (1989) - S09E17 - The Bookstore [WEBRip-1080p][AC3 2.0][h265].mkv
Seinfeld (1989) {tvdb-79169}/Season 09/S09E19,KEEP,Seinfeld (1989) - S09E19 - The Maid [WEBDL-1080p][EAC3 2.0][h264].mkv,3523,1080p/WEBDL/DD+/AVC,2.36,/mnt/synology/rs-tv/Seinfeld (1989) {tvdb-79169}/Season 09/Seinfeld (1989) - S09E19 - The Maid [WEBDL-1080p][EAC3 2.0][h264].mkv
Seinfeld (1989) {tvdb-79169}/Season 09/S09E19,REMOVE,Seinfeld (1989) - S09E19 - The Maid [WEBRip-1080p][AC3 2.0][h265].mkv,2704,1080p/WEBRip/DD/HEVC,0.42,/mnt/synology/rs-tv/Seinfeld (1989) {tvdb-79169}/Season 09/Seinfeld (1989) - S09E19 - The Maid [WEBRip-1080p][AC3 2.0][h265].mkv
Snowpiercer (2020) {tvdb-364928}/Season 01/S01E01,KEEP,Snowpiercer (2020) - S01E01 - First the Weather Changed [AMZN][WEBDL-1080p][EAC3 5.1][h264]-NTG.mkv,3534,1080p/WEBDL/DD+/AVC,3.41,/mnt/synology/rs-tv/Snowpiercer (2020) {tvdb-364928}/Season 01/Snowpiercer (2020) - S01E01 - First the Weather Changed [AMZN][WEBDL-1080p][EAC3 5.1][h264]-NTG.mkv
Snowpiercer (2020) {tvdb-364928}/Season 01/S01E01,REMOVE,Snowpiercer (2020) - S01E01 - First the Weather Changed [Bluray-1080p][EAC3 5.1][x264]-BTN.mkv,3344,1080p/Bluray/DD+/AVC,4.49,/mnt/synology/rs-tv/Snowpiercer (2020) {tvdb-364928}/Season 01/Snowpiercer (2020) - S01E01 - First the Weather Changed [Bluray-1080p][EAC3 5.1][x264]-BTN.mkv
Snowpiercer (2020) {tvdb-364928}/Season 01/S01E02,KEEP,Snowpiercer (2020) - S01E02 - Prepare to Brace [AMZN][WEBDL-1080p][EAC3 5.1][h264]-NTG.mkv,3529,1080p/WEBDL/DD+/AVC,2.94,/mnt/synology/rs-tv/Snowpiercer (2020) {tvdb-364928}/Season 01/Snowpiercer (2020) - S01E02 - Prepare to Brace [AMZN][WEBDL-1080p][EAC3 5.1][h264]-NTG.mkv
Snowpiercer (2020) {tvdb-364928}/Season 01/S01E02,REMOVE,Snowpiercer (2020) - S01E02 - Prepare to Brace [Bluray-1080p][EAC3 5.1][x264]-BTN.mkv,3338,1080p/Bluray/DD+/AVC,3.87,/mnt/synology/rs-tv/Snowpiercer (2020) {tvdb-364928}/Season 01/Snowpiercer (2020) - S01E02 - Prepare to Brace [Bluray-1080p][EAC3 5.1][x264]-BTN.mkv
Snowpiercer (2020) {tvdb-364928}/Season 01/S01E03,KEEP,Snowpiercer (2020) - S01E03 - Access Is Power [AMZN][WEBDL-1080p][EAC3 5.1][h264]-NTG.mkv,3527,1080p/WEBDL/DD+/AVC,2.73,/mnt/synology/rs-tv/Snowpiercer (2020) {tvdb-364928}/Season 01/Snowpiercer (2020) - S01E03 - Access Is Power [AMZN][WEBDL-1080p][EAC3 5.1][h264]-NTG.mkv
Snowpiercer (2020) {tvdb-364928}/Season 01/S01E03,REMOVE,Snowpiercer (2020) - S01E03 - Access Is Power [Bluray-1080p][EAC3 5.1][x264]-BTN.mkv,3335,1080p/Bluray/DD+/AVC,3.58,/mnt/synology/rs-tv/Snowpiercer (2020) {tvdb-364928}/Season 01/Snowpiercer (2020) - S01E03 - Access Is Power [Bluray-1080p][EAC3 5.1][x264]-BTN.mkv
Snowpiercer (2020) {tvdb-364928}/Season 01/S01E04,KEEP,Snowpiercer (2020) - S01E04 - Without Their Maker [AMZN][WEBDL-1080p][EAC3 5.1][h264]-NTG.mkv,3526,1080p/WEBDL/DD+/AVC,2.67,/mnt/synology/rs-tv/Snowpiercer (2020) {tvdb-364928}/Season 01/Snowpiercer (2020) - S01E04 - Without Their Maker [AMZN][WEBDL-1080p][EAC3 5.1][h264]-NTG.mkv
Snowpiercer (2020) {tvdb-364928}/Season 01/S01E04,REMOVE,Snowpiercer (2020) - S01E04 - Without Their Maker [Bluray-1080p][EAC3 5.1][x264]-BTN.mkv,3335,1080p/Bluray/DD+/AVC,3.53,/mnt/synology/rs-tv/Snowpiercer (2020) {tvdb-364928}/Season 01/Snowpiercer (2020) - S01E04 - Without Their Maker [Bluray-1080p][EAC3 5.1][x264]-BTN.mkv
Snowpiercer (2020) {tvdb-364928}/Season 01/S01E05,KEEP,Snowpiercer (2020) - S01E05 - Justice Never Boarded [AMZN][WEBDL-1080p][EAC3 5.1][h264]-NTG.mkv,3528,1080p/WEBDL/DD+/AVC,2.83,/mnt/synology/rs-tv/Snowpiercer (2020) {tvdb-364928}/Season 01/Snowpiercer (2020) - S01E05 - Justice Never Boarded [AMZN][WEBDL-1080p][EAC3 5.1][h264]-NTG.mkv
Snowpiercer (2020) {tvdb-364928}/Season 01/S01E05,REMOVE,Snowpiercer (2020) - S01E05 - Justice Never Boarded [Bluray-1080p][EAC3 5.1][x264]-BTN.mkv,3335,1080p/Bluray/DD+/AVC,3.55,/mnt/synology/rs-tv/Snowpiercer (2020) {tvdb-364928}/Season 01/Snowpiercer (2020) - S01E05 - Justice Never Boarded [Bluray-1080p][EAC3 5.1][x264]-BTN.mkv
Snowpiercer (2020) {tvdb-364928}/Season 01/S01E06,KEEP,Snowpiercer (2020) - S01E06 - Trouble Comes Sideways [AMZN][WEBDL-1080p][EAC3 5.1][h264]-NTG.mkv,3527,1080p/WEBDL/DD+/AVC,2.73,/mnt/synology/rs-tv/Snowpiercer (2020) {tvdb-364928}/Season 01/Snowpiercer (2020) - S01E06 - Trouble Comes Sideways [AMZN][WEBDL-1080p][EAC3 5.1][h264]-NTG.mkv
Snowpiercer (2020) {tvdb-364928}/Season 01/S01E06,REMOVE,Snowpiercer (2020) - S01E06 - Trouble Comes Sideways [Bluray-1080p][EAC3 5.1][x264]-BTN.mkv,3336,1080p/Bluray/DD+/AVC,3.62,/mnt/synology/rs-tv/Snowpiercer (2020) {tvdb-364928}/Season 01/Snowpiercer (2020) - S01E06 - Trouble Comes Sideways [Bluray-1080p][EAC3 5.1][x264]-BTN.mkv
Snowpiercer (2020) {tvdb-364928}/Season 01/S01E07,KEEP,Snowpiercer (2020) - S01E07 - The Universe Is Indifferent [AMZN][WEBDL-1080p][EAC3 5.1][h264]-NTG.mkv,3528,1080p/WEBDL/DD+/AVC,2.81,/mnt/synology/rs-tv/Snowpiercer (2020) {tvdb-364928}/Season 01/Snowpiercer (2020) - S01E07 - The Universe Is Indifferent [AMZN][WEBDL-1080p][EAC3 5.1][h264]-NTG.mkv
Snowpiercer (2020) {tvdb-364928}/Season 01/S01E07,REMOVE,Snowpiercer (2020) - S01E07 - The Universe Is Indifferent [Bluray-1080p][EAC3 5.1][x264]-BTN.mkv,3335,1080p/Bluray/DD+/AVC,3.58,/mnt/synology/rs-tv/Snowpiercer (2020) {tvdb-364928}/Season 01/Snowpiercer (2020) - S01E07 - The Universe Is Indifferent [Bluray-1080p][EAC3 5.1][x264]-BTN.mkv
Snowpiercer (2020) {tvdb-364928}/Season 01/S01E08,KEEP,Snowpiercer (2020) - S01E08 - These Are His Revolutions [AMZN][WEBDL-1080p][EAC3 5.1][h264]-NTG.mkv,3530,1080p/WEBDL/DD+/AVC,3.07,/mnt/synology/rs-tv/Snowpiercer (2020) {tvdb-364928}/Season 01/Snowpiercer (2020) - S01E08 - These Are His Revolutions [AMZN][WEBDL-1080p][EAC3 5.1][h264]-NTG.mkv
Snowpiercer (2020) {tvdb-364928}/Season 01/S01E08,REMOVE,Snowpiercer (2020) - S01E08 - These Are His Revolutions [Bluray-1080p][EAC3 5.1][x264]-BTN.mkv,3338,1080p/Bluray/DD+/AVC,3.87,/mnt/synology/rs-tv/Snowpiercer (2020) {tvdb-364928}/Season 01/Snowpiercer (2020) - S01E08 - These Are His Revolutions [Bluray-1080p][EAC3 5.1][x264]-BTN.mkv
Snowpiercer (2020) {tvdb-364928}/Season 01/S01E09,KEEP,Snowpiercer (2020) - S01E09 - The Train Demanded Blood [AMZN][WEBDL-1080p][EAC3 5.1][h264]-NTG.mkv,3525,1080p/WEBDL/DD+/AVC,2.59,/mnt/synology/rs-tv/Snowpiercer (2020) {tvdb-364928}/Season 01/Snowpiercer (2020) - S01E09 - The Train Demanded Blood [AMZN][WEBDL-1080p][EAC3 5.1][h264]-NTG.mkv
Snowpiercer (2020) {tvdb-364928}/Season 01/S01E09,REMOVE,Snowpiercer (2020) - S01E09 - The Train Demanded Blood [Bluray-1080p][EAC3 5.1][x264]-BTN.mkv,3334,1080p/Bluray/DD+/AVC,3.44,/mnt/synology/rs-tv/Snowpiercer (2020) {tvdb-364928}/Season 01/Snowpiercer (2020) - S01E09 - The Train Demanded Blood [Bluray-1080p][EAC3 5.1][x264]-BTN.mkv
Snowpiercer (2020) {tvdb-364928}/Season 01/S01E10,KEEP,Snowpiercer (2020) - S01E10 - 994 Cars Long [AMZN][WEBDL-1080p Proper][EAC3 5.1][h264]-NTG.mkv,3528,1080p/WEBDL/DD+/AVC,2.90,/mnt/synology/rs-tv/Snowpiercer (2020) {tvdb-364928}/Season 01/Snowpiercer (2020) - S01E10 - 994 Cars Long [AMZN][WEBDL-1080p Proper][EAC3 5.1][h264]-NTG.mkv
Snowpiercer (2020) {tvdb-364928}/Season 01/S01E10,REMOVE,Snowpiercer (2020) - S01E10 - 994 Cars Long [Bluray-1080p][EAC3 5.1][x264]-BTN.mkv,3336,1080p/Bluray/DD+/AVC,3.69,/mnt/synology/rs-tv/Snowpiercer (2020) {tvdb-364928}/Season 01/Snowpiercer (2020) - S01E10 - 994 Cars Long [Bluray-1080p][EAC3 5.1][x264]-BTN.mkv
Squid Game - The Challenge (2023) {tvdb-421260}/Season 02/S02E04,KEEP,Squid Game - The Challenge (2023) - S02E04 - Mingle [WEBDL-1080p][EAC3 5.1][x264].mkv,3528,1080p/WEBDL/DD+/AVC,2.86,/mnt/synology/rs-tv/Squid Game - The Challenge (2023) {tvdb-421260}/Season 02/Squid Game - The Challenge (2023) - S02E04 - Mingle [WEBDL-1080p][EAC3 5.1][x264].mkv
Squid Game - The Challenge (2023) {tvdb-421260}/Season 02/S02E04,REMOVE,Squid Game - The Challenge (2023) - S02E04 - Mingle [NF][WEBDL-1080p][EAC3 5.1][x264]-FLUX.mkv,3528,1080p/WEBDL/DD+/AVC,2.86,/mnt/synology/rs-tv/Squid Game - The Challenge (2023) {tvdb-421260}/Season 02/Squid Game - The Challenge (2023) - S02E04 - Mingle [NF][WEBDL-1080p][EAC3 5.1][x264]-FLUX.mkv
Stargate SG-1 (1997) {tvdb-72449}/Season 07/S07E14,KEEP,Stargate SG-1 (1997) - S07E14 - Fallout [Bluray-1080p][EAC3 2.0][AVC]-PiR8.mkv,3329,1080p/Bluray/DD+/AVC,2.95,/mnt/synology/rs-tv/Stargate SG-1 (1997) {tvdb-72449}/Season 07/Stargate SG-1 (1997) - S07E14 - Fallout [Bluray-1080p][EAC3 2.0][AVC]-PiR8.mkv
Stargate SG-1 (1997) {tvdb-72449}/Season 07/S07E14,REMOVE,Stargate SG-1 (1997) - S07E14 - Fallout [HDTV-1080p][MP2 2.0][h264]-SFM.mkv,2367,1080p/HDTV/AVC,1.76,/mnt/synology/rs-tv/Stargate SG-1 (1997) {tvdb-72449}/Season 07/Stargate SG-1 (1997) - S07E14 - Fallout [HDTV-1080p][MP2 2.0][h264]-SFM.mkv
Station 19 (2018) {tvdb-341852}/Season 01/S01E04,KEEP,Station 19 (2018) - S01E04 - Reignited [AMZN][WEBDL-1080p][EAC3 5.1][h264]-NTb.mkv,3535,1080p/WEBDL/DD+/AVC,3.60,/mnt/synology/rs-tv/Station 19 (2018) {tvdb-341852}/Season 01/Station 19 (2018) - S01E04 - Reignited [AMZN][WEBDL-1080p][EAC3 5.1][h264]-NTb.mkv
Station 19 (2018) {tvdb-341852}/Season 01/S01E04,REMOVE,Station 19 (2018) - S01E04 - Reignited [WEBDL-1080p][EAC3 5.1][h264].mkv,3526,1080p/WEBDL/DD+/AVC,2.63,/mnt/synology/rs-tv/Station 19 (2018) {tvdb-341852}/Season 01/Station 19 (2018) - S01E04 - Reignited [WEBDL-1080p][EAC3 5.1][h264].mkv
Strike Back (2010) {tvdb-148581}/Season 08/S08E10,KEEP,Strike Back (2010) - S08E10 - Episode 10 [WEBDL-1080p][EAC3 5.1][h264]-NTb.mkv,3534,1080p/WEBDL/DD+/AVC,3.45,/mnt/synology/rs-tv/Strike Back (2010) {tvdb-148581}/Season 08/Strike Back (2010) - S08E10 - Episode 10 [WEBDL-1080p][EAC3 5.1][h264]-NTb.mkv
Strike Back (2010) {tvdb-148581}/Season 08/S08E10,REMOVE,Strike Back (2010) - S08E10 - Episode 10 [HDTV-1080p][EAC3 5.1][h264].MKV,2534,1080p/HDTV/DD+/AVC,3.45,/mnt/synology/rs-tv/Strike Back (2010) {tvdb-148581}/Season 08/Strike Back (2010) - S08E10 - Episode 10 [HDTV-1080p][EAC3 5.1][h264].MKV
Terminator Zero (2024) {tvdb-442145}/Season 01/S01E01,KEEP,Terminator Zero (2024) - S01E01 - Model 101 [WEBDL-1080p][EAC3 5.1][x264]-FLUX.mkv,3512,1080p/WEBDL/DD+/AVC,1.20,/mnt/synology/rs-tv/Terminator Zero (2024) {tvdb-442145}/Season 01/Terminator Zero (2024) - S01E01 - Model 101 [WEBDL-1080p][EAC3 5.1][x264]-FLUX.mkv
Terminator Zero (2024) {tvdb-442145}/Season 01/S01E01,REMOVE,Terminator Zero (2024) - S01E01 - 001 - Model 101 [WEBDL-1080p][EAC3 5.1][JA+EN][x264 8bit]-FLUX.mkv,3512,1080p/WEBDL/DD+/AVC,1.20,/mnt/synology/rs-tv/Terminator Zero (2024) {tvdb-442145}/Season 01/Terminator Zero (2024) - S01E01 - 001 - Model 101 [WEBDL-1080p][EAC3 5.1][JA+EN][x264 8bit]-FLUX.mkv
Terminator Zero (2024) {tvdb-442145}/Season 01/S01E02,KEEP,Terminator Zero (2024) - S01E02 - Model 102 [WEBDL-1080p][EAC3 5.1][x264]-FLUX.mkv,3512,1080p/WEBDL/DD+/AVC,1.22,/mnt/synology/rs-tv/Terminator Zero (2024) {tvdb-442145}/Season 01/Terminator Zero (2024) - S01E02 - Model 102 [WEBDL-1080p][EAC3 5.1][x264]-FLUX.mkv
Terminator Zero (2024) {tvdb-442145}/Season 01/S01E02,REMOVE,Terminator Zero (2024) - S01E02 - 002 - Model 102 [WEBDL-1080p][EAC3 5.1][JA+EN][x264 8bit]-FLUX.mkv,3512,1080p/WEBDL/DD+/AVC,1.22,/mnt/synology/rs-tv/Terminator Zero (2024) {tvdb-442145}/Season 01/Terminator Zero (2024) - S01E02 - 002 - Model 102 [WEBDL-1080p][EAC3 5.1][JA+EN][x264 8bit]-FLUX.mkv
Terminator Zero (2024) {tvdb-442145}/Season 01/S01E03,KEEP,Terminator Zero (2024) - S01E03 - Model 103 [WEBDL-1080p][EAC3 5.1][x264]-FLUX.mkv,3512,1080p/WEBDL/DD+/AVC,1.27,/mnt/synology/rs-tv/Terminator Zero (2024) {tvdb-442145}/Season 01/Terminator Zero (2024) - S01E03 - Model 103 [WEBDL-1080p][EAC3 5.1][x264]-FLUX.mkv
Terminator Zero (2024) {tvdb-442145}/Season 01/S01E03,REMOVE,Terminator Zero (2024) - S01E03 - 003 - Model 103 [WEBDL-1080p][EAC3 5.1][JA+EN][x264 8bit]-FLUX.mkv,3512,1080p/WEBDL/DD+/AVC,1.27,/mnt/synology/rs-tv/Terminator Zero (2024) {tvdb-442145}/Season 01/Terminator Zero (2024) - S01E03 - 003 - Model 103 [WEBDL-1080p][EAC3 5.1][JA+EN][x264 8bit]-FLUX.mkv
Terminator Zero (2024) {tvdb-442145}/Season 01/S01E04,KEEP,Terminator Zero (2024) - S01E04 - Model 104 [WEBDL-1080p][EAC3 5.1][x264]-FLUX.mkv,3511,1080p/WEBDL/DD+/AVC,1.16,/mnt/synology/rs-tv/Terminator Zero (2024) {tvdb-442145}/Season 01/Terminator Zero (2024) - S01E04 - Model 104 [WEBDL-1080p][EAC3 5.1][x264]-FLUX.mkv
Terminator Zero (2024) {tvdb-442145}/Season 01/S01E04,REMOVE,Terminator Zero (2024) - S01E04 - 004 - Model 104 [WEBDL-1080p][EAC3 5.1][JA+EN][x264 8bit]-FLUX.mkv,3511,1080p/WEBDL/DD+/AVC,1.16,/mnt/synology/rs-tv/Terminator Zero (2024) {tvdb-442145}/Season 01/Terminator Zero (2024) - S01E04 - 004 - Model 104 [WEBDL-1080p][EAC3 5.1][JA+EN][x264 8bit]-FLUX.mkv
Terminator Zero (2024) {tvdb-442145}/Season 01/S01E05,KEEP,Terminator Zero (2024) - S01E05 - Model 105 [WEBDL-1080p][EAC3 5.1][x264]-FLUX.mkv,3512,1080p/WEBDL/DD+/AVC,1.26,/mnt/synology/rs-tv/Terminator Zero (2024) {tvdb-442145}/Season 01/Terminator Zero (2024) - S01E05 - Model 105 [WEBDL-1080p][EAC3 5.1][x264]-FLUX.mkv
Terminator Zero (2024) {tvdb-442145}/Season 01/S01E05,REMOVE,Terminator Zero (2024) - S01E05 - 005 - Model 105 [WEBDL-1080p][EAC3 5.1][JA+EN][x264 8bit]-FLUX.mkv,3512,1080p/WEBDL/DD+/AVC,1.26,/mnt/synology/rs-tv/Terminator Zero (2024) {tvdb-442145}/Season 01/Terminator Zero (2024) - S01E05 - 005 - Model 105 [WEBDL-1080p][EAC3 5.1][JA+EN][x264 8bit]-FLUX.mkv
Terminator Zero (2024) {tvdb-442145}/Season 01/S01E06,KEEP,Terminator Zero (2024) - S01E06 - 006 - Model 106 [WEBDL-1080p][EAC3 5.1][JA+EN][x264 8bit]-FLUX.mkv,3510,1080p/WEBDL/DD+/AVC,1.10,/mnt/synology/rs-tv/Terminator Zero (2024) {tvdb-442145}/Season 01/Terminator Zero (2024) - S01E06 - 006 - Model 106 [WEBDL-1080p][EAC3 5.1][JA+EN][x264 8bit]-FLUX.mkv
Terminator Zero (2024) {tvdb-442145}/Season 01/S01E06,REMOVE,Terminator Zero (2024) - S01E06 - Model 106 [WEBDL-1080p][EAC3 5.1][x264]-FLUX.mkv,3510,1080p/WEBDL/DD+/AVC,1.10,/mnt/synology/rs-tv/Terminator Zero (2024) {tvdb-442145}/Season 01/Terminator Zero (2024) - S01E06 - Model 106 [WEBDL-1080p][EAC3 5.1][x264]-FLUX.mkv
Terminator Zero (2024) {tvdb-442145}/Season 01/S01E07,KEEP,Terminator Zero (2024) - S01E07 - Model 107 [WEBDL-1080p][EAC3 5.1][x264]-FLUX.mkv,3512,1080p/WEBDL/DD+/AVC,1.22,/mnt/synology/rs-tv/Terminator Zero (2024) {tvdb-442145}/Season 01/Terminator Zero (2024) - S01E07 - Model 107 [WEBDL-1080p][EAC3 5.1][x264]-FLUX.mkv
Terminator Zero (2024) {tvdb-442145}/Season 01/S01E07,REMOVE,Terminator Zero (2024) - S01E07 - 007 - Model 107 [WEBDL-1080p][EAC3 5.1][JA+EN][x264 8bit]-FLUX.mkv,3512,1080p/WEBDL/DD+/AVC,1.22,/mnt/synology/rs-tv/Terminator Zero (2024) {tvdb-442145}/Season 01/Terminator Zero (2024) - S01E07 - 007 - Model 107 [WEBDL-1080p][EAC3 5.1][JA+EN][x264 8bit]-FLUX.mkv
Terminator Zero (2024) {tvdb-442145}/Season 01/S01E08,KEEP,Terminator Zero (2024) - S01E08 - 008 - Model 108 [WEBDL-1080p][EAC3 5.1][JA+EN][x264 8bit]-FLUX.mkv,3512,1080p/WEBDL/DD+/AVC,1.22,/mnt/synology/rs-tv/Terminator Zero (2024) {tvdb-442145}/Season 01/Terminator Zero (2024) - S01E08 - 008 - Model 108 [WEBDL-1080p][EAC3 5.1][JA+EN][x264 8bit]-FLUX.mkv
Terminator Zero (2024) {tvdb-442145}/Season 01/S01E08,REMOVE,Terminator Zero (2024) - S01E08 - Model 108 [WEBDL-1080p][EAC3 5.1][x264]-FLUX.mkv,3512,1080p/WEBDL/DD+/AVC,1.22,/mnt/synology/rs-tv/Terminator Zero (2024) {tvdb-442145}/Season 01/Terminator Zero (2024) - S01E08 - Model 108 [WEBDL-1080p][EAC3 5.1][x264]-FLUX.mkv
The Blacklist (2013) {tvdb-266189}/Season 06/S06E01,KEEP,The Blacklist (2013) - S06E01 - Dr. Hans Koehler [Bluray-1080p][DTS 5.1][x264]-ROVERS.mkv,3382,1080p/Bluray/DTS/AVC,3.28,/mnt/synology/rs-tv/The Blacklist (2013) {tvdb-266189}/Season 06/The Blacklist (2013) - S06E01 - Dr. Hans Koehler [Bluray-1080p][DTS 5.1][x264]-ROVERS.mkv
The Blacklist (2013) {tvdb-266189}/Season 06/S06E01,REMOVE,The Blacklist (2013) - S06E01 - Dr. Hans Koehler [HDTV-720p][AC3 5.1][x264].mkv,458,720p/HDTV/DD/AVC,0.88,/mnt/synology/rs-tv/The Blacklist (2013) {tvdb-266189}/Season 06/The Blacklist (2013) - S06E01 - Dr. Hans Koehler [HDTV-720p][AC3 5.1][x264].mkv
The Bondsman (2025) {tvdb-436695}/Season 01/S01E01,KEEP,The Bondsman (2025) - S01E01 - Pot O’Gold [AMZN][WEBDL-1080p][EAC3 5.1][h264]-FLUX.mkv,3522,1080p/WEBDL/DD+/AVC,2.26,/mnt/synology/rs-tv/The Bondsman (2025) {tvdb-436695}/Season 01/The Bondsman (2025) - S01E01 - Pot O’Gold [AMZN][WEBDL-1080p][EAC3 5.1][h264]-FLUX.mkv
The Bondsman (2025) {tvdb-436695}/Season 01/S01E01,REMOVE,The Bondsman (2025) - S01E01 - Pot O’Gold [WEBRip-1080p][EAC3 5.1][x265]-HODL.mkv,2754,1080p/WEBRip/DD+/HEVC,0.50,/mnt/synology/rs-tv/The Bondsman (2025) {tvdb-436695}/Season 01/The Bondsman (2025) - S01E01 - Pot O’Gold [WEBRip-1080p][EAC3 5.1][x265]-HODL.mkv
The Bondsman (2025) {tvdb-436695}/Season 01/S01E02,KEEP,The Bondsman (2025) - S01E02 - Valacor [AMZN][WEBDL-1080p][EAC3 5.1][h264]-FLUX.mkv,3517,1080p/WEBDL/DD+/AVC,1.78,/mnt/synology/rs-tv/The Bondsman (2025) {tvdb-436695}/Season 01/The Bondsman (2025) - S01E02 - Valacor [AMZN][WEBDL-1080p][EAC3 5.1][h264]-FLUX.mkv
The Bondsman (2025) {tvdb-436695}/Season 01/S01E02,REMOVE,The Bondsman (2025) - S01E02 - Valacor [WEBRip-1080p][EAC3 5.1][x265]-HODL.mkv,2753,1080p/WEBRip/DD+/HEVC,0.39,/mnt/synology/rs-tv/The Bondsman (2025) {tvdb-436695}/Season 01/The Bondsman (2025) - S01E02 - Valacor [WEBRip-1080p][EAC3 5.1][x265]-HODL.mkv
The Bondsman (2025) {tvdb-436695}/Season 01/S01E03,KEEP,The Bondsman (2025) - S01E03 - Marphos [AMZN][WEBDL-1080p][EAC3 5.1][h264]-FLUX.mkv,3520,1080p/WEBDL/DD+/AVC,2.05,/mnt/synology/rs-tv/The Bondsman (2025) {tvdb-436695}/Season 01/The Bondsman (2025) - S01E03 - Marphos [AMZN][WEBDL-1080p][EAC3 5.1][h264]-FLUX.mkv
The Bondsman (2025) {tvdb-436695}/Season 01/S01E03,REMOVE,The Bondsman (2025) - S01E03 - Marphos [WEBRip-1080p][EAC3 5.1][x265]-HODL.mkv,2754,1080p/WEBRip/DD+/HEVC,0.44,/mnt/synology/rs-tv/The Bondsman (2025) {tvdb-436695}/Season 01/The Bondsman (2025) - S01E03 - Marphos [WEBRip-1080p][EAC3 5.1][x265]-HODL.mkv
The Bondsman (2025) {tvdb-436695}/Season 01/S01E04,KEEP,The Bondsman (2025) - S01E04 - Erdos [AMZN][WEBDL-1080p][EAC3 5.1][h264]-FLUX.mkv,3518,1080p/WEBDL/DD+/AVC,1.86,/mnt/synology/rs-tv/The Bondsman (2025) {tvdb-436695}/Season 01/The Bondsman (2025) - S01E04 - Erdos [AMZN][WEBDL-1080p][EAC3 5.1][h264]-FLUX.mkv
The Bondsman (2025) {tvdb-436695}/Season 01/S01E04,REMOVE,The Bondsman (2025) - S01E04 - Erdos [WEBRip-1080p][EAC3 5.1][x265]-HODL.mkv,2754,1080p/WEBRip/DD+/HEVC,0.40,/mnt/synology/rs-tv/The Bondsman (2025) {tvdb-436695}/Season 01/The Bondsman (2025) - S01E04 - Erdos [WEBRip-1080p][EAC3 5.1][x265]-HODL.mkv
The Bondsman (2025) {tvdb-436695}/Season 01/S01E05,KEEP,The Bondsman (2025) - S01E05 - Slypharis [AMZN][WEBDL-1080p][EAC3 5.1][h264]-FLUX.mkv,3519,1080p/WEBDL/DD+/AVC,1.95,/mnt/synology/rs-tv/The Bondsman (2025) {tvdb-436695}/Season 01/The Bondsman (2025) - S01E05 - Slypharis [AMZN][WEBDL-1080p][EAC3 5.1][h264]-FLUX.mkv
The Bondsman (2025) {tvdb-436695}/Season 01/S01E05,REMOVE,The Bondsman (2025) - S01E05 - Slypharis [WEBRip-1080p][EAC3 5.1][x265]-HODL.mkv,2754,1080p/WEBRip/DD+/HEVC,0.43,/mnt/synology/rs-tv/The Bondsman (2025) {tvdb-436695}/Season 01/The Bondsman (2025) - S01E05 - Slypharis [WEBRip-1080p][EAC3 5.1][x265]-HODL.mkv
The Bondsman (2025) {tvdb-436695}/Season 01/S01E06,KEEP,The Bondsman (2025) - S01E06 - Revelations [AMZN][WEBDL-1080p][EAC3 5.1][h264]-FLUX.mkv,3520,1080p/WEBDL/DD+/AVC,2.09,/mnt/synology/rs-tv/The Bondsman (2025) {tvdb-436695}/Season 01/The Bondsman (2025) - S01E06 - Revelations [AMZN][WEBDL-1080p][EAC3 5.1][h264]-FLUX.mkv
The Bondsman (2025) {tvdb-436695}/Season 01/S01E06,REMOVE,The Bondsman (2025) - S01E06 - Revelations [WEBRip-1080p][EAC3 5.1][x265]-HODL.mkv,2754,1080p/WEBRip/DD+/HEVC,0.45,/mnt/synology/rs-tv/The Bondsman (2025) {tvdb-436695}/Season 01/The Bondsman (2025) - S01E06 - Revelations [WEBRip-1080p][EAC3 5.1][x265]-HODL.mkv
The Bondsman (2025) {tvdb-436695}/Season 01/S01E07,KEEP,The Bondsman (2025) - S01E07 - Pyralis [AMZN][WEBDL-1080p][EAC3 5.1][h264]-FLUX.mkv,3516,1080p/WEBDL/DD+/AVC,1.63,/mnt/synology/rs-tv/The Bondsman (2025) {tvdb-436695}/Season 01/The Bondsman (2025) - S01E07 - Pyralis [AMZN][WEBDL-1080p][EAC3 5.1][h264]-FLUX.mkv
The Bondsman (2025) {tvdb-436695}/Season 01/S01E07,REMOVE,The Bondsman (2025) - S01E07 - Pyralis [WEBRip-1080p][EAC3 5.1][x265]-HODL.mkv,2753,1080p/WEBRip/DD+/HEVC,0.36,/mnt/synology/rs-tv/The Bondsman (2025) {tvdb-436695}/Season 01/The Bondsman (2025) - S01E07 - Pyralis [WEBRip-1080p][EAC3 5.1][x265]-HODL.mkv
The Bondsman (2025) {tvdb-436695}/Season 01/S01E08,KEEP,The Bondsman (2025) - S01E08 - Lilith [AMZN][WEBDL-1080p][EAC3 5.1][h264]-FLUX.mkv,3518,1080p/WEBDL/DD+/AVC,1.84,/mnt/synology/rs-tv/The Bondsman (2025) {tvdb-436695}/Season 01/The Bondsman (2025) - S01E08 - Lilith [AMZN][WEBDL-1080p][EAC3 5.1][h264]-FLUX.mkv
The Bondsman (2025) {tvdb-436695}/Season 01/S01E08,REMOVE,The Bondsman (2025) - S01E08 - Lilith [WEBRip-1080p][EAC3 5.1][x265]-HODL.mkv,2754,1080p/WEBRip/DD+/HEVC,0.40,/mnt/synology/rs-tv/The Bondsman (2025) {tvdb-436695}/Season 01/The Bondsman (2025) - S01E08 - Lilith [WEBRip-1080p][EAC3 5.1][x265]-HODL.mkv
The Right Stuff (2020) {tvdb-362576}/Season 01/S01E04,KEEP,The Right Stuff (2020) - S01E04 - Advent [WEBDL-1080p][EAC3 Atmos 5.1][h264]-LAZY.mkv,3881,1080p/WEBDL/Atmos/AVC,3.18,/mnt/synology/rs-tv/The Right Stuff (2020) {tvdb-362576}/Season 01/The Right Stuff (2020) - S01E04 - Advent [WEBDL-1080p][EAC3 Atmos 5.1][h264]-LAZY.mkv
The Right Stuff (2020) {tvdb-362576}/Season 01/S01E04,REMOVE,The Right Stuff (2020) - S01E04 - Advent [HDTV-720p][EAC3 5.1][h264].mkv,515,720p/HDTV/DD+/AVC,1.55,/mnt/synology/rs-tv/The Right Stuff (2020) {tvdb-362576}/Season 01/The Right Stuff (2020) - S01E04 - Advent [HDTV-720p][EAC3 5.1][h264].mkv
The Righteous Gemstones (2019) {tvdb-357223}/Season 04/S04E09,KEEP,The Righteous Gemstones (2019) - S04E09 - That Man of God May Be Complete [WEBDL-1080p][EAC3 Atmos 5.1][h264]-FLUX.mkv,3881,1080p/WEBDL/Atmos/AVC,3.13,/mnt/synology/rs-tv/The Righteous Gemstones (2019) {tvdb-357223}/Season 04/The Righteous Gemstones (2019) - S04E09 - That Man of God May Be Complete [WEBDL-1080p][EAC3 Atmos 5.1][h264]-FLUX.mkv
The Righteous Gemstones (2019) {tvdb-357223}/Season 04/S04E09,REMOVE,The Righteous Gemstones (2019) - S04E09 - That Man of God May Be Complete [WEBDL-1080p][EAC3 5.1][h264]-SuccessfulCrab.mkv,3531,1080p/WEBDL/DD+/AVC,3.13,/mnt/synology/rs-tv/The Righteous Gemstones (2019) {tvdb-357223}/Season 04/The Righteous Gemstones (2019) - S04E09 - That Man of God May Be Complete [WEBDL-1080p][EAC3 5.1][h264]-SuccessfulCrab.mkv
The Simpsons (1989) {tvdb-71663}/Season 37/S37E12,KEEP,The Simpsons (1989) - S37E12 - ¡The Fall Guy-Yi-Yi! [DSNP][WEBDL-1080p][EAC3 5.1][h264]-FLUX.mkv,3506,1080p/WEBDL/DD+/AVC,0.67,/mnt/synology/rs-tv/The Simpsons (1989) {tvdb-71663}/Season 37/The Simpsons (1989) - S37E12 - ¡The Fall Guy-Yi-Yi! [DSNP][WEBDL-1080p][EAC3 5.1][h264]-FLUX.mkv
The Simpsons (1989) {tvdb-71663}/Season 37/S37E12,REMOVE,The Simpsons (1989) - S37E12 - ¡The Fall Guy-Yi-Yi! [[Trash] Release Sources (Streaming Service)_25_3 Release Sources (Streaming Service)_22_1][WEBDL-1080p][EAC3 5.1][h264]-FLUX.mkv,3506,1080p/WEBDL/DD+/AVC,0.67,/mnt/synology/rs-tv/The Simpsons (1989) {tvdb-71663}/Season 37/The Simpsons (1989) - S37E12 - ¡The Fall Guy-Yi-Yi! [[Trash] Release Sources (Streaming Service)_25_3 Release Sources (Streaming Service)_22_1][WEBDL-1080p][EAC3 5.1][h264]-FLUX.mkv
Twilight of the Gods (2024) {tvdb-404605}/Season 01/S01E01,KEEP,Twilight of the Gods (2024) - S01E01 - The Bride-Price [NF][WEBDL-1080p][EAC3 Atmos 5.1][x264]-BYNDR.mkv,3862,1080p/WEBDL/Atmos/AVC,1.25,/mnt/synology/rs-tv/Twilight of the Gods (2024) {tvdb-404605}/Season 01/Twilight of the Gods (2024) - S01E01 - The Bride-Price [NF][WEBDL-1080p][EAC3 Atmos 5.1][x264]-BYNDR.mkv
Twilight of the Gods (2024) {tvdb-404605}/Season 01/S01E01,REMOVE,Twilight of the Gods (2024) - S01E01 - The Bride-Price [WEBRip-1080p][EAC3 Atmos 5.1][x265]-iVy.mkv,3104,1080p/WEBRip/Atmos/HEVC,0.45,/mnt/synology/rs-tv/Twilight of the Gods (2024) {tvdb-404605}/Season 01/Twilight of the Gods (2024) - S01E01 - The Bride-Price [WEBRip-1080p][EAC3 Atmos 5.1][x265]-iVy.mkv
Twilight of the Gods (2024) {tvdb-404605}/Season 01/S01E02,KEEP,Twilight of the Gods (2024) - S01E02 - Heretic Spear [NF][WEBDL-1080p][EAC3 Atmos 5.1][x264]-BYNDR.mkv,3860,1080p/WEBDL/Atmos/AVC,1.06,/mnt/synology/rs-tv/Twilight of the Gods (2024) {tvdb-404605}/Season 01/Twilight of the Gods (2024) - S01E02 - Heretic Spear [NF][WEBDL-1080p][EAC3 Atmos 5.1][x264]-BYNDR.mkv
Twilight of the Gods (2024) {tvdb-404605}/Season 01/S01E02,REMOVE,Twilight of the Gods (2024) - S01E02 - Heretic Spear [WEBRip-1080p][EAC3 Atmos 5.1][x265]-iVy.mkv,3103,1080p/WEBRip/Atmos/HEVC,0.35,/mnt/synology/rs-tv/Twilight of the Gods (2024) {tvdb-404605}/Season 01/Twilight of the Gods (2024) - S01E02 - Heretic Spear [WEBRip-1080p][EAC3 Atmos 5.1][x265]-iVy.mkv
Twilight of the Gods (2024) {tvdb-404605}/Season 01/S01E03,KEEP,Twilight of the Gods (2024) - S01E03 - You Will Gladden His Ravens [NF][WEBDL-1080p][EAC3 Atmos 5.1][x264]-BYNDR.mkv,3860,1080p/WEBDL/Atmos/AVC,1.04,/mnt/synology/rs-tv/Twilight of the Gods (2024) {tvdb-404605}/Season 01/Twilight of the Gods (2024) - S01E03 - You Will Gladden His Ravens [NF][WEBDL-1080p][EAC3 Atmos 5.1][x264]-BYNDR.mkv
Twilight of the Gods (2024) {tvdb-404605}/Season 01/S01E03,REMOVE,Twilight of the Gods (2024) - S01E03 - You Will Gladden His Ravens [WEBRip-1080p][EAC3 Atmos 5.1][x265]-iVy.mkv,3103,1080p/WEBRip/Atmos/HEVC,0.39,/mnt/synology/rs-tv/Twilight of the Gods (2024) {tvdb-404605}/Season 01/Twilight of the Gods (2024) - S01E03 - You Will Gladden His Ravens [WEBRip-1080p][EAC3 Atmos 5.1][x265]-iVy.mkv
Twilight of the Gods (2024) {tvdb-404605}/Season 01/S01E04,KEEP,Twilight of the Gods (2024) - S01E04 - The Worm [NF][WEBDL-1080p][EAC3 Atmos 5.1][x264]-BYNDR.mkv,3861,1080p/WEBDL/Atmos/AVC,1.19,/mnt/synology/rs-tv/Twilight of the Gods (2024) {tvdb-404605}/Season 01/Twilight of the Gods (2024) - S01E04 - The Worm [NF][WEBDL-1080p][EAC3 Atmos 5.1][x264]-BYNDR.mkv
Twilight of the Gods (2024) {tvdb-404605}/Season 01/S01E04,REMOVE,Twilight of the Gods (2024) - S01E04 - The Worm [WEBRip-1080p][EAC3 Atmos 5.1][x265]-iVy.mkv,3103,1080p/WEBRip/Atmos/HEVC,0.39,/mnt/synology/rs-tv/Twilight of the Gods (2024) {tvdb-404605}/Season 01/Twilight of the Gods (2024) - S01E04 - The Worm [WEBRip-1080p][EAC3 Atmos 5.1][x265]-iVy.mkv
Twilight of the Gods (2024) {tvdb-404605}/Season 01/S01E05,KEEP,Twilight of the Gods (2024) - S01E05 - The Scapegoat God [NF][WEBDL-1080p][EAC3 Atmos 5.1][x264]-BYNDR.mkv,3861,1080p/WEBDL/Atmos/AVC,1.12,/mnt/synology/rs-tv/Twilight of the Gods (2024) {tvdb-404605}/Season 01/Twilight of the Gods (2024) - S01E05 - The Scapegoat God [NF][WEBDL-1080p][EAC3 Atmos 5.1][x264]-BYNDR.mkv
Twilight of the Gods (2024) {tvdb-404605}/Season 01/S01E05,REMOVE,Twilight of the Gods (2024) - S01E05 - The Scapegoat God [WEBRip-1080p][EAC3 Atmos 5.1][x265]-iVy.mkv,3104,1080p/WEBRip/Atmos/HEVC,0.44,/mnt/synology/rs-tv/Twilight of the Gods (2024) {tvdb-404605}/Season 01/Twilight of the Gods (2024) - S01E05 - The Scapegoat God [WEBRip-1080p][EAC3 Atmos 5.1][x265]-iVy.mkv
Twilight of the Gods (2024) {tvdb-404605}/Season 01/S01E06,KEEP,Twilight of the Gods (2024) - S01E06 - Now Hear Of… [NF][WEBDL-1080p][EAC3 Atmos 5.1][x264]-BYNDR.mkv,3861,1080p/WEBDL/Atmos/AVC,1.13,/mnt/synology/rs-tv/Twilight of the Gods (2024) {tvdb-404605}/Season 01/Twilight of the Gods (2024) - S01E06 - Now Hear Of… [NF][WEBDL-1080p][EAC3 Atmos 5.1][x264]-BYNDR.mkv
Twilight of the Gods (2024) {tvdb-404605}/Season 01/S01E06,REMOVE,Twilight of the Gods (2024) - S01E06 - Now Hear Of… [WEBRip-1080p][EAC3 Atmos 5.1][x265]-iVy.mkv,3104,1080p/WEBRip/Atmos/HEVC,0.40,/mnt/synology/rs-tv/Twilight of the Gods (2024) {tvdb-404605}/Season 01/Twilight of the Gods (2024) - S01E06 - Now Hear Of… [WEBRip-1080p][EAC3 Atmos 5.1][x265]-iVy.mkv
Twilight of the Gods (2024) {tvdb-404605}/Season 01/S01E07,KEEP,Twilight of the Gods (2024) - S01E07 - If I Had a Hammer [NF][WEBDL-1080p][EAC3 Atmos 5.1][x264]-BYNDR.mkv,3860,1080p/WEBDL/Atmos/AVC,1.04,/mnt/synology/rs-tv/Twilight of the Gods (2024) {tvdb-404605}/Season 01/Twilight of the Gods (2024) - S01E07 - If I Had a Hammer [NF][WEBDL-1080p][EAC3 Atmos 5.1][x264]-BYNDR.mkv
Twilight of the Gods (2024) {tvdb-404605}/Season 01/S01E07,REMOVE,Twilight of the Gods (2024) - S01E07 - If I Had a Hammer [WEBRip-1080p][EAC3 Atmos 5.1][x265]-iVy.mkv,3103,1080p/WEBRip/Atmos/HEVC,0.36,/mnt/synology/rs-tv/Twilight of the Gods (2024) {tvdb-404605}/Season 01/Twilight of the Gods (2024) - S01E07 - If I Had a Hammer [WEBRip-1080p][EAC3 Atmos 5.1][x265]-iVy.mkv
Twilight of the Gods (2024) {tvdb-404605}/Season 01/S01E08,KEEP,Twilight of the Gods (2024) - S01E08 - Song of Sigrid [NF][WEBDL-1080p][EAC3 Atmos 5.1][x264]-BYNDR.mkv,3866,1080p/WEBDL/Atmos/AVC,1.63,/mnt/synology/rs-tv/Twilight of the Gods (2024) {tvdb-404605}/Season 01/Twilight of the Gods (2024) - S01E08 - Song of Sigrid [NF][WEBDL-1080p][EAC3 Atmos 5.1][x264]-BYNDR.mkv
Twilight of the Gods (2024) {tvdb-404605}/Season 01/S01E08,REMOVE,Twilight of the Gods (2024) - S01E08 - Song of Sigrid [WEBRip-1080p][EAC3 Atmos 5.1][x265]-iVy.mkv,3106,1080p/WEBRip/Atmos/HEVC,0.66,/mnt/synology/rs-tv/Twilight of the Gods (2024) {tvdb-404605}/Season 01/Twilight of the Gods (2024) - S01E08 - Song of Sigrid [WEBRip-1080p][EAC3 Atmos 5.1][x265]-iVy.mkv
UNPARSED:/mnt/synology/rs-tv/Burn Notice (2007) {tvdb-80270}/02,KEEP,2009-03-05 - Lesser Evil.mkv,21,Unknown,2.19,/mnt/synology/rs-tv/Burn Notice (2007) {tvdb-80270}/02/2009-03-05 - Lesser Evil.mkv
UNPARSED:/mnt/synology/rs-tv/Burn Notice (2007) {tvdb-80270}/02,REMOVE,2008-09-11 - Double Booked.mkv,21,Unknown,2.19,/mnt/synology/rs-tv/Burn Notice (2007) {tvdb-80270}/02/2008-09-11 - Double Booked.mkv
UNPARSED:/mnt/synology/rs-tv/Burn Notice (2007) {tvdb-80270}/02,REMOVE,2009-02-26 - Sins of Omission.mkv,21,Unknown,2.19,/mnt/synology/rs-tv/Burn Notice (2007) {tvdb-80270}/02/2009-02-26 - Sins of Omission.mkv
UNPARSED:/mnt/synology/rs-tv/Burn Notice (2007) {tvdb-80270}/02,REMOVE,2009-02-12 - Bad Breaks.mkv,21,Unknown,2.19,/mnt/synology/rs-tv/Burn Notice (2007) {tvdb-80270}/02/2009-02-12 - Bad Breaks.mkv
UNPARSED:/mnt/synology/rs-tv/Burn Notice (2007) {tvdb-80270}/02,REMOVE,2009-01-22 - Do No Harm.mkv,21,Unknown,2.19,/mnt/synology/rs-tv/Burn Notice (2007) {tvdb-80270}/02/2009-01-22 - Do No Harm.mkv
UNPARSED:/mnt/synology/rs-tv/Burn Notice (2007) {tvdb-80270}/02,REMOVE,2009-02-19 - Truth and Reconciliation.mkv,21,Unknown,2.19,/mnt/synology/rs-tv/Burn Notice (2007) {tvdb-80270}/02/2009-02-19 - Truth and Reconciliation.mkv
UNPARSED:/mnt/synology/rs-tv/Burn Notice (2007) {tvdb-80270}/02,REMOVE,2008-08-07 - Scatter Point.mkv,21,Unknown,2.19,/mnt/synology/rs-tv/Burn Notice (2007) {tvdb-80270}/02/2008-08-07 - Scatter Point.mkv
UNPARSED:/mnt/synology/rs-tv/Burn Notice (2007) {tvdb-80270}/02,REMOVE,2008-08-14 - Bad Blood.mkv,21,Unknown,2.19,/mnt/synology/rs-tv/Burn Notice (2007) {tvdb-80270}/02/2008-08-14 - Bad Blood.mkv
UNPARSED:/mnt/synology/rs-tv/Burn Notice (2007) {tvdb-80270}/02,REMOVE,2008-07-24 - Trust Me.mkv,21,Unknown,2.19,/mnt/synology/rs-tv/Burn Notice (2007) {tvdb-80270}/02/2008-07-24 - Trust Me.mkv
UNPARSED:/mnt/synology/rs-tv/Burn Notice (2007) {tvdb-80270}/02,REMOVE,2008-09-18 - Good Soldier.mkv,21,Unknown,2.19,/mnt/synology/rs-tv/Burn Notice (2007) {tvdb-80270}/02/2008-09-18 - Good Soldier.mkv
UNPARSED:/mnt/synology/rs-tv/Burn Notice (2007) {tvdb-80270}/02,REMOVE,2008-07-31 - Comrades.mkv,21,Unknown,2.19,/mnt/synology/rs-tv/Burn Notice (2007) {tvdb-80270}/02/2008-07-31 - Comrades.mkv
UNPARSED:/mnt/synology/rs-tv/Burn Notice (2007) {tvdb-80270}/02,REMOVE,2008-07-17 - Turn and Burn.mkv,21,Unknown,2.19,/mnt/synology/rs-tv/Burn Notice (2007) {tvdb-80270}/02/2008-07-17 - Turn and Burn.mkv
UNPARSED:/mnt/synology/rs-tv/Burn Notice (2007) {tvdb-80270}/02,REMOVE,2008-08-21 - Rough Seas.mkv,21,Unknown,2.19,/mnt/synology/rs-tv/Burn Notice (2007) {tvdb-80270}/02/2008-08-21 - Rough Seas.mkv
UNPARSED:/mnt/synology/rs-tv/Burn Notice (2007) {tvdb-80270}/02,REMOVE,2009-02-05 - Seek and Destroy.mkv,21,Unknown,2.19,/mnt/synology/rs-tv/Burn Notice (2007) {tvdb-80270}/02/2009-02-05 - Seek and Destroy.mkv
UNPARSED:/mnt/synology/rs-tv/Burn Notice (2007) {tvdb-80270}/02,REMOVE,2008-07-10 - Breaking and Entering.mkv,21,Unknown,2.19,/mnt/synology/rs-tv/Burn Notice (2007) {tvdb-80270}/02/2008-07-10 - Breaking and Entering.mkv
UNPARSED:/mnt/synology/rs-tv/Burn Notice (2007) {tvdb-80270}/02,REMOVE,2009-01-29 - Hot Spot.mkv,21,Unknown,2.19,/mnt/synology/rs-tv/Burn Notice (2007) {tvdb-80270}/02/2009-01-29 - Hot Spot.mkv
UNPARSED:/mnt/synology/rs-tv/Cunk on Britain (2018) {tvdb-339732},KEEP,Cunk on Christmas (2016) {imdb-tt6326816} [WEBDL-1080p][AAC 2.0][h264]-AEK.mkv,3414,1080p/WEBDL/AAC/AVC,1.48,/mnt/synology/rs-tv/Cunk on Britain (2018) {tvdb-339732}/Cunk on Christmas (2016) {imdb-tt6326816} [WEBDL-1080p][AAC 2.0][h264]-AEK.mkv
UNPARSED:/mnt/synology/rs-tv/Cunk on Britain (2018) {tvdb-339732},REMOVE,Cunk on Shakespeare (2016) {imdb-tt5715186} [WEBRip-720p][AAC 2.0][h264]-btw.mkv,1004,720p/WEBRip/AAC/AVC,0.48,/mnt/synology/rs-tv/Cunk on Britain (2018) {tvdb-339732}/Cunk on Shakespeare (2016) {imdb-tt5715186} [WEBRip-720p][AAC 2.0][h264]-btw.mkv
UNPARSED:/mnt/synology/rs-tv/Days of our Lives - The Digital Series (2019) {tvdb-368783}/01,KEEP,Doraleous and Associates All Episodes Supercut.mkv,200,Unknown,22.35,/mnt/synology/rs-tv/Days of our Lives - The Digital Series (2019) {tvdb-368783}/01/Doraleous and Associates All Episodes Supercut.mkv
UNPARSED:/mnt/synology/rs-tv/Days of our Lives - The Digital Series (2019) {tvdb-368783}/01,REMOVE,HALO - [Fan Animation] - Remember.mkv,5,Unknown,0.52,/mnt/synology/rs-tv/Days of our Lives - The Digital Series (2019) {tvdb-368783}/01/HALO - [Fan Animation] - Remember.mkv
UNPARSED:/mnt/synology/rs-tv/Fraggle Rock - The Animated Series (1987) {tvdb-139151},KEEP,EP21 - Time Fugitives (Part 2).mkv,18,Unknown,1.87,/mnt/synology/rs-tv/Fraggle Rock - The Animated Series (1987) {tvdb-139151}/EP21 - Time Fugitives (Part 2).mkv
UNPARSED:/mnt/synology/rs-tv/Fraggle Rock - The Animated Series (1987) {tvdb-139151},REMOVE,EP23 - Beauty & the Beast.mkv,18,Unknown,1.87,/mnt/synology/rs-tv/Fraggle Rock - The Animated Series (1987) {tvdb-139151}/EP23 - Beauty & the Beast.mkv
UNPARSED:/mnt/synology/rs-tv/Fraggle Rock - The Animated Series (1987) {tvdb-139151},REMOVE,EP32 - The Phoenix Saga (Part 4) The Starjammers.mkv,18,Unknown,1.87,/mnt/synology/rs-tv/Fraggle Rock - The Animated Series (1987) {tvdb-139151}/EP32 - The Phoenix Saga (Part 4) The Starjammers.mkv
UNPARSED:/mnt/synology/rs-tv/Fraggle Rock - The Animated Series (1987) {tvdb-139151},REMOVE,EP03 - Enter Magneto.mkv,18,Unknown,1.87,/mnt/synology/rs-tv/Fraggle Rock - The Animated Series (1987) {tvdb-139151}/EP03 - Enter Magneto.mkv
UNPARSED:/mnt/synology/rs-tv/Fraggle Rock - The Animated Series (1987) {tvdb-139151},REMOVE,EP28 - Out of the Past (Part 2).mkv,18,Unknown,1.87,/mnt/synology/rs-tv/Fraggle Rock - The Animated Series (1987) {tvdb-139151}/EP28 - Out of the Past (Part 2).mkv
UNPARSED:/mnt/synology/rs-tv/Fraggle Rock - The Animated Series (1987) {tvdb-139151},REMOVE,EP22 - A Rogue's Tale.mkv,18,Unknown,1.87,/mnt/synology/rs-tv/Fraggle Rock - The Animated Series (1987) {tvdb-139151}/EP22 - A Rogue's Tale.mkv
UNPARSED:/mnt/synology/rs-tv/Fraggle Rock - The Animated Series (1987) {tvdb-139151},REMOVE,"EP39 - Savage Land, Strange Heart (Part 2).mkv",18,Unknown,1.87,"/mnt/synology/rs-tv/Fraggle Rock - The Animated Series (1987) {tvdb-139151}/EP39 - Savage Land, Strange Heart (Part 2).mkv"
UNPARSED:/mnt/synology/rs-tv/Fraggle Rock - The Animated Series (1987) {tvdb-139151},REMOVE,EP35 - Obsession.mkv,18,Unknown,1.87,/mnt/synology/rs-tv/Fraggle Rock - The Animated Series (1987) {tvdb-139151}/EP35 - Obsession.mkv
UNPARSED:/mnt/synology/rs-tv/Fraggle Rock - The Animated Series (1987) {tvdb-139151},REMOVE,EP18 - Repo Man.mkv,18,Unknown,1.87,/mnt/synology/rs-tv/Fraggle Rock - The Animated Series (1987) {tvdb-139151}/EP18 - Repo Man.mkv
UNPARSED:/mnt/synology/rs-tv/Fraggle Rock - The Animated Series (1987) {tvdb-139151},REMOVE,EP30 - The Phoenix Saga (Part 2) The Dark Shroud.mkv,18,Unknown,1.87,/mnt/synology/rs-tv/Fraggle Rock - The Animated Series (1987) {tvdb-139151}/EP30 - The Phoenix Saga (Part 2) The Dark Shroud.mkv
UNPARSED:/mnt/synology/rs-tv/Fraggle Rock - The Animated Series (1987) {tvdb-139151},REMOVE,EP37 - Cold Comfort.mkv,18,Unknown,1.87,/mnt/synology/rs-tv/Fraggle Rock - The Animated Series (1987) {tvdb-139151}/EP37 - Cold Comfort.mkv
UNPARSED:/mnt/synology/rs-tv/Fraggle Rock - The Animated Series (1987) {tvdb-139151},REMOVE,EP14 - Till Death Do Us Part (Part 1).mkv,18,Unknown,1.87,/mnt/synology/rs-tv/Fraggle Rock - The Animated Series (1987) {tvdb-139151}/EP14 - Till Death Do Us Part (Part 1).mkv
UNPARSED:/mnt/synology/rs-tv/Fraggle Rock - The Animated Series (1987) {tvdb-139151},REMOVE,EP24 - Mojovision.mkv,18,Unknown,1.87,/mnt/synology/rs-tv/Fraggle Rock - The Animated Series (1987) {tvdb-139151}/EP24 - Mojovision.mkv
UNPARSED:/mnt/synology/rs-tv/Fraggle Rock - The Animated Series (1987) {tvdb-139151},REMOVE,EP68 - The Phalanx Covenant (Part 2).mkv,18,Unknown,1.87,/mnt/synology/rs-tv/Fraggle Rock - The Animated Series (1987) {tvdb-139151}/EP68 - The Phalanx Covenant (Part 2).mkv
UNPARSED:/mnt/synology/rs-tv/Fraggle Rock - The Animated Series (1987) {tvdb-139151},REMOVE,EP20 - Time Fugitives (Part 1).mkv,18,Unknown,1.87,/mnt/synology/rs-tv/Fraggle Rock - The Animated Series (1987) {tvdb-139151}/EP20 - Time Fugitives (Part 1).mkv
UNPARSED:/mnt/synology/rs-tv/Fraggle Rock - The Animated Series (1987) {tvdb-139151},REMOVE,EP57 - Proteus (Part 2).mkv,18,Unknown,1.86,/mnt/synology/rs-tv/Fraggle Rock - The Animated Series (1987) {tvdb-139151}/EP57 - Proteus (Part 2).mkv
UNPARSED:/mnt/synology/rs-tv/Fraggle Rock - The Animated Series (1987) {tvdb-139151},REMOVE,EP26 - Reunion (Part 2).mkv,18,Unknown,1.86,/mnt/synology/rs-tv/Fraggle Rock - The Animated Series (1987) {tvdb-139151}/EP26 - Reunion (Part 2).mkv
UNPARSED:/mnt/synology/rs-tv/Fraggle Rock - The Animated Series (1987) {tvdb-139151},REMOVE,EP44 - Orphan's End.mkv,18,Unknown,1.86,/mnt/synology/rs-tv/Fraggle Rock - The Animated Series (1987) {tvdb-139151}/EP44 - Orphan's End.mkv
UNPARSED:/mnt/synology/rs-tv/Fraggle Rock - The Animated Series (1987) {tvdb-139151},REMOVE,EP60 - Lotus and the Steel.mkv,18,Unknown,1.86,/mnt/synology/rs-tv/Fraggle Rock - The Animated Series (1987) {tvdb-139151}/EP60 - Lotus and the Steel.mkv
UNPARSED:/mnt/synology/rs-tv/Fraggle Rock - The Animated Series (1987) {tvdb-139151},REMOVE,EP25 - Reunion (Part 1).mkv,18,Unknown,1.86,/mnt/synology/rs-tv/Fraggle Rock - The Animated Series (1987) {tvdb-139151}/EP25 - Reunion (Part 1).mkv
UNPARSED:/mnt/synology/rs-tv/Fraggle Rock - The Animated Series (1987) {tvdb-139151},REMOVE,EP34 - No Mutant Is an Island.mkv,18,Unknown,1.86,/mnt/synology/rs-tv/Fraggle Rock - The Animated Series (1987) {tvdb-139151}/EP34 - No Mutant Is an Island.mkv
UNPARSED:/mnt/synology/rs-tv/Fraggle Rock - The Animated Series (1987) {tvdb-139151},REMOVE,EP29 - The Phoenix Saga (Part 1) Sacrifice.mkv,18,Unknown,1.86,/mnt/synology/rs-tv/Fraggle Rock - The Animated Series (1987) {tvdb-139151}/EP29 - The Phoenix Saga (Part 1) Sacrifice.mkv
UNPARSED:/mnt/synology/rs-tv/Fraggle Rock - The Animated Series (1987) {tvdb-139151},REMOVE,EP55 - One Man's Worth (Part 2).mkv,18,Unknown,1.86,/mnt/synology/rs-tv/Fraggle Rock - The Animated Series (1987) {tvdb-139151}/EP55 - One Man's Worth (Part 2).mkv
UNPARSED:/mnt/synology/rs-tv/Fraggle Rock - The Animated Series (1987) {tvdb-139151},REMOVE,EP70 - Storm Front (Part 2).mkv,18,Unknown,1.86,/mnt/synology/rs-tv/Fraggle Rock - The Animated Series (1987) {tvdb-139151}/EP70 - Storm Front (Part 2).mkv
UNPARSED:/mnt/synology/rs-tv/Fraggle Rock - The Animated Series (1987) {tvdb-139151},REMOVE,EP41 - The Dark Phoenix (Part 2) The Inner Circle.mkv,18,Unknown,1.86,/mnt/synology/rs-tv/Fraggle Rock - The Animated Series (1987) {tvdb-139151}/EP41 - The Dark Phoenix (Part 2) The Inner Circle.mkv
UNPARSED:/mnt/synology/rs-tv/Fraggle Rock - The Animated Series (1987) {tvdb-139151},REMOVE,EP40 - The Dark Phoenix (Part 1) Dazzled.mkv,18,Unknown,1.86,/mnt/synology/rs-tv/Fraggle Rock - The Animated Series (1987) {tvdb-139151}/EP40 - The Dark Phoenix (Part 1) Dazzled.mkv
UNPARSED:/mnt/synology/rs-tv/Fraggle Rock - The Animated Series (1987) {tvdb-139151},REMOVE,EP15 - Till Death Do Us Part (Part 2).mkv,18,Unknown,1.86,/mnt/synology/rs-tv/Fraggle Rock - The Animated Series (1987) {tvdb-139151}/EP15 - Till Death Do Us Part (Part 2).mkv
UNPARSED:/mnt/synology/rs-tv/Fraggle Rock - The Animated Series (1987) {tvdb-139151},REMOVE,EP31 - The Phoenix Saga (Part 3) The Cry of the Banshee.mkv,18,Unknown,1.86,/mnt/synology/rs-tv/Fraggle Rock - The Animated Series (1987) {tvdb-139151}/EP31 - The Phoenix Saga (Part 3) The Cry of the Banshee.mkv
UNPARSED:/mnt/synology/rs-tv/Fraggle Rock - The Animated Series (1987) {tvdb-139151},REMOVE,EP56 - Proteus (Part 1).mkv,18,Unknown,1.86,/mnt/synology/rs-tv/Fraggle Rock - The Animated Series (1987) {tvdb-139151}/EP56 - Proteus (Part 1).mkv
UNPARSED:/mnt/synology/rs-tv/Fraggle Rock - The Animated Series (1987) {tvdb-139151},REMOVE,EP49 - Sanctuary (Part 2).mkv,18,Unknown,1.86,/mnt/synology/rs-tv/Fraggle Rock - The Animated Series (1987) {tvdb-139151}/EP49 - Sanctuary (Part 2).mkv
UNPARSED:/mnt/synology/rs-tv/Fraggle Rock - The Animated Series (1987) {tvdb-139151},REMOVE,EP64 - Beyond Good and Evil (Part 2) Promise of Apocalypse.mkv,18,Unknown,1.86,/mnt/synology/rs-tv/Fraggle Rock - The Animated Series (1987) {tvdb-139151}/EP64 - Beyond Good and Evil (Part 2) Promise of Apocalypse.mkv
UNPARSED:/mnt/synology/rs-tv/Fraggle Rock - The Animated Series (1987) {tvdb-139151},REMOVE,EP16 - Whatever It Takes.mkv,18,Unknown,1.86,/mnt/synology/rs-tv/Fraggle Rock - The Animated Series (1987) {tvdb-139151}/EP16 - Whatever It Takes.mkv
UNPARSED:/mnt/synology/rs-tv/Fraggle Rock - The Animated Series (1987) {tvdb-139151},REMOVE,EP46 - The Juggernaut Returns.mkv,18,Unknown,1.86,/mnt/synology/rs-tv/Fraggle Rock - The Animated Series (1987) {tvdb-139151}/EP46 - The Juggernaut Returns.mkv
UNPARSED:/mnt/synology/rs-tv/Fraggle Rock - The Animated Series (1987) {tvdb-139151},REMOVE,EP19 - X-Ternally Yours.mkv,18,Unknown,1.86,/mnt/synology/rs-tv/Fraggle Rock - The Animated Series (1987) {tvdb-139151}/EP19 - X-Ternally Yours.mkv
UNPARSED:/mnt/synology/rs-tv/Fraggle Rock - The Animated Series (1987) {tvdb-139151},REMOVE,EP58 - Family Ties.mkv,18,Unknown,1.86,/mnt/synology/rs-tv/Fraggle Rock - The Animated Series (1987) {tvdb-139151}/EP58 - Family Ties.mkv
UNPARSED:/mnt/synology/rs-tv/Fraggle Rock - The Animated Series (1987) {tvdb-139151},REMOVE,EP33 - The Phoenix Saga (Part 5) Child of Light.mkv,18,Unknown,1.86,/mnt/synology/rs-tv/Fraggle Rock - The Animated Series (1987) {tvdb-139151}/EP33 - The Phoenix Saga (Part 5) Child of Light.mkv
UNPARSED:/mnt/synology/rs-tv/Fraggle Rock - The Animated Series (1987) {tvdb-139151},REMOVE,"EP61 - Weapon X, Lies, and Video Tape.mkv",18,Unknown,1.86,"/mnt/synology/rs-tv/Fraggle Rock - The Animated Series (1987) {tvdb-139151}/EP61 - Weapon X, Lies, and Video Tape.mkv"
UNPARSED:/mnt/synology/rs-tv/Fraggle Rock - The Animated Series (1987) {tvdb-139151},REMOVE,EP08 - The Unstoppable Juggernaut.mkv,18,Unknown,1.86,/mnt/synology/rs-tv/Fraggle Rock - The Animated Series (1987) {tvdb-139151}/EP08 - The Unstoppable Juggernaut.mkv
UNPARSED:/mnt/synology/rs-tv/Fraggle Rock - The Animated Series (1987) {tvdb-139151},REMOVE,EP17 - Red Dawn.mkv,18,Unknown,1.86,/mnt/synology/rs-tv/Fraggle Rock - The Animated Series (1987) {tvdb-139151}/EP17 - Red Dawn.mkv
UNPARSED:/mnt/synology/rs-tv/Fraggle Rock - The Animated Series (1987) {tvdb-139151},REMOVE,EP48 - Sanctuary (Part 1).mkv,18,Unknown,1.86,/mnt/synology/rs-tv/Fraggle Rock - The Animated Series (1987) {tvdb-139151}/EP48 - Sanctuary (Part 1).mkv
UNPARSED:/mnt/synology/rs-tv/Fraggle Rock - The Animated Series (1987) {tvdb-139151},REMOVE,EP06 - Cold Vengeance.mkv,18,Unknown,1.86,/mnt/synology/rs-tv/Fraggle Rock - The Animated Series (1987) {tvdb-139151}/EP06 - Cold Vengeance.mkv
UNPARSED:/mnt/synology/rs-tv/Fraggle Rock - The Animated Series (1987) {tvdb-139151},REMOVE,EP53 - Nightcrawler.mkv,18,Unknown,1.86,/mnt/synology/rs-tv/Fraggle Rock - The Animated Series (1987) {tvdb-139151}/EP53 - Nightcrawler.mkv
UNPARSED:/mnt/synology/rs-tv/Fraggle Rock - The Animated Series (1987) {tvdb-139151},REMOVE,EP10 - Come the Apocalypse.mkv,18,Unknown,1.86,/mnt/synology/rs-tv/Fraggle Rock - The Animated Series (1987) {tvdb-139151}/EP10 - Come the Apocalypse.mkv
UNPARSED:/mnt/synology/rs-tv/Fraggle Rock - The Animated Series (1987) {tvdb-139151},REMOVE,EP12 - Days of Future Past (Part 2).mkv,18,Unknown,1.86,/mnt/synology/rs-tv/Fraggle Rock - The Animated Series (1987) {tvdb-139151}/EP12 - Days of Future Past (Part 2).mkv
UNPARSED:/mnt/synology/rs-tv/Fraggle Rock - The Animated Series (1987) {tvdb-139151},REMOVE,EP51 - Courage.mkv,18,Unknown,1.86,/mnt/synology/rs-tv/Fraggle Rock - The Animated Series (1987) {tvdb-139151}/EP51 - Courage.mkv
UNPARSED:/mnt/synology/rs-tv/Fraggle Rock - The Animated Series (1987) {tvdb-139151},REMOVE,"EP52 - Secrets, Not Long Buried.mkv",18,Unknown,1.86,"/mnt/synology/rs-tv/Fraggle Rock - The Animated Series (1987) {tvdb-139151}/EP52 - Secrets, Not Long Buried.mkv"
UNPARSED:/mnt/synology/rs-tv/Fraggle Rock - The Animated Series (1987) {tvdb-139151},REMOVE,EP11 - Days of Future Past (Part 1).mkv,18,Unknown,1.86,/mnt/synology/rs-tv/Fraggle Rock - The Animated Series (1987) {tvdb-139151}/EP11 - Days of Future Past (Part 1).mkv
UNPARSED:/mnt/synology/rs-tv/Fraggle Rock - The Animated Series (1987) {tvdb-139151},REMOVE,EP09 - The Cure.mkv,18,Unknown,1.86,/mnt/synology/rs-tv/Fraggle Rock - The Animated Series (1987) {tvdb-139151}/EP09 - The Cure.mkv
UNPARSED:/mnt/synology/rs-tv/Fraggle Rock - The Animated Series (1987) {tvdb-139151},REMOVE,EP07 - Slave Island.mkv,18,Unknown,1.86,/mnt/synology/rs-tv/Fraggle Rock - The Animated Series (1987) {tvdb-139151}/EP07 - Slave Island.mkv
UNPARSED:/mnt/synology/rs-tv/Fraggle Rock - The Animated Series (1987) {tvdb-139151},REMOVE,EP01 - Night of the Sentinels (Part 1).mkv,18,Unknown,1.86,/mnt/synology/rs-tv/Fraggle Rock - The Animated Series (1987) {tvdb-139151}/EP01 - Night of the Sentinels (Part 1).mkv
UNPARSED:/mnt/synology/rs-tv/Fraggle Rock - The Animated Series (1987) {tvdb-139151},REMOVE,EP27 - Out of the Past (Part 1).mkv,18,Unknown,1.86,/mnt/synology/rs-tv/Fraggle Rock - The Animated Series (1987) {tvdb-139151}/EP27 - Out of the Past (Part 1).mkv
UNPARSED:/mnt/synology/rs-tv/Fraggle Rock - The Animated Series (1987) {tvdb-139151},REMOVE,EP05 - Captive Hearts.mkv,18,Unknown,1.86,/mnt/synology/rs-tv/Fraggle Rock - The Animated Series (1987) {tvdb-139151}/EP05 - Captive Hearts.mkv
UNPARSED:/mnt/synology/rs-tv/Fraggle Rock - The Animated Series (1987) {tvdb-139151},REMOVE,EP13 - The Final Decision.mkv,18,Unknown,1.86,/mnt/synology/rs-tv/Fraggle Rock - The Animated Series (1987) {tvdb-139151}/EP13 - The Final Decision.mkv
UNPARSED:/mnt/synology/rs-tv/Fraggle Rock - The Animated Series (1987) {tvdb-139151},REMOVE,EP02 - Night of the Sentinels (Part 2).mkv,18,Unknown,1.86,/mnt/synology/rs-tv/Fraggle Rock - The Animated Series (1987) {tvdb-139151}/EP02 - Night of the Sentinels (Part 2).mkv
UNPARSED:/mnt/synology/rs-tv/Fraggle Rock - The Animated Series (1987) {tvdb-139151},REMOVE,"EP38 - Savage Land, Strange Heart (Part 1).mkv",18,Unknown,1.86,"/mnt/synology/rs-tv/Fraggle Rock - The Animated Series (1987) {tvdb-139151}/EP38 - Savage Land, Strange Heart (Part 1).mkv"
UNPARSED:/mnt/synology/rs-tv/Fraggle Rock - The Animated Series (1987) {tvdb-139151},REMOVE,EP04 - Deadly Reunions.mkv,18,Unknown,1.85,/mnt/synology/rs-tv/Fraggle Rock - The Animated Series (1987) {tvdb-139151}/EP04 - Deadly Reunions.mkv
UNPARSED:/mnt/synology/rs-tv/Fraggle Rock - The Animated Series (1987) {tvdb-139151},REMOVE,EP43 - The Dark Phoenix (Part 4) The Fate of the Phoenix.mkv,18,Unknown,1.84,/mnt/synology/rs-tv/Fraggle Rock - The Animated Series (1987) {tvdb-139151}/EP43 - The Dark Phoenix (Part 4) The Fate of the Phoenix.mkv
UNPARSED:/mnt/synology/rs-tv/Fraggle Rock - The Animated Series (1987) {tvdb-139151},REMOVE,EP47 - A Deal with the Devil.mkv,17,Unknown,1.79,/mnt/synology/rs-tv/Fraggle Rock - The Animated Series (1987) {tvdb-139151}/EP47 - A Deal with the Devil.mkv
UNPARSED:/mnt/synology/rs-tv/Fraggle Rock - The Animated Series (1987) {tvdb-139151},REMOVE,EP67 - The Phalanx Covenant (Part 1).mkv,17,Unknown,1.79,/mnt/synology/rs-tv/Fraggle Rock - The Animated Series (1987) {tvdb-139151}/EP67 - The Phalanx Covenant (Part 1).mkv
UNPARSED:/mnt/synology/rs-tv/Fraggle Rock - The Animated Series (1987) {tvdb-139151},REMOVE,EP59 - Bloodlines.mkv,17,Unknown,1.79,/mnt/synology/rs-tv/Fraggle Rock - The Animated Series (1987) {tvdb-139151}/EP59 - Bloodlines.mkv
UNPARSED:/mnt/synology/rs-tv/Fraggle Rock - The Animated Series (1987) {tvdb-139151},REMOVE,EP63 - Beyond Good and Evil (Part 1) The End of Time.mkv,17,Unknown,1.79,/mnt/synology/rs-tv/Fraggle Rock - The Animated Series (1987) {tvdb-139151}/EP63 - Beyond Good and Evil (Part 1) The End of Time.mkv
UNPARSED:/mnt/synology/rs-tv/Fraggle Rock - The Animated Series (1987) {tvdb-139151},REMOVE,EP54 - One Man's Worth (Part 1).mkv,17,Unknown,1.79,/mnt/synology/rs-tv/Fraggle Rock - The Animated Series (1987) {tvdb-139151}/EP54 - One Man's Worth (Part 1).mkv
UNPARSED:/mnt/synology/rs-tv/Fraggle Rock - The Animated Series (1987) {tvdb-139151},REMOVE,EP66 - Beyond Good and Evil (Part 4) End and Beginning.mkv,17,Unknown,1.79,/mnt/synology/rs-tv/Fraggle Rock - The Animated Series (1987) {tvdb-139151}/EP66 - Beyond Good and Evil (Part 4) End and Beginning.mkv
UNPARSED:/mnt/synology/rs-tv/Fraggle Rock - The Animated Series (1987) {tvdb-139151},REMOVE,EP45 - Love in Vain.mkv,17,Unknown,1.79,/mnt/synology/rs-tv/Fraggle Rock - The Animated Series (1987) {tvdb-139151}/EP45 - Love in Vain.mkv
UNPARSED:/mnt/synology/rs-tv/Fraggle Rock - The Animated Series (1987) {tvdb-139151},REMOVE,EP65 - Beyond Good and Evil (Part 3) The Lazarus Chamber.mkv,17,Unknown,1.79,/mnt/synology/rs-tv/Fraggle Rock - The Animated Series (1987) {tvdb-139151}/EP65 - Beyond Good and Evil (Part 3) The Lazarus Chamber.mkv
UNPARSED:/mnt/synology/rs-tv/Fraggle Rock - The Animated Series (1987) {tvdb-139151},REMOVE,EP69 - Storm Front (Part 1).mkv,17,Unknown,1.79,/mnt/synology/rs-tv/Fraggle Rock - The Animated Series (1987) {tvdb-139151}/EP69 - Storm Front (Part 1).mkv
UNPARSED:/mnt/synology/rs-tv/Fraggle Rock - The Animated Series (1987) {tvdb-139151},REMOVE,EP62 - Have Yourself a Morlock Little X-Mas.mkv,17,Unknown,1.78,/mnt/synology/rs-tv/Fraggle Rock - The Animated Series (1987) {tvdb-139151}/EP62 - Have Yourself a Morlock Little X-Mas.mkv
UNPARSED:/mnt/synology/rs-tv/Fraggle Rock - The Animated Series (1987) {tvdb-139151},REMOVE,EP42 - The Dark Phoenix (Part 3) The Dark Phoenix.mkv,17,Unknown,1.77,/mnt/synology/rs-tv/Fraggle Rock - The Animated Series (1987) {tvdb-139151}/EP42 - The Dark Phoenix (Part 3) The Dark Phoenix.mkv
UNPARSED:/mnt/synology/rs-tv/Fraggle Rock - The Animated Series (1987) {tvdb-139151},REMOVE,EP74 - Hidden Agendas.mkv,17,Unknown,1.75,/mnt/synology/rs-tv/Fraggle Rock - The Animated Series (1987) {tvdb-139151}/EP74 - Hidden Agendas.mkv
UNPARSED:/mnt/synology/rs-tv/Fraggle Rock - The Animated Series (1987) {tvdb-139151},REMOVE,EP75 - Descent.mkv,17,Unknown,1.75,/mnt/synology/rs-tv/Fraggle Rock - The Animated Series (1987) {tvdb-139151}/EP75 - Descent.mkv
UNPARSED:/mnt/synology/rs-tv/Fraggle Rock - The Animated Series (1987) {tvdb-139151},REMOVE,EP36 - Longshot.mkv,17,Unknown,1.75,/mnt/synology/rs-tv/Fraggle Rock - The Animated Series (1987) {tvdb-139151}/EP36 - Longshot.mkv
UNPARSED:/mnt/synology/rs-tv/Fraggle Rock - The Animated Series (1987) {tvdb-139151},REMOVE,EP76 - Graduation Day.mkv,17,Unknown,1.75,/mnt/synology/rs-tv/Fraggle Rock - The Animated Series (1987) {tvdb-139151}/EP76 - Graduation Day.mkv
UNPARSED:/mnt/synology/rs-tv/Fraggle Rock - The Animated Series (1987) {tvdb-139151},REMOVE,EP72 - Jubilee's Fairytale Theatre.mkv,17,Unknown,1.75,/mnt/synology/rs-tv/Fraggle Rock - The Animated Series (1987) {tvdb-139151}/EP72 - Jubilee's Fairytale Theatre.mkv
UNPARSED:/mnt/synology/rs-tv/Fraggle Rock - The Animated Series (1987) {tvdb-139151},REMOVE,EP71 - The Fifth Horseman.mkv,17,Unknown,1.75,/mnt/synology/rs-tv/Fraggle Rock - The Animated Series (1987) {tvdb-139151}/EP71 - The Fifth Horseman.mkv
UNPARSED:/mnt/synology/rs-tv/Fraggle Rock - The Animated Series (1987) {tvdb-139151},REMOVE,EP73 - Old Soldiers.mkv,17,Unknown,1.74,/mnt/synology/rs-tv/Fraggle Rock - The Animated Series (1987) {tvdb-139151}/EP73 - Old Soldiers.mkv
UNPARSED:/mnt/synology/rs-tv/Fraggle Rock - The Animated Series (1987) {tvdb-139151},REMOVE,EP50 - Xavier Remembers.mkv,17,Unknown,1.70,/mnt/synology/rs-tv/Fraggle Rock - The Animated Series (1987) {tvdb-139151}/EP50 - Xavier Remembers.mkv
UNPARSED:/mnt/synology/rs-tv/Minority Report (2015) {tvdb-295680}/01,KEEP,2015-11-02 - Honor Among Thieves.mkv,14,Unknown,1.49,/mnt/synology/rs-tv/Minority Report (2015) {tvdb-295680}/01/2015-11-02 - Honor Among Thieves.mkv
UNPARSED:/mnt/synology/rs-tv/Minority Report (2015) {tvdb-295680}/01,REMOVE,2015-11-30 - Everybody Runs.mkv,14,Unknown,1.42,/mnt/synology/rs-tv/Minority Report (2015) {tvdb-295680}/01/2015-11-30 - Everybody Runs.mkv
UNPARSED:/mnt/synology/rs-tv/Minority Report (2015) {tvdb-295680}/01,REMOVE,2015-11-16 - The American Dream.mkv,14,Unknown,1.42,/mnt/synology/rs-tv/Minority Report (2015) {tvdb-295680}/01/2015-11-16 - The American Dream.mkv
UNPARSED:/mnt/synology/rs-tv/Minority Report (2015) {tvdb-295680}/01,REMOVE,2015-09-28 - Mr. Nice Guy.mkv,14,Unknown,1.41,/mnt/synology/rs-tv/Minority Report (2015) {tvdb-295680}/01/2015-09-28 - Mr. Nice Guy.mkv
UNPARSED:/mnt/synology/rs-tv/Minority Report (2015) {tvdb-295680}/01,REMOVE,2015-09-21 - Pilot.mkv,13,Unknown,1.38,/mnt/synology/rs-tv/Minority Report (2015) {tvdb-295680}/01/2015-09-21 - Pilot.mkv
UNPARSED:/mnt/synology/rs-tv/Minority Report (2015) {tvdb-295680}/01,REMOVE,2015-10-05 - Hawk-Eye.mkv,13,Unknown,1.33,/mnt/synology/rs-tv/Minority Report (2015) {tvdb-295680}/01/2015-10-05 - Hawk-Eye.mkv
UNPARSED:/mnt/synology/rs-tv/Minority Report (2015) {tvdb-295680}/01,REMOVE,2015-11-23 - Memento Mori.mkv,12,Unknown,1.21,/mnt/synology/rs-tv/Minority Report (2015) {tvdb-295680}/01/2015-11-23 - Memento Mori.mkv
UNPARSED:/mnt/synology/rs-tv/Minority Report (2015) {tvdb-295680}/01,REMOVE,2015-10-12 - Fredi.mkv,11,Unknown,1.17,/mnt/synology/rs-tv/Minority Report (2015) {tvdb-295680}/01/2015-10-12 - Fredi.mkv
UNPARSED:/mnt/synology/rs-tv/Minority Report (2015) {tvdb-295680}/01,REMOVE,2015-10-26 - Fiddler's Neck.mkv,11,Unknown,1.12,/mnt/synology/rs-tv/Minority Report (2015) {tvdb-295680}/01/2015-10-26 - Fiddler's Neck.mkv
UNPARSED:/mnt/synology/rs-tv/Minority Report (2015) {tvdb-295680}/01,REMOVE,2015-10-19 - The Present.mkv,8,Unknown,0.87,/mnt/synology/rs-tv/Minority Report (2015) {tvdb-295680}/01/2015-10-19 - The Present.mkv
UNPARSED:/mnt/synology/rs-tv/MythBusters (2003) {tvdb-73388}/Season 09,KEEP,09x17 - Flying Guillotine - HD TV.mkv,18,Unknown,1.80,/mnt/synology/rs-tv/MythBusters (2003) {tvdb-73388}/Season 09/09x17 - Flying Guillotine - HD TV.mkv
UNPARSED:/mnt/synology/rs-tv/MythBusters (2003) {tvdb-73388}/Season 09,REMOVE,09x18 - Drain Disaster - HD TV.mkv,15,Unknown,1.57,/mnt/synology/rs-tv/MythBusters (2003) {tvdb-73388}/Season 09/09x18 - Drain Disaster - HD TV.mkv
UNPARSED:/mnt/synology/rs-tv/MythBusters (2003) {tvdb-73388}/Season 09,REMOVE,09x15 - Walk a Straight Line - HD TV.mkv,15,Unknown,1.55,/mnt/synology/rs-tv/MythBusters (2003) {tvdb-73388}/Season 09/09x15 - Walk a Straight Line - HD TV.mkv
UNPARSED:/mnt/synology/rs-tv/MythBusters (2003) {tvdb-73388}/Season 09,REMOVE,09x14 - Newton's Crane Cradle - HD TV.mkv,14,Unknown,1.44,/mnt/synology/rs-tv/MythBusters (2003) {tvdb-73388}/Season 09/09x14 - Newton's Crane Cradle - HD TV.mkv
UNPARSED:/mnt/synology/rs-tv/MythBusters (2003) {tvdb-73388}/Season 09,REMOVE,09x21 - Wheel of Mythfortune - HD TV.mkv,14,Unknown,1.41,/mnt/synology/rs-tv/MythBusters (2003) {tvdb-73388}/Season 09/09x21 - Wheel of Mythfortune - HD TV.mkv
UNPARSED:/mnt/synology/rs-tv/MythBusters (2003) {tvdb-73388}/Season 09,REMOVE,09x16 - Duct Tape Plane - HD TV.mkv,13,Unknown,1.36,/mnt/synology/rs-tv/MythBusters (2003) {tvdb-73388}/Season 09/09x16 - Duct Tape Plane - HD TV.mkv
UNPARSED:/mnt/synology/rs-tv/MythBusters (2003) {tvdb-73388}/Season 09,REMOVE,"09x19 - Location, Location, Location - HD TV.mkv",12,Unknown,1.24,"/mnt/synology/rs-tv/MythBusters (2003) {tvdb-73388}/Season 09/09x19 - Location, Location, Location - HD TV.mkv"
UNPARSED:/mnt/synology/rs-tv/MythBusters (2003) {tvdb-73388}/Season 09,REMOVE,09x12 - Paper Armor - HD TV.mkv,12,Unknown,1.22,/mnt/synology/rs-tv/MythBusters (2003) {tvdb-73388}/Season 09/09x12 - Paper Armor - HD TV.mkv
UNPARSED:/mnt/synology/rs-tv/MythBusters (2003) {tvdb-73388}/Season 09,REMOVE,09x20 - Wet and Wild - HD TV.mkv,12,Unknown,1.20,/mnt/synology/rs-tv/MythBusters (2003) {tvdb-73388}/Season 09/09x20 - Wet and Wild - HD TV.mkv
UNPARSED:/mnt/synology/rs-tv/MythBusters (2003) {tvdb-73388}/Season 09,REMOVE,09x13 - Bikes and Bazookas - HD TV.mkv,11,Unknown,1.16,/mnt/synology/rs-tv/MythBusters (2003) {tvdb-73388}/Season 09/09x13 - Bikes and Bazookas - HD TV.mkv
UNPARSED:/mnt/synology/rs-tv/MythBusters (2003) {tvdb-73388}/Season 09,REMOVE,09x01 - Mission Impossible Face Off - HD TV.mkv,10,Unknown,1.09,/mnt/synology/rs-tv/MythBusters (2003) {tvdb-73388}/Season 09/09x01 - Mission Impossible Face Off - HD TV.mkv
UNPARSED:/mnt/synology/rs-tv/MythBusters (2003) {tvdb-73388}/Season 09,REMOVE,09x04 - Bubble Trouble - HD TV.mkv,10,Unknown,1.09,/mnt/synology/rs-tv/MythBusters (2003) {tvdb-73388}/Season 09/09x04 - Bubble Trouble - HD TV.mkv
UNPARSED:/mnt/synology/rs-tv/MythBusters (2003) {tvdb-73388}/Season 09,REMOVE,"09x10 - Planes, Trains and Automobiles - HD TV.mkv",10,Unknown,1.09,"/mnt/synology/rs-tv/MythBusters (2003) {tvdb-73388}/Season 09/09x10 - Planes, Trains and Automobiles - HD TV.mkv"
UNPARSED:/mnt/synology/rs-tv/MythBusters (2003) {tvdb-73388}/Season 09,REMOVE,09x03 - Running on Water - HD TV.mkv,10,Unknown,1.09,/mnt/synology/rs-tv/MythBusters (2003) {tvdb-73388}/Season 09/09x03 - Running on Water - HD TV.mkv
UNPARSED:/mnt/synology/rs-tv/MythBusters (2003) {tvdb-73388}/Season 09,REMOVE,09x06 - Blow Your Own Sail - HD TV.mkv,10,Unknown,1.09,/mnt/synology/rs-tv/MythBusters (2003) {tvdb-73388}/Season 09/09x06 - Blow Your Own Sail - HD TV.mkv
UNPARSED:/mnt/synology/rs-tv/MythBusters (2003) {tvdb-73388}/Season 09,REMOVE,09x05 - Torpedo Tastic - HD TV.mkv,10,Unknown,1.09,/mnt/synology/rs-tv/MythBusters (2003) {tvdb-73388}/Season 09/09x05 - Torpedo Tastic - HD TV.mkv
UNPARSED:/mnt/synology/rs-tv/MythBusters (2003) {tvdb-73388}/Season 09,REMOVE,09x09 - Fixing a Flat - HD TV.mkv,10,Unknown,1.09,/mnt/synology/rs-tv/MythBusters (2003) {tvdb-73388}/Season 09/09x09 - Fixing a Flat - HD TV.mkv
UNPARSED:/mnt/synology/rs-tv/MythBusters (2003) {tvdb-73388}/Season 09,REMOVE,09x07 - Spy Car 2 - HD TV.mkv,10,Unknown,1.09,/mnt/synology/rs-tv/MythBusters (2003) {tvdb-73388}/Season 09/09x07 - Spy Car 2 - HD TV.mkv
UNPARSED:/mnt/synology/rs-tv/MythBusters (2003) {tvdb-73388}/Season 09,REMOVE,09x08 - Dodge a Bullet - HD TV.mkv,10,Unknown,1.09,/mnt/synology/rs-tv/MythBusters (2003) {tvdb-73388}/Season 09/09x08 - Dodge a Bullet - HD TV.mkv
UNPARSED:/mnt/synology/rs-tv/MythBusters (2003) {tvdb-73388}/Season 09,REMOVE,09x02 - Blue Ice - HD TV.mkv,10,Unknown,1.09,/mnt/synology/rs-tv/MythBusters (2003) {tvdb-73388}/Season 09/09x02 - Blue Ice - HD TV.mkv
UNPARSED:/mnt/synology/rs-tv/MythBusters (2003) {tvdb-73388}/Season 09,REMOVE,09x22 - Toilet Bomb - HD TV.mkv,10,Unknown,1.08,/mnt/synology/rs-tv/MythBusters (2003) {tvdb-73388}/Season 09/09x22 - Toilet Bomb - HD TV.mkv
UNPARSED:/mnt/synology/rs-tv/MythBusters (2003) {tvdb-73388}/Season 09,REMOVE,09x11 - Let There Be Light - HD TV.mkv,9,Unknown,0.97,/mnt/synology/rs-tv/MythBusters (2003) {tvdb-73388}/Season 09/09x11 - Let There Be Light - HD TV.mkv
UNPARSED:/mnt/synology/rs-tv/MythBusters (2003) {tvdb-73388}/Season 10,KEEP,10x08 - Bouncing Bullet - 720p WEB-DL.mp4,1212,720p/WEB-DL,1.26,/mnt/synology/rs-tv/MythBusters (2003) {tvdb-73388}/Season 10/10x08 - Bouncing Bullet - 720p WEB-DL.mp4
UNPARSED:/mnt/synology/rs-tv/MythBusters (2003) {tvdb-73388}/Season 10,REMOVE,10x01 - Duct Tape Island - HD TV.mkv,18,Unknown,1.83,/mnt/synology/rs-tv/MythBusters (2003) {tvdb-73388}/Season 10/10x01 - Duct Tape Island - HD TV.mkv
UNPARSED:/mnt/synology/rs-tv/MythBusters (2003) {tvdb-73388}/Season 10,REMOVE,10x04 - Swinging Pirates - HD TV.mkv,15,Unknown,1.51,/mnt/synology/rs-tv/MythBusters (2003) {tvdb-73388}/Season 10/10x04 - Swinging Pirates - HD TV.mkv
UNPARSED:/mnt/synology/rs-tv/MythBusters (2003) {tvdb-73388}/Season 10,REMOVE,10x12 - Hollywood Gunslingers - HD TV.mkv,14,Unknown,1.49,/mnt/synology/rs-tv/MythBusters (2003) {tvdb-73388}/Season 10/10x12 - Hollywood Gunslingers - HD TV.mkv
UNPARSED:/mnt/synology/rs-tv/MythBusters (2003) {tvdb-73388}/Season 10,REMOVE,10x05 - Battle Of The Sexes - HD TV.mkv,14,Unknown,1.45,/mnt/synology/rs-tv/MythBusters (2003) {tvdb-73388}/Season 10/10x05 - Battle Of The Sexes - HD TV.mkv
UNPARSED:/mnt/synology/rs-tv/MythBusters (2003) {tvdb-73388}/Season 10,REMOVE,10x09 - Mailbag Special - HD TV.mkv,14,Unknown,1.40,/mnt/synology/rs-tv/MythBusters (2003) {tvdb-73388}/Season 10/10x09 - Mailbag Special - HD TV.mkv
UNPARSED:/mnt/synology/rs-tv/MythBusters (2003) {tvdb-73388}/Season 10,REMOVE,10x13 - Jawsome Shark Special - HD TV.mkv,14,Unknown,1.40,/mnt/synology/rs-tv/MythBusters (2003) {tvdb-73388}/Season 10/10x13 - Jawsome Shark Special - HD TV.mkv
UNPARSED:/mnt/synology/rs-tv/MythBusters (2003) {tvdb-73388}/Season 10,REMOVE,10x07 - Revenge of the Myth - HD TV.mkv,13,Unknown,1.37,/mnt/synology/rs-tv/MythBusters (2003) {tvdb-73388}/Season 10/10x07 - Revenge of the Myth - HD TV.mkv
UNPARSED:/mnt/synology/rs-tv/MythBusters (2003) {tvdb-73388}/Season 10,REMOVE,10x11 - Duel Dilemmas - HD TV.mkv,12,Unknown,1.26,/mnt/synology/rs-tv/MythBusters (2003) {tvdb-73388}/Season 10/10x11 - Duel Dilemmas - HD TV.mkv
UNPARSED:/mnt/synology/rs-tv/MythBusters (2003) {tvdb-73388}/Season 10,REMOVE,10x10 - Bubble Pack Plunge - HD TV.mkv,12,Unknown,1.23,/mnt/synology/rs-tv/MythBusters (2003) {tvdb-73388}/Season 10/10x10 - Bubble Pack Plunge - HD TV.mkv
UNPARSED:/mnt/synology/rs-tv/MythBusters (2003) {tvdb-73388}/Season 10,REMOVE,10x06 - Mailbag Special - HD TV.mkv,12,Unknown,1.22,/mnt/synology/rs-tv/MythBusters (2003) {tvdb-73388}/Season 10/10x06 - Mailbag Special - HD TV.mkv
UNPARSED:/mnt/synology/rs-tv/MythBusters (2003) {tvdb-73388}/Season 10,REMOVE,10x02 - Fire vs Ice - HD TV.mkv,12,Unknown,1.22,/mnt/synology/rs-tv/MythBusters (2003) {tvdb-73388}/Season 10/10x02 - Fire vs Ice - HD TV.mkv
UNPARSED:/mnt/synology/rs-tv/MythBusters (2003) {tvdb-73388}/Season 11,KEEP,11x06 - Cannonball Chemistry - HD TV.mkv,15,Unknown,1.57,/mnt/synology/rs-tv/MythBusters (2003) {tvdb-73388}/Season 11/11x06 - Cannonball Chemistry - HD TV.mkv
UNPARSED:/mnt/synology/rs-tv/MythBusters (2003) {tvdb-73388}/Season 11,REMOVE,11x02 - Trench Torpedo - HD TV.mkv,13,Unknown,1.38,/mnt/synology/rs-tv/MythBusters (2003) {tvdb-73388}/Season 11/11x02 - Trench Torpedo - HD TV.mkv
UNPARSED:/mnt/synology/rs-tv/MythBusters (2003) {tvdb-73388}/Season 11,REMOVE,11x03 - Hail Hijinx - HD TV.mkv,13,Unknown,1.38,/mnt/synology/rs-tv/MythBusters (2003) {tvdb-73388}/Season 11/11x03 - Hail Hijinx - HD TV.mkv
UNPARSED:/mnt/synology/rs-tv/MythBusters (2003) {tvdb-73388}/Season 11,REMOVE,11x05 - Mini Myth Medley - HD TV.mkv,13,Unknown,1.37,/mnt/synology/rs-tv/MythBusters (2003) {tvdb-73388}/Season 11/11x05 - Mini Myth Medley - HD TV.mkv
UNPARSED:/mnt/synology/rs-tv/MythBusters (2003) {tvdb-73388}/Season 11,REMOVE,11x08 - Explosions A to Z - HD TV.mkv,12,Unknown,1.25,/mnt/synology/rs-tv/MythBusters (2003) {tvdb-73388}/Season 11/11x08 - Explosions A to Z - HD TV.mkv
UNPARSED:/mnt/synology/rs-tv/MythBusters (2003) {tvdb-73388}/Season 11,REMOVE,11x07 - Surreal Gourmet Hour - HD TV.mkv,12,Unknown,1.22,/mnt/synology/rs-tv/MythBusters (2003) {tvdb-73388}/Season 11/11x07 - Surreal Gourmet Hour - HD TV.mkv
UNPARSED:/mnt/synology/rs-tv/MythBusters (2003) {tvdb-73388}/Season 12,KEEP,12x10 - Breaking Bad Special - 720p WEB-DL.mkv,1213,720p/WEB-DL,1.33,/mnt/synology/rs-tv/MythBusters (2003) {tvdb-73388}/Season 12/12x10 - Breaking Bad Special - 720p WEB-DL.mkv
UNPARSED:/mnt/synology/rs-tv/MythBusters (2003) {tvdb-73388}/Season 12,REMOVE,12x06 - Motorcycle Water Ski - 720p WEB-DL.mkv,1213,720p/WEB-DL,1.33,/mnt/synology/rs-tv/MythBusters (2003) {tvdb-73388}/Season 12/12x06 - Motorcycle Water Ski - 720p WEB-DL.mkv
UNPARSED:/mnt/synology/rs-tv/MythBusters (2003) {tvdb-73388}/Season 12,REMOVE,12x11 - Zombie Special - 720p WEB-DL.mkv,1213,720p/WEB-DL,1.33,/mnt/synology/rs-tv/MythBusters (2003) {tvdb-73388}/Season 12/12x11 - Zombie Special - 720p WEB-DL.mkv
UNPARSED:/mnt/synology/rs-tv/MythBusters (2003) {tvdb-73388}/Season 12,REMOVE,12x05 - Battle of the Sexes - Round 2 - 720p WEB-DL.mkv,1213,720p/WEB-DL,1.31,/mnt/synology/rs-tv/MythBusters (2003) {tvdb-73388}/Season 12/12x05 - Battle of the Sexes - Round 2 - 720p WEB-DL.mkv
UNPARSED:/mnt/synology/rs-tv/MythBusters (2003) {tvdb-73388}/Season 12,REMOVE,12x02 - Deadliest Catch Crabtastic Special - 720p WEB-DL.mkv,1213,720p/WEB-DL,1.31,/mnt/synology/rs-tv/MythBusters (2003) {tvdb-73388}/Season 12/12x02 - Deadliest Catch Crabtastic Special - 720p WEB-DL.mkv
UNPARSED:/mnt/synology/rs-tv/MythBusters (2003) {tvdb-73388}/Season 12,REMOVE,12x03 - Down and Dirty- Earthquake Survival - 720p WEB-DL.mkv,1213,720p/WEB-DL,1.31,/mnt/synology/rs-tv/MythBusters (2003) {tvdb-73388}/Season 12/12x03 - Down and Dirty- Earthquake Survival - 720p WEB-DL.mkv
UNPARSED:/mnt/synology/rs-tv/MythBusters (2003) {tvdb-73388}/Season 12,REMOVE,12x07 - Hypermilling-Crash Cushion - 720p WEB-DL.mkv,1212,720p/WEB-DL,1.27,/mnt/synology/rs-tv/MythBusters (2003) {tvdb-73388}/Season 12/12x07 - Hypermilling-Crash Cushion - 720p WEB-DL.mkv
UNPARSED:/mnt/synology/rs-tv/MythBusters (2003) {tvdb-73388}/Season 12,REMOVE,12x08 - Duct Tape Canyon - HD TV.mkv,15,Unknown,1.59,/mnt/synology/rs-tv/MythBusters (2003) {tvdb-73388}/Season 12/12x08 - Duct Tape Canyon - HD TV.mkv
UNPARSED:/mnt/synology/rs-tv/MythBusters (2003) {tvdb-73388}/Season 12,REMOVE,"12x09 - Painting With Explosives, Bifurcated Boat - HD TV.mkv",12,Unknown,1.30,"/mnt/synology/rs-tv/MythBusters (2003) {tvdb-73388}/Season 12/12x09 - Painting With Explosives, Bifurcated Boat - HD TV.mkv"
UNPARSED:/mnt/synology/rs-tv/MythBusters (2003) {tvdb-73388}/Season 12,REMOVE,12x04 - Indy Car Special - HD TV.mkv,12,Unknown,1.29,/mnt/synology/rs-tv/MythBusters (2003) {tvdb-73388}/Season 12/12x04 - Indy Car Special - HD TV.mkv
UNPARSED:/mnt/synology/rs-tv/MythBusters (2003) {tvdb-73388}/Season 13,KEEP,13x06 - Mythssion Impossible - HD TV.mkv,15,Unknown,1.55,/mnt/synology/rs-tv/MythBusters (2003) {tvdb-73388}/Season 13/13x06 - Mythssion Impossible - HD TV.mkv
UNPARSED:/mnt/synology/rs-tv/MythBusters (2003) {tvdb-73388}/Season 13,REMOVE,13x03 - Hollywood Car Crash Cliches - HD TV.mkv,14,Unknown,1.42,/mnt/synology/rs-tv/MythBusters (2003) {tvdb-73388}/Season 13/13x03 - Hollywood Car Crash Cliches - HD TV.mkv
UNPARSED:/mnt/synology/rs-tv/MythBusters (2003) {tvdb-73388}/Season 13,REMOVE,13x01 - Star Wars  Revenge of the Myth - HD TV.mkv,14,Unknown,1.42,/mnt/synology/rs-tv/MythBusters (2003) {tvdb-73388}/Season 13/13x01 - Star Wars  Revenge of the Myth - HD TV.mkv
UNPARSED:/mnt/synology/rs-tv/MythBusters (2003) {tvdb-73388}/Season 13,REMOVE,13x04 - Car Chase Chaos - Animal Antics - HD TV.mkv,13,Unknown,1.38,/mnt/synology/rs-tv/MythBusters (2003) {tvdb-73388}/Season 13/13x04 - Car Chase Chaos - Animal Antics - HD TV.mkv
UNPARSED:/mnt/synology/rs-tv/MythBusters (2003) {tvdb-73388}/Season 13,REMOVE,13x07 - Bullet Baloney - HD TV.mkv,13,Unknown,1.30,/mnt/synology/rs-tv/MythBusters (2003) {tvdb-73388}/Season 13/13x07 - Bullet Baloney - HD TV.mkv
UNPARSED:/mnt/synology/rs-tv/MythBusters (2003) {tvdb-73388}/Season 13,REMOVE,13x08 - Supersonic Ping Pong-Ice Cannon - HD TV.mkv,12,Unknown,1.24,/mnt/synology/rs-tv/MythBusters (2003) {tvdb-73388}/Season 13/13x08 - Supersonic Ping Pong-Ice Cannon - HD TV.mkv
UNPARSED:/mnt/synology/rs-tv/MythBusters (2003) {tvdb-73388}/Season 13,REMOVE,13x02 - Moonshiner Myths - HD TV.mkv,12,Unknown,1.23,/mnt/synology/rs-tv/MythBusters (2003) {tvdb-73388}/Season 13/13x02 - Moonshiner Myths - HD TV.mkv
UNPARSED:/mnt/synology/rs-tv/MythBusters (2003) {tvdb-73388}/Season 13,REMOVE,13x05 - -Do- Try This At Home - HD TV.mkv,11,Unknown,1.19,/mnt/synology/rs-tv/MythBusters (2003) {tvdb-73388}/Season 13/13x05 - -Do- Try This At Home - HD TV.mkv
UNPARSED:/mnt/synology/rs-tv/Son of Zorn (2016) {tvdb-311817}/01,KEEP,2016-12-11 - The War On Grafelnik.mkv,6,Unknown,0.62,/mnt/synology/rs-tv/Son of Zorn (2016) {tvdb-311817}/01/2016-12-11 - The War On Grafelnik.mkv
UNPARSED:/mnt/synology/rs-tv/Son of Zorn (2016) {tvdb-311817}/01,REMOVE,2016-10-23 - A Taste of Zephyria.mkv,6,Unknown,0.61,/mnt/synology/rs-tv/Son of Zorn (2016) {tvdb-311817}/01/2016-10-23 - A Taste of Zephyria.mkv
UNPARSED:/mnt/synology/rs-tv/Son of Zorn (2016) {tvdb-311817}/01,REMOVE,2016-10-02 - The War of the Workplace.mkv,5,Unknown,0.56,/mnt/synology/rs-tv/Son of Zorn (2016) {tvdb-311817}/01/2016-10-02 - The War of the Workplace.mkv
UNPARSED:/mnt/synology/rs-tv/Son of Zorn (2016) {tvdb-311817}/01,REMOVE,2016-11-06 - A Tale of Two Zorns.mkv,5,Unknown,0.55,/mnt/synology/rs-tv/Son of Zorn (2016) {tvdb-311817}/01/2016-11-06 - A Tale of Two Zorns.mkv
UNPARSED:/mnt/synology/rs-tv/Son of Zorn (2016) {tvdb-311817}/01,REMOVE,2016-11-13 - The Battle of Thanksgiving.mkv,5,Unknown,0.55,/mnt/synology/rs-tv/Son of Zorn (2016) {tvdb-311817}/01/2016-11-13 - The Battle of Thanksgiving.mkv
UNPARSED:/mnt/synology/rs-tv/Son of Zorn (2016) {tvdb-311817}/01,REMOVE,2016-12-04 - Return of the Drinking Buddy.mkv,5,Unknown,0.53,/mnt/synology/rs-tv/Son of Zorn (2016) {tvdb-311817}/01/2016-12-04 - Return of the Drinking Buddy.mkv
UNPARSED:/mnt/synology/rs-tv/Son of Zorn (2016) {tvdb-311817}/01,REMOVE,2016-10-16 - The Weekend Warrior.mkv,5,Unknown,0.53,/mnt/synology/rs-tv/Son of Zorn (2016) {tvdb-311817}/01/2016-10-16 - The Weekend Warrior.mkv
UNPARSED:/mnt/synology/rs-tv/Son of Zorn (2016) {tvdb-311817}/01,REMOVE,2016-09-25 - Defender of Teen Love.mkv,4,Unknown,0.42,/mnt/synology/rs-tv/Son of Zorn (2016) {tvdb-311817}/01/2016-09-25 - Defender of Teen Love.mkv
UNPARSED:/mnt/synology/rs-tv/Teenage Mutant Ninja Turtles (1987) {tvdb-74582}/10,KEEP,Teenage Mutant Ninja Turtles - 10x10 - Planet of the Turtleoids.mp4,20,Unknown,2.02,/mnt/synology/rs-tv/Teenage Mutant Ninja Turtles (1987) {tvdb-74582}/10/Teenage Mutant Ninja Turtles - 10x10 - Planet of the Turtleoids.mp4
UNPARSED:/mnt/synology/rs-tv/Teenage Mutant Ninja Turtles (1987) {tvdb-74582}/10,REMOVE,Teenage Mutant Ninja Turtles - 10x09 - Once Upon a Time Machine.mp4,9,Unknown,0.95,/mnt/synology/rs-tv/Teenage Mutant Ninja Turtles (1987) {tvdb-74582}/10/Teenage Mutant Ninja Turtles - 10x09 - Once Upon a Time Machine.mp4
UNPARSED:/mnt/synology/rs-tv/The Real Ghostbusters (1986) {tvdb-71824}/Extras,KEEP,Real Ghostbusters Bonus-5.mkv,2,Unknown,0.26,/mnt/synology/rs-tv/The Real Ghostbusters (1986) {tvdb-71824}/Extras/Real Ghostbusters Bonus-5.mkv
UNPARSED:/mnt/synology/rs-tv/The Real Ghostbusters (1986) {tvdb-71824}/Extras,REMOVE,Real Ghostbusters Bonus-7.mkv,2,Unknown,0.21,/mnt/synology/rs-tv/The Real Ghostbusters (1986) {tvdb-71824}/Extras/Real Ghostbusters Bonus-7.mkv
UNPARSED:/mnt/synology/rs-tv/The Real Ghostbusters (1986) {tvdb-71824}/Extras,REMOVE,Real Ghostbusters Bonus-6.mkv,1,Unknown,0.20,/mnt/synology/rs-tv/The Real Ghostbusters (1986) {tvdb-71824}/Extras/Real Ghostbusters Bonus-6.mkv
UNPARSED:/mnt/synology/rs-tv/The Real Ghostbusters (1986) {tvdb-71824}/Extras,REMOVE,Real Ghostbusters Bonus-3.mkv,1,Unknown,0.16,/mnt/synology/rs-tv/The Real Ghostbusters (1986) {tvdb-71824}/Extras/Real Ghostbusters Bonus-3.mkv
UNPARSED:/mnt/synology/rs-tv/The Real Ghostbusters (1986) {tvdb-71824}/Extras,REMOVE,Real Ghostbusters Bonus-4.mkv,1,Unknown,0.12,/mnt/synology/rs-tv/The Real Ghostbusters (1986) {tvdb-71824}/Extras/Real Ghostbusters Bonus-4.mkv
UNPARSED:/mnt/synology/rs-tv/The Real Ghostbusters (1986) {tvdb-71824}/Extras,REMOVE,Real Ghostbusters Bonus-9.mkv,0,Unknown,0.10,/mnt/synology/rs-tv/The Real Ghostbusters (1986) {tvdb-71824}/Extras/Real Ghostbusters Bonus-9.mkv
UNPARSED:/mnt/synology/rs-tv/The Real Ghostbusters (1986) {tvdb-71824}/Extras,REMOVE,Real Ghostbusters Bonus-1.mkv,0,Unknown,0.10,/mnt/synology/rs-tv/The Real Ghostbusters (1986) {tvdb-71824}/Extras/Real Ghostbusters Bonus-1.mkv
UNPARSED:/mnt/synology/rs-tv/The Real Ghostbusters (1986) {tvdb-71824}/Extras,REMOVE,Real Ghostbusters Bonus-8.mkv,0,Unknown,0.06,/mnt/synology/rs-tv/The Real Ghostbusters (1986) {tvdb-71824}/Extras/Real Ghostbusters Bonus-8.mkv
UNPARSED:/mnt/synology/rs-tv/The Real Ghostbusters (1986) {tvdb-71824}/Extras,REMOVE,Real Ghostbusters Bonus-11.mkv,0,Unknown,0.03,/mnt/synology/rs-tv/The Real Ghostbusters (1986) {tvdb-71824}/Extras/Real Ghostbusters Bonus-11.mkv
UNPARSED:/mnt/synology/rs-tv/The Real Ghostbusters (1986) {tvdb-71824}/Extras,REMOVE,Real Ghostbusters Bonus-2.mkv,0,Unknown,0.03,/mnt/synology/rs-tv/The Real Ghostbusters (1986) {tvdb-71824}/Extras/Real Ghostbusters Bonus-2.mkv
UNPARSED:/mnt/synology/rs-tv/The Real Ghostbusters (1986) {tvdb-71824}/Extras,REMOVE,Real Ghostbusters Bonus-10.mkv,0,Unknown,0.01,/mnt/synology/rs-tv/The Real Ghostbusters (1986) {tvdb-71824}/Extras/Real Ghostbusters Bonus-10.mkv
UNPARSED:/mnt/synology/rs-tv/World War II in Colour (2010) {tvdb-394418}/Season 02,KEEP,world.war.ii.in.hd.colour.111.1080p.br-ifh.mkv,2043,1080p,4.37,/mnt/synology/rs-tv/World War II in Colour (2010) {tvdb-394418}/Season 02/world.war.ii.in.hd.colour.111.1080p.br-ifh.mkv
UNPARSED:/mnt/synology/rs-tv/World War II in Colour (2010) {tvdb-394418}/Season 02,REMOVE,world.war.ii.in.hd.colour.109.1080p.br-ifh.mkv,2043,1080p,4.37,/mnt/synology/rs-tv/World War II in Colour (2010) {tvdb-394418}/Season 02/world.war.ii.in.hd.colour.109.1080p.br-ifh.mkv
UNPARSED:/mnt/synology/rs-tv/World War II in Colour (2010) {tvdb-394418}/Season 02,REMOVE,world.war.ii.in.hd.colour.112.1080p.br-ifh.mkv,2043,1080p,4.37,/mnt/synology/rs-tv/World War II in Colour (2010) {tvdb-394418}/Season 02/world.war.ii.in.hd.colour.112.1080p.br-ifh.mkv
UNPARSED:/mnt/synology/rs-tv/World War II in Colour (2010) {tvdb-394418}/Season 02,REMOVE,world.war.ii.in.hd.colour.113.1080p.br-ifh.mkv,2043,1080p,4.37,/mnt/synology/rs-tv/World War II in Colour (2010) {tvdb-394418}/Season 02/world.war.ii.in.hd.colour.113.1080p.br-ifh.mkv
UNPARSED:/mnt/synology/rs-tv/World War II in Colour (2010) {tvdb-394418}/Season 02,REMOVE,world.war.ii.in.hd.colour.110.1080p.br-ifh.mkv,2043,1080p,4.37,/mnt/synology/rs-tv/World War II in Colour (2010) {tvdb-394418}/Season 02/world.war.ii.in.hd.colour.110.1080p.br-ifh.mkv
UNPARSED:/mnt/synology/rs-tv/X-Men - The Animated Series (1992) {tvdb-76115}/00,KEEP,EP35 - Obsession.mkv,18,Unknown,1.87,/mnt/synology/rs-tv/X-Men - The Animated Series (1992) {tvdb-76115}/00/EP35 - Obsession.mkv
UNPARSED:/mnt/synology/rs-tv/X-Men - The Animated Series (1992) {tvdb-76115}/00,REMOVE,EP37 - Cold Comfort.mkv,18,Unknown,1.87,/mnt/synology/rs-tv/X-Men - The Animated Series (1992) {tvdb-76115}/00/EP37 - Cold Comfort.mkv
UNPARSED:/mnt/synology/rs-tv/X-Men - The Animated Series (1992) {tvdb-76115}/00,REMOVE,EP14 - Till Death Do Us Part (Part 1).mkv,18,Unknown,1.87,/mnt/synology/rs-tv/X-Men - The Animated Series (1992) {tvdb-76115}/00/EP14 - Till Death Do Us Part (Part 1).mkv
Undone (2019) {tvdb-357756}/Season 01/S01E02,KEEP,Undone (2019) - S01E02 - The Hospital [WEBDL-1080p][EAC3 5.1][h264]-NTG.mkv,3514,1080p/WEBDL/DD+/AVC,1.46,/mnt/synology/rs-tv/Undone (2019) {tvdb-357756}/Season 01/Undone (2019) - S01E02 - The Hospital [WEBDL-1080p][EAC3 5.1][h264]-NTG.mkv
Undone (2019) {tvdb-357756}/Season 01/S01E02,REMOVE,Undone (2019) - S01E02 - The Hospital [HDTV-1080p][EAC3 5.1][h264].mkv,2514,1080p/HDTV/DD+/AVC,1.46,/mnt/synology/rs-tv/Undone (2019) {tvdb-357756}/Season 01/Undone (2019) - S01E02 - The Hospital [HDTV-1080p][EAC3 5.1][h264].mkv
V (1984) {tvdb-76354}/Specials/S00E01,KEEP,V (1984) - S00E01 - The Original Miniseries 1 [SDTV][AC3 2.0][XviD].avi,106,DD,0.68,/mnt/synology/rs-tv/V (1984) {tvdb-76354}/Specials/V (1984) - S00E01 - The Original Miniseries 1 [SDTV][AC3 2.0][XviD].avi
V (1984) {tvdb-76354}/Specials/S00E01,REMOVE,S00E01 - The Original Miniseries (1) SDTV.avi,6,Unknown,0.68,/mnt/synology/rs-tv/V (1984) {tvdb-76354}/Specials/S00E01 - The Original Miniseries (1) SDTV.avi
V (1984) {tvdb-76354}/Specials/S00E02,KEEP,V (1984) - S00E02 - The Original Miniseries 2 [SDTV][AC3 2.0][XviD].avi,106,DD,0.68,/mnt/synology/rs-tv/V (1984) {tvdb-76354}/Specials/V (1984) - S00E02 - The Original Miniseries 2 [SDTV][AC3 2.0][XviD].avi
V (1984) {tvdb-76354}/Specials/S00E02,REMOVE,S00E02 - The Original Miniseries (2) SDTV.avi,6,Unknown,0.68,/mnt/synology/rs-tv/V (1984) {tvdb-76354}/Specials/S00E02 - The Original Miniseries (2) SDTV.avi
V (1984) {tvdb-76354}/Specials/S00E03,KEEP,V (1984) - S00E03 - The Final Battle 1 [SDTV][AAC 1.0][x264].mp4,208,AAC/AVC,0.82,/mnt/synology/rs-tv/V (1984) {tvdb-76354}/Specials/V (1984) - S00E03 - The Final Battle 1 [SDTV][AAC 1.0][x264].mp4
V (1984) {tvdb-76354}/Specials/S00E03,REMOVE,S00E03 - The Final Battle (1) SDTV.mp4,8,Unknown,0.82,/mnt/synology/rs-tv/V (1984) {tvdb-76354}/Specials/S00E03 - The Final Battle (1) SDTV.mp4
V (1984) {tvdb-76354}/Specials/S00E04,KEEP,V (1984) - S00E04 - The Final Battle 2 [SDTV][AC3 1.0][XviD].avi,110,DD,1.10,/mnt/synology/rs-tv/V (1984) {tvdb-76354}/Specials/V (1984) - S00E04 - The Final Battle 2 [SDTV][AC3 1.0][XviD].avi
V (1984) {tvdb-76354}/Specials/S00E04,REMOVE,S00E04 - The Final Battle (2) SDTV.avi,10,Unknown,1.10,/mnt/synology/rs-tv/V (1984) {tvdb-76354}/Specials/S00E04 - The Final Battle (2) SDTV.avi
V (1984) {tvdb-76354}/Specials/S00E05,KEEP,V (1984) - S00E05 - The Final Battle 3 [SDTV][AC3 1.0][XviD].avi,110,DD,1.08,/mnt/synology/rs-tv/V (1984) {tvdb-76354}/Specials/V (1984) - S00E05 - The Final Battle 3 [SDTV][AC3 1.0][XviD].avi
V (1984) {tvdb-76354}/Specials/S00E05,REMOVE,S00E05 - The Final Battle (3) SDTV.avi,10,Unknown,1.08,/mnt/synology/rs-tv/V (1984) {tvdb-76354}/Specials/S00E05 - The Final Battle (3) SDTV.avi
Washington Black (2025) {tvdb-410925}/Season 01/S01E01,KEEP,Washington Black (2025) - S01E01 - The Flying Man and The Musician [DSNP][WEBDL-1080p][EAC3 5.1][h264]-FLUX.mkv,3523,1080p/WEBDL/DD+/AVC,2.32,/mnt/synology/rs-tv/Washington Black (2025) {tvdb-410925}/Season 01/Washington Black (2025) - S01E01 - The Flying Man and The Musician [DSNP][WEBDL-1080p][EAC3 5.1][h264]-FLUX.mkv
Washington Black (2025) {tvdb-410925}/Season 01/S01E01,REMOVE,Washington Black (2025) - S01E01 - The Flying Man and The Musician [WEBDL-720p][EAC3 5.1][h264]-BiOMA.mkv,1512,720p/WEBDL/DD+/AVC,1.21,/mnt/synology/rs-tv/Washington Black (2025) {tvdb-410925}/Season 01/Washington Black (2025) - S01E01 - The Flying Man and The Musician [WEBDL-720p][EAC3 5.1][h264]-BiOMA.mkv
Washington Black (2025) {tvdb-410925}/Season 01/S01E02,KEEP,Washington Black (2025) - S01E02 - Movements of Jah People [DSNP][WEBDL-1080p][EAC3 5.1][h264]-FLUX.mkv,3520,1080p/WEBDL/DD+/AVC,2.05,/mnt/synology/rs-tv/Washington Black (2025) {tvdb-410925}/Season 01/Washington Black (2025) - S01E02 - Movements of Jah People [DSNP][WEBDL-1080p][EAC3 5.1][h264]-FLUX.mkv
Washington Black (2025) {tvdb-410925}/Season 01/S01E02,REMOVE,Washington Black (2025) - S01E02 - Movements of Jah People [WEBDL-720p][EAC3 5.1][h264]-BiOMA.mkv,1510,720p/WEBDL/DD+/AVC,1.08,/mnt/synology/rs-tv/Washington Black (2025) {tvdb-410925}/Season 01/Washington Black (2025) - S01E02 - Movements of Jah People [WEBDL-720p][EAC3 5.1][h264]-BiOMA.mkv
Washington Black (2025) {tvdb-410925}/Season 01/S01E03,KEEP,Washington Black (2025) - S01E03 - Of Love and Caribbean Rum [DSNP][WEBDL-1080p][EAC3 5.1][h264]-FLUX.mkv,3512,1080p/WEBDL/DD+/AVC,1.30,/mnt/synology/rs-tv/Washington Black (2025) {tvdb-410925}/Season 01/Washington Black (2025) - S01E03 - Of Love and Caribbean Rum [DSNP][WEBDL-1080p][EAC3 5.1][h264]-FLUX.mkv
Washington Black (2025) {tvdb-410925}/Season 01/S01E03,REMOVE,Washington Black (2025) - S01E03 - Of Love and Caribbean Rum [WEBDL-720p][EAC3 5.1][h264]-BiOMA.mkv,1506,720p/WEBDL/DD+/AVC,0.66,/mnt/synology/rs-tv/Washington Black (2025) {tvdb-410925}/Season 01/Washington Black (2025) - S01E03 - Of Love and Caribbean Rum [WEBDL-720p][EAC3 5.1][h264]-BiOMA.mkv
Washington Black (2025) {tvdb-410925}/Season 01/S01E04,KEEP,Washington Black (2025) - S01E04 - The Souls and Science of Black Folk [DSNP][WEBDL-1080p][EAC3 5.1][h264]-FLUX.mkv,3517,1080p/WEBDL/DD+/AVC,1.70,/mnt/synology/rs-tv/Washington Black (2025) {tvdb-410925}/Season 01/Washington Black (2025) - S01E04 - The Souls and Science of Black Folk [DSNP][WEBDL-1080p][EAC3 5.1][h264]-FLUX.mkv
Washington Black (2025) {tvdb-410925}/Season 01/S01E04,REMOVE,Washington Black (2025) - S01E04 - The Souls and Science of Black Folk [WEBDL-720p][EAC3 5.1][h264]-BiOMA.mkv,1508,720p/WEBDL/DD+/AVC,0.86,/mnt/synology/rs-tv/Washington Black (2025) {tvdb-410925}/Season 01/Washington Black (2025) - S01E04 - The Souls and Science of Black Folk [WEBDL-720p][EAC3 5.1][h264]-BiOMA.mkv
Washington Black (2025) {tvdb-410925}/Season 01/S01E05,KEEP,Washington Black (2025) - S01E05 - St. George and the Dragon [DSNP][WEBDL-1080p][EAC3 5.1][h264]-FLUX.mkv,3513,1080p/WEBDL/DD+/AVC,1.30,/mnt/synology/rs-tv/Washington Black (2025) {tvdb-410925}/Season 01/Washington Black (2025) - S01E05 - St. George and the Dragon [DSNP][WEBDL-1080p][EAC3 5.1][h264]-FLUX.mkv
Washington Black (2025) {tvdb-410925}/Season 01/S01E05,REMOVE,Washington Black (2025) - S01E05 - St. George and the Dragon [WEBDL-720p][EAC3 5.1][h264]-BiOMA.mkv,1506,720p/WEBDL/DD+/AVC,0.67,/mnt/synology/rs-tv/Washington Black (2025) {tvdb-410925}/Season 01/Washington Black (2025) - S01E05 - St. George and the Dragon [WEBDL-720p][EAC3 5.1][h264]-BiOMA.mkv
Washington Black (2025) {tvdb-410925}/Season 01/S01E06,KEEP,Washington Black (2025) - S01E06 - Selamiut [DSNP][WEBDL-1080p][EAC3 5.1][h264]-FLUX.mkv,3517,1080p/WEBDL/DD+/AVC,1.78,/mnt/synology/rs-tv/Washington Black (2025) {tvdb-410925}/Season 01/Washington Black (2025) - S01E06 - Selamiut [DSNP][WEBDL-1080p][EAC3 5.1][h264]-FLUX.mkv
Washington Black (2025) {tvdb-410925}/Season 01/S01E06,REMOVE,Washington Black (2025) - S01E06 - Selamiut [WEBDL-720p][EAC3 5.1][h264]-BiOMA.mkv,1509,720p/WEBDL/DD+/AVC,0.94,/mnt/synology/rs-tv/Washington Black (2025) {tvdb-410925}/Season 01/Washington Black (2025) - S01E06 - Selamiut [WEBDL-720p][EAC3 5.1][h264]-BiOMA.mkv
Washington Black (2025) {tvdb-410925}/Season 01/S01E07,KEEP,Washington Black (2025) - S01E07 - J’ouvert Morning [DSNP][WEBDL-1080p][EAC3 5.1][h264]-FLUX.mkv,3516,1080p/WEBDL/DD+/AVC,1.69,/mnt/synology/rs-tv/Washington Black (2025) {tvdb-410925}/Season 01/Washington Black (2025) - S01E07 - J’ouvert Morning [DSNP][WEBDL-1080p][EAC3 5.1][h264]-FLUX.mkv
Washington Black (2025) {tvdb-410925}/Season 01/S01E07,REMOVE,Washington Black (2025) - S01E07 - J’ouvert Morning [WEBDL-720p][EAC3 5.1][h264]-BiOMA.mkv,1508,720p/WEBDL/DD+/AVC,0.87,/mnt/synology/rs-tv/Washington Black (2025) {tvdb-410925}/Season 01/Washington Black (2025) - S01E07 - J’ouvert Morning [WEBDL-720p][EAC3 5.1][h264]-BiOMA.mkv
Washington Black (2025) {tvdb-410925}/Season 01/S01E08,KEEP,Washington Black (2025) - S01E08 - If You See My Mama Whisper Her This… [DSNP][WEBDL-1080p][EAC3 5.1][h264]-FLUX.mkv,3519,1080p/WEBDL/DD+/AVC,1.93,/mnt/synology/rs-tv/Washington Black (2025) {tvdb-410925}/Season 01/Washington Black (2025) - S01E08 - If You See My Mama Whisper Her This… [DSNP][WEBDL-1080p][EAC3 5.1][h264]-FLUX.mkv
Washington Black (2025) {tvdb-410925}/Season 01/S01E08,REMOVE,Washington Black (2025) - S01E08 - If You See My Mama Whisper Her This… [WEBDL-720p][EAC3 5.1][h264]-BiOMA.mkv,1510,720p/WEBDL/DD+/AVC,1.01,/mnt/synology/rs-tv/Washington Black (2025) {tvdb-410925}/Season 01/Washington Black (2025) - S01E08 - If You See My Mama Whisper Her This… [WEBDL-720p][EAC3 5.1][h264]-BiOMA.mkv
Whose Line Is It Anyway! (US) (1998) {tvdb-76808}/Season 16/S16E20,KEEP,Whose Line Is It Anyway! (US) (1998) - S16E20 - Jonathan Mangum 8 [WEBDL-1080p][AAC 2.0][h264]-BAE.mkv,3411,1080p/WEBDL/AAC/AVC,1.19,/mnt/synology/rs-tv/Whose Line Is It Anyway! (US) (1998) {tvdb-76808}/Season 16/Whose Line Is It Anyway! (US) (1998) - S16E20 - Jonathan Mangum 8 [WEBDL-1080p][AAC 2.0][h264]-BAE.mkv
Whose Line Is It Anyway! (US) (1998) {tvdb-76808}/Season 16/S16E20,REMOVE,Whose Line Is It Anyway! (US) (1998) - S16E20 - Jonathan Mangum 8 [HDTV-720p][AC3 5.1][h264].ts,462,720p/HDTV/DD/AVC,1.27,/mnt/synology/rs-tv/Whose Line Is It Anyway! (US) (1998) {tvdb-76808}/Season 16/Whose Line Is It Anyway! (US) (1998) - S16E20 - Jonathan Mangum 8 [HDTV-720p][AC3 5.1][h264].ts
Will Trent (2023) {tvdb-419879}/Season 02/S02E01,KEEP,Will Trent (2023) - S02E01 - Me Llamo Will Trent [WEBDL-1080p][EAC3 5.1][h264]-FLUX.mkv,3530,1080p/WEBDL/DD+/AVC,3.07,/mnt/synology/rs-tv/Will Trent (2023) {tvdb-419879}/Season 02/Will Trent (2023) - S02E01 - Me Llamo Will Trent [WEBDL-1080p][EAC3 5.1][h264]-FLUX.mkv
Will Trent (2023) {tvdb-419879}/Season 02/S02E01,REMOVE,Will Trent (2023) - S02E01 - Me Llamo Will Trent [WEBDL-1080p][EAC3 5.1][h264].mkv,3518,1080p/WEBDL/DD+/AVC,1.84,/mnt/synology/rs-tv/Will Trent (2023) {tvdb-419879}/Season 02/Will Trent (2023) - S02E01 - Me Llamo Will Trent [WEBDL-1080p][EAC3 5.1][h264].mkv
Will Trent (2023) {tvdb-419879}/Season 02/S02E02,KEEP,Will Trent (2023) - S02E02 - Its the Work I Signed Up For [WEBDL-1080p][EAC3 5.1][h264]-FLUX.mkv,3530,1080p/WEBDL/DD+/AVC,3.03,/mnt/synology/rs-tv/Will Trent (2023) {tvdb-419879}/Season 02/Will Trent (2023) - S02E02 - Its the Work I Signed Up For [WEBDL-1080p][EAC3 5.1][h264]-FLUX.mkv
Will Trent (2023) {tvdb-419879}/Season 02/S02E02,REMOVE,Will Trent (2023) - S02E02 - Its the Work I Signed Up For [WEBDL-1080p][EAC3 5.1][h264].mkv,3518,1080p/WEBDL/DD+/AVC,1.84,/mnt/synology/rs-tv/Will Trent (2023) {tvdb-419879}/Season 02/Will Trent (2023) - S02E02 - Its the Work I Signed Up For [WEBDL-1080p][EAC3 5.1][h264].mkv
Will Trent (2023) {tvdb-419879}/Season 02/S02E03,KEEP,Will Trent (2023) - S02E03 - You Dont Have to Understand [WEBDL-1080p][EAC3 5.1][h264]-FLUX.mkv,3530,1080p/WEBDL/DD+/AVC,3.03,/mnt/synology/rs-tv/Will Trent (2023) {tvdb-419879}/Season 02/Will Trent (2023) - S02E03 - You Dont Have to Understand [WEBDL-1080p][EAC3 5.1][h264]-FLUX.mkv
Will Trent (2023) {tvdb-419879}/Season 02/S02E03,REMOVE,Will Trent (2023) - S02E03 - You Dont Have to Understand [WEBDL-1080p][EAC3 5.1][h264].mkv,3518,1080p/WEBDL/DD+/AVC,1.83,/mnt/synology/rs-tv/Will Trent (2023) {tvdb-419879}/Season 02/Will Trent (2023) - S02E03 - You Dont Have to Understand [WEBDL-1080p][EAC3 5.1][h264].mkv
Will Trent (2023) {tvdb-419879}/Season 02/S02E04,KEEP,Will Trent (2023) - S02E04 - Its Easier to Handcuff a Human Being [WEBDL-1080p][EAC3 5.1][h264]-ELEANOR.mkv,3534,1080p/WEBDL/DD+/AVC,3.44,/mnt/synology/rs-tv/Will Trent (2023) {tvdb-419879}/Season 02/Will Trent (2023) - S02E04 - Its Easier to Handcuff a Human Being [WEBDL-1080p][EAC3 5.1][h264]-ELEANOR.mkv
Will Trent (2023) {tvdb-419879}/Season 02/S02E04,REMOVE,Will Trent (2023) - S02E04 - Its Easier to Handcuff a Human Being [WEBDL-1080p][EAC3 5.1][h264].mkv,3534,1080p/WEBDL/DD+/AVC,3.44,/mnt/synology/rs-tv/Will Trent (2023) {tvdb-419879}/Season 02/Will Trent (2023) - S02E04 - Its Easier to Handcuff a Human Being [WEBDL-1080p][EAC3 5.1][h264].mkv
Will Trent (2023) {tvdb-419879}/Season 02/S02E05,KEEP,Will Trent (2023) - S02E05 - Capt. Duke Wagners Daughter [WEBDL-1080p][EAC3 5.1][h264].mkv,3530,1080p/WEBDL/DD+/AVC,3.03,/mnt/synology/rs-tv/Will Trent (2023) {tvdb-419879}/Season 02/Will Trent (2023) - S02E05 - Capt. Duke Wagners Daughter [WEBDL-1080p][EAC3 5.1][h264].mkv
Will Trent (2023) {tvdb-419879}/Season 02/S02E05,REMOVE,Will Trent (2023) - S02E05 - Capt. Duke Wagners Daughter [WEBDL-1080p][EAC3 5.1][h264]-FLUX.mkv,3529,1080p/WEBDL/DD+/AVC,3.00,/mnt/synology/rs-tv/Will Trent (2023) {tvdb-419879}/Season 02/Will Trent (2023) - S02E05 - Capt. Duke Wagners Daughter [WEBDL-1080p][EAC3 5.1][h264]-FLUX.mkv
Will Trent (2023) {tvdb-419879}/Season 02/S02E06,KEEP,Will Trent (2023) - S02E06 - We Are Family [WEBDL-1080p][EAC3 5.1][h264].mkv,3531,1080p/WEBDL/DD+/AVC,3.10,/mnt/synology/rs-tv/Will Trent (2023) {tvdb-419879}/Season 02/Will Trent (2023) - S02E06 - We Are Family [WEBDL-1080p][EAC3 5.1][h264].mkv
Will Trent (2023) {tvdb-419879}/Season 02/S02E06,REMOVE,Will Trent (2023) - S02E06 - We Are Family [WEBDL-1080p][EAC3 5.1][h264]-FLUX.mkv,3530,1080p/WEBDL/DD+/AVC,3.07,/mnt/synology/rs-tv/Will Trent (2023) {tvdb-419879}/Season 02/Will Trent (2023) - S02E06 - We Are Family [WEBDL-1080p][EAC3 5.1][h264]-FLUX.mkv
Will Trent (2023) {tvdb-419879}/Season 02/S02E07,KEEP,Will Trent (2023) - S02E07 - Have You Never Been to a Wedding [WEBDL-1080p][EAC3 5.1][h264]-FLUX.mkv,3530,1080p/WEBDL/DD+/AVC,3.06,/mnt/synology/rs-tv/Will Trent (2023) {tvdb-419879}/Season 02/Will Trent (2023) - S02E07 - Have You Never Been to a Wedding [WEBDL-1080p][EAC3 5.1][h264]-FLUX.mkv
Will Trent (2023) {tvdb-419879}/Season 02/S02E07,REMOVE,Will Trent (2023) - S02E07 - Have You Never Been to a Wedding [WEBDL-1080p][EAC3 5.1][h264].mkv,3530,1080p/WEBDL/DD+/AVC,3.06,/mnt/synology/rs-tv/Will Trent (2023) {tvdb-419879}/Season 02/Will Trent (2023) - S02E07 - Have You Never Been to a Wedding [WEBDL-1080p][EAC3 5.1][h264].mkv
Will Trent (2023) {tvdb-419879}/Season 02/S02E08,KEEP,Will Trent (2023) - S02E08 - Why Is Jacks Arm Bleeding [WEBDL-1080p][EAC3 5.1][h264].mkv,3530,1080p/WEBDL/DD+/AVC,3.04,/mnt/synology/rs-tv/Will Trent (2023) {tvdb-419879}/Season 02/Will Trent (2023) - S02E08 - Why Is Jacks Arm Bleeding [WEBDL-1080p][EAC3 5.1][h264].mkv
Will Trent (2023) {tvdb-419879}/Season 02/S02E08,REMOVE,Will Trent (2023) - S02E08 - Why Is Jacks Arm Bleeding [WEBDL-1080p][EAC3 5.1][h264]-FLUX.mkv,3529,1080p/WEBDL/DD+/AVC,3.00,/mnt/synology/rs-tv/Will Trent (2023) {tvdb-419879}/Season 02/Will Trent (2023) - S02E08 - Why Is Jacks Arm Bleeding [WEBDL-1080p][EAC3 5.1][h264]-FLUX.mkv
Will Trent (2023) {tvdb-419879}/Season 02/S02E09,KEEP,Will Trent (2023) - S02E09 - Residente o Visitante [WEBDL-1080p][EAC3 5.1][h264].mkv,3531,1080p/WEBDL/DD+/AVC,3.16,/mnt/synology/rs-tv/Will Trent (2023) {tvdb-419879}/Season 02/Will Trent (2023) - S02E09 - Residente o Visitante [WEBDL-1080p][EAC3 5.1][h264].mkv
Will Trent (2023) {tvdb-419879}/Season 02/S02E09,REMOVE,Will Trent (2023) - S02E09 - Residente o Visitante [WEBDL-1080p][EAC3 5.1][h264]-FLUX.mkv,3530,1080p/WEBDL/DD+/AVC,3.07,/mnt/synology/rs-tv/Will Trent (2023) {tvdb-419879}/Season 02/Will Trent (2023) - S02E09 - Residente o Visitante [WEBDL-1080p][EAC3 5.1][h264]-FLUX.mkv
Will Trent (2023) {tvdb-419879}/Season 02/S02E10,KEEP,Will Trent (2023) - S02E10 - Do You See the Vision [WEBDL-1080p][EAC3 5.1][h264].mkv,3533,1080p/WEBDL/DD+/AVC,3.31,/mnt/synology/rs-tv/Will Trent (2023) {tvdb-419879}/Season 02/Will Trent (2023) - S02E10 - Do You See the Vision [WEBDL-1080p][EAC3 5.1][h264].mkv
Will Trent (2023) {tvdb-419879}/Season 02/S02E10,REMOVE,Will Trent (2023) - S02E10 - Do You See the Vision [WEBDL-1080p][EAC3 5.1][h264]-FLUX.mkv,3531,1080p/WEBDL/DD+/AVC,3.14,/mnt/synology/rs-tv/Will Trent (2023) {tvdb-419879}/Season 02/Will Trent (2023) - S02E10 - Do You See the Vision [WEBDL-1080p][EAC3 5.1][h264]-FLUX.mkv
Will Trent (2023) {tvdb-419879}/Season 03/S03E01,KEEP,Will Trent (2023) - S03E01 - Im a Guest Here 1 [AMZN][WEBDL-1080p][EAC3 5.1][h264]-FLUX.mkv,3531,1080p/WEBDL/DD+/AVC,3.12,/mnt/synology/rs-tv/Will Trent (2023) {tvdb-419879}/Season 03/Will Trent (2023) - S03E01 - Im a Guest Here 1 [AMZN][WEBDL-1080p][EAC3 5.1][h264]-FLUX.mkv
Will Trent (2023) {tvdb-419879}/Season 03/S03E01,REMOVE,Will Trent (2023) - S03E01 - Im a Guest Here 1 [WEBDL-1080p][EAC3 5.1][h264].mkv,3531,1080p/WEBDL/DD+/AVC,3.12,/mnt/synology/rs-tv/Will Trent (2023) {tvdb-419879}/Season 03/Will Trent (2023) - S03E01 - Im a Guest Here 1 [WEBDL-1080p][EAC3 5.1][h264].mkv
X-Men - The Animated Series (1992) {tvdb-76115}/Season 02/S02E05,KEEP,X-Men - The Animated Series (1992) - S02E05 - Repo Man [HDTV-1080p][AC3 2.0][h265]-Ternally.mkv,2118,1080p/HDTV/DD/HEVC,1.86,/mnt/synology/rs-tv/X-Men - The Animated Series (1992) {tvdb-76115}/Season 02/X-Men - The Animated Series (1992) - S02E05 - Repo Man [HDTV-1080p][AC3 2.0][h265]-Ternally.mkv
X-Men - The Animated Series (1992) {tvdb-76115}/Season 02/S02E05,REMOVE,X-Men - The Animated Series (1992) - S02E05 - Repo Man [HDTV-1080p][AC3 2.0][h265].mkv,2118,1080p/HDTV/DD/HEVC,1.86,/mnt/synology/rs-tv/X-Men - The Animated Series (1992) {tvdb-76115}/Season 02/X-Men - The Animated Series (1992) - S02E05 - Repo Man [HDTV-1080p][AC3 2.0][h265].mkv
