timestamp,date,time,to_unraid,from_unraid
1769731168,2026-01-29,18:59:28,60109,724
1769734801,2026-01-29,20:00:01,9827676159,23371398722
1769738401,2026-01-29,21:00:01,18188940190,56603850888
1769742002,2026-01-29,22:00:02,30164513382,80804743485
1769745601,2026-01-29,23:00:01,34372841855,132025385975
1769749201,2026-01-30,00:00:01,40905792204,175563362853
1769752801,2026-01-30,01:00:01,53671031566,176408280045
1769756401,2026-01-30,02:00:01,63614889789,176894026157
1769760001,2026-01-30,03:00:01,74260295710,177316044286
1769763601,2026-01-30,04:00:01,87138153529,177803732582
1769767201,2026-01-30,05:00:01,99397411038,178369288692
1769770801,2026-01-30,06:00:01,110414812142,178527826884
1769774401,2026-01-30,07:00:01,118795454108,178599963000
1769778001,2026-01-30,08:00:01,149281409815,179236999176
1769781601,2026-01-30,09:00:01,244591006366,183042757507
1769785201,2026-01-30,10:00:01,303903976278,210631763927
1769788801,2026-01-30,11:00:01,342636710970,249044475233
1769792401,2026-01-30,12:00:01,343250919817,314317649099
1769796001,2026-01-30,13:00:01,368566659158,315872454394
1769799601,2026-01-30,14:00:01,385639956400,316928318658
1769803201,2026-01-30,15:00:01,406599731731,318000817450
1769806801,2026-01-30,16:00:01,414778294353,370912660159
1769810401,2026-01-30,17:00:01,465276708221,389824650945
1769814001,2026-01-30,18:00:01,475156999074,442124571495
1769817601,2026-01-30,19:00:01,480349466365,467377709827
1769821201,2026-01-30,20:00:01,492179406210,467708781265
1769824801,2026-01-30,21:00:01,506409752912,468279464525
1769828401,2026-01-30,22:00:01,520684102217,468730185653
1769832001,2026-01-30,23:00:01,532786278383,469198753848
1769835601,2026-01-31,00:00:01,542829016022,469609108016
1769839201,2026-01-31,01:00:01,552349342780,469956340316
1769842801,2026-01-31,02:00:01,559859281833,470213491464
1769846401,2026-01-31,03:00:02,567579564777,470990559896
1769850001,2026-01-31,04:00:01,572583186735,471474436252
1769853601,2026-01-31,05:00:01,576758434877,471728512836
1769871601,2026-01-31,10:00:01,12376,13900
1769875201,2026-01-31,11:00:01,3613500976,31532780
1769878801,2026-01-31,12:00:01,3736165468,25206062406
1769882401,2026-01-31,13:00:01,21714143294,86803884734
1769886001,2026-01-31,14:00:01,71740894997,102683552343
1769889601,2026-01-31,15:00:01,101851558185,148984832254
1769893201,2026-01-31,16:00:01,160938813927,174082016369
1769896801,2026-01-31,17:00:02,172716467030,234454382798
1769900401,2026-01-31,18:00:01,198085169803,239701387041
1769904001,2026-01-31,19:00:01,203666859878,240263499945
1769907601,2026-01-31,20:00:01,211674321888,240834502448
1769911201,2026-01-31,21:00:01,220262126982,241580588504
1769914801,2026-01-31,22:00:02,227457495105,259445462412
1769918401,2026-01-31,23:00:01,251834993219,315846309852
1769922001,2026-02-01,00:00:01,286410372404,361657089743
1769925601,2026-02-01,01:00:01,312556345063,417115287849
1769929201,2026-02-01,02:00:01,366010762690,459072752364
1769932801,2026-02-01,03:00:01,374472093529,532725237811
1769936401,2026-02-01,04:00:01,445222629969,551418789375
1769940001,2026-02-01,05:00:01,521868314970,579093778684
1769943601,2026-02-01,06:00:01,619406448056,600316838048
1769947201,2026-02-01,07:00:01,633945745343,669373657047
1769950802,2026-02-01,08:00:02,679696251317,716956062816
1769954401,2026-02-01,09:00:01,743019702753,743553424702
1769955428,2026-02-01,09:17:08,754529590727,749942794558
1769958001,2026-02-01,10:00:01,754810285007,807766432064
1769961601,2026-02-01,11:00:01,795420338597,824295601079
1769965202,2026-02-01,12:00:02,853231355233,829599088205
1769968801,2026-02-01,13:00:01,856325765688,904716252822
1769972401,2026-02-01,14:00:01,863508061314,968021839292
1769976001,2026-02-01,15:00:01,883154316031,983724214157
1769979601,2026-02-01,16:00:01,899154680722,991737831677
1769983201,2026-02-01,17:00:01,948567495616,1024320985924
1769986801,2026-02-01,18:00:01,966468214720,1085923307237
1769990401,2026-02-01,19:00:01,971205292416,1115600800804
1769994001,2026-02-01,20:00:01,974407468498,1172802122260
1769997601,2026-02-01,21:00:01,981624630821,1176596262356
1770001201,2026-02-01,22:00:01,987595524308,1193510685006
1770004801,2026-02-01,23:00:01,996358125386,1194017984106
1770008401,2026-02-02,00:00:01,1004143265613,1194460207318
1770012001,2026-02-02,01:00:01,1010652802982,1194931474174
1770015601,2026-02-02,02:00:01,1013828440855,1195077074766
1770019201,2026-02-02,03:00:01,1013828440855,1195077074766
1770022801,2026-02-02,04:00:01,1013828440855,1195077074766
1770048001,2026-02-02,11:00:01,16349281987,2212090687
1770051601,2026-02-02,12:00:01,46980140522,7360067625
1770055201,2026-02-02,13:00:01,52372681343,73339999259
1770058801,2026-02-02,14:00:01,70655986396,127712589837
1770062401,2026-02-02,15:00:01,86594896486,186377551007
1770066001,2026-02-02,16:00:01,102809718173,240877604535
1770069601,2026-02-02,17:00:01,116992879617,300673036823
1770073201,2026-02-02,18:00:01,138505021806,352851214981
1770076801,2026-02-02,19:00:01,142605415726,362327687568
1770080401,2026-02-02,20:00:01,142969865910,438755467296
1770084002,2026-02-02,21:00:02,148827721447,440780083875
1770087601,2026-02-02,22:00:01,155452545726,444455797900
1770091201,2026-02-02,23:00:01,108397218,31087370996
1770094801,2026-02-03,00:00:01,386685840,110970365961
1770098401,2026-02-03,01:00:01,913344308,157955316504
1770102001,2026-02-03,02:00:01,913455308,157955316504
1770105601,2026-02-03,03:00:01,913563548,157955316504
1770109201,2026-02-03,04:00:01,2891990017,191187727698
1770112801,2026-02-03,05:00:01,3198698139,271601461262
1770116401,2026-02-03,06:00:01,7228788636,298239865690
1770120001,2026-02-03,07:00:01,13876798634,307020940698
1770123601,2026-02-03,08:00:01,28337843612,344279731754
1770127201,2026-02-03,09:00:01,57816423339,383661849153
1770130801,2026-02-03,10:00:01,87783052601,420340635828
1770134401,2026-02-03,11:00:01,121233659506,459714978171
1770138001,2026-02-03,12:00:01,144541304083,489949641708
1770141601,2026-02-03,13:00:01,165537804210,552496325213
1770145201,2026-02-03,14:00:01,165836608666,633172689038
1770148801,2026-02-03,15:00:01,166130930027,712459093993
1770152401,2026-02-03,16:00:01,174891057500,775421119618
1770156001,2026-02-03,17:00:01,177546702933,851700568754
1770159601,2026-02-03,18:00:01,177841033132,931148681571
1770163201,2026-02-03,19:00:01,200197727626,971907830228
1770166801,2026-02-03,20:00:01,208205165226,1047209718734
1770170401,2026-02-03,21:00:01,220617287850,1118872648491
1770174001,2026-02-03,22:00:01,257317090371,1174302360111
1770177601,2026-02-03,23:00:01,309721218650,1230987206849
1770181201,2026-02-04,00:00:01,346194107259,1288311682845
1770184801,2026-02-04,01:00:01,401406254341,1325567405144
1770188401,2026-02-04,02:00:01,446318025218,1346649862178
1770192001,2026-02-04,03:00:01,464036283402,1397894048667
1770195601,2026-02-04,04:00:01,500060478249,1453990743576
1770199201,2026-02-04,05:00:01,558847143992,1496477269338
1770202801,2026-02-04,06:00:01,611336475901,1546613622289
1770206401,2026-02-04,07:00:01,643527656192,1572854264696
1770210001,2026-02-04,08:00:01,682481928886,1598809259639
1770213601,2026-02-04,09:00:01,716206253424,1622970993680
1770217201,2026-02-04,10:00:01,750133242448,1647848950865
1770220801,2026-02-04,11:00:01,777791699585,1676300768388
1770224401,2026-02-04,12:00:01,793789468432,1720783130895
1770228001,2026-02-04,13:00:01,800374647052,1795162105525
1770231602,2026-02-04,14:00:02,833337242666,1858447104733
1770235201,2026-02-04,15:00:01,860013258508,1902705587007
1770238801,2026-02-04,16:00:01,877539892241,1946810764697
1770242401,2026-02-04,17:00:01,882868072838,2008043640018
1770246001,2026-02-04,18:00:01,901685005740,2071907853552
1770249601,2026-02-04,19:00:01,949263244704,2118416680589
1770253201,2026-02-04,20:00:01,1001573559276,2165494371038
1770256801,2026-02-04,21:00:01,1035275656565,2195623036997
1770260401,2026-02-04,22:00:01,1068963140482,2218204521271
1770264001,2026-02-04,23:00:01,1089946217788,2255337967516
1770267601,2026-02-05,00:00:01,1117250595150,2326861510408
1770271201,2026-02-05,01:00:01,1124665773482,2402046373097
1770274801,2026-02-05,02:00:01,1132830365019,2469622855313
1770278401,2026-02-05,03:00:01,1156503910634,2543995008345
1770282001,2026-02-05,04:00:01,1158416976963,2623346360868
1770285601,2026-02-05,05:00:01,1193654394463,2688499503123
1770289201,2026-02-05,06:00:01,1219607134183,2758809493983
1770292801,2026-02-05,07:00:01,1288197493862,2810117599522
1770296401,2026-02-05,08:00:01,1344859514643,2862590313005
1770300001,2026-02-05,09:00:01,1400242017974,2913244282133
1770303601,2026-02-05,10:00:01,1407500905752,2989305433929
1770307201,2026-02-05,11:00:01,1446145322384,3034129650673
1770310801,2026-02-05,12:00:01,1476864720014,3054406001200
1770314401,2026-02-05,13:00:01,1488001657267,3064005025789
1770318001,2026-02-05,14:00:01,1525734706661,3093974355221
1770321601,2026-02-05,15:00:01,1563467838550,3117778011898
1770325201,2026-02-05,16:00:01,1595607040175,3160650043436
1770328801,2026-02-05,17:00:01,1628224460373,3194944150270
1770332401,2026-02-05,18:00:02,1647107538967,3217521683294
1770336001,2026-02-05,19:00:01,1685749232133,3236428951996
1770339601,2026-02-05,20:00:01,1737326892569,3255664556554
1770343201,2026-02-05,21:00:01,1804750619756,3263934015370
1770346801,2026-02-05,22:00:01,1871048369842,3282994323915
1770350401,2026-02-05,23:00:01,1933868270170,3289514087052
1770354001,2026-02-06,00:00:01,1977751293801,3300020256828
1770357601,2026-02-06,01:00:01,2057665561204,3317374332821
1770361201,2026-02-06,02:00:01,2128871763357,3346113028835
1770364801,2026-02-06,03:00:01,2162896921268,3360061387443
1770368401,2026-02-06,04:00:01,2202308192604,3371024542301
1770372002,2026-02-06,05:00:02,2241237938267,3380255638053
1770375601,2026-02-06,06:00:01,2279889460595,3391578543426
1770379201,2026-02-06,07:00:01,2364721484393,3415098885254
1770382801,2026-02-06,08:00:01,2414472366348,3462131653016
1770386401,2026-02-06,09:00:01,2457053625270,3497954694666
1770390001,2026-02-06,10:00:01,2507523520988,3530512812417
1770393601,2026-02-06,11:00:01,2562321251177,3539298787097
1770397201,2026-02-06,12:00:01,2611753989077,3551762302290
1770400801,2026-02-06,13:00:01,2669690375864,3569785189481
1770404401,2026-02-06,14:00:01,2745849136825,3590064789861
1770408001,2026-02-06,15:00:01,5582586779,6653567754
1770411601,2026-02-06,16:00:01,24100990118,41222886434
1770415201,2026-02-06,17:00:01,27917948793,91052893014
1770418801,2026-02-06,18:00:01,28129412077,147395219299
1770422401,2026-02-06,19:00:01,30807186658,195025634971
1770426001,2026-02-06,20:00:01,49722510629,211313743277
1770429601,2026-02-06,21:00:01,77623433161,255182909855
1770433201,2026-02-06,22:00:01,109355892164,292563423523
1770436801,2026-02-06,23:00:01,137775037330,319235920337
1770440401,2026-02-07,00:00:01,167131150514,333182504030
1770444001,2026-02-07,01:00:01,183132059617,342753523448
1770447601,2026-02-07,02:00:01,244742243825,356994667193
1770451201,2026-02-07,03:00:01,332791363454,372539831739
1770454801,2026-02-07,04:00:02,439064113194,389665076568
1770458401,2026-02-07,05:00:01,530332126122,390246182573
1770462001,2026-02-07,06:00:01,638549575926,390938388976
1770465601,2026-02-07,07:00:01,747755989062,391531884794
1770469201,2026-02-07,08:00:01,852417151978,392141865057
1770472801,2026-02-07,09:00:01,976068322174,409966975728
1770476401,2026-02-07,10:00:01,1065108278218,430362871279
1770480001,2026-02-07,11:00:01,1102034450690,439235623474
1770483601,2026-02-07,12:00:01,1133523004006,441952276400
1770487201,2026-02-07,13:00:01,1169377953642,442162198802
1770490801,2026-02-07,14:00:01,1179802981102,442235753518
1770494401,2026-02-07,15:00:01,2564416514,3238622756
1770498001,2026-02-07,16:00:01,7495120382,11429034735
1770501601,2026-02-07,17:00:01,13243778863,18563815776
1770505201,2026-02-07,18:00:01,23529949533,35859123672
1770508801,2026-02-07,19:00:01,43075364969,45053346330
1770512401,2026-02-07,20:00:01,66876347714,49305262861
1770516001,2026-02-07,21:00:01,91831933880,49628881735
1770519601,2026-02-07,22:00:01,119739225172,50006525599
1770523201,2026-02-07,23:00:01,183939560047,52059407291
1770526801,2026-02-08,00:00:01,230434415829,68512389511
1770530401,2026-02-08,01:00:01,277742551064,76189393200
1770534001,2026-02-08,02:00:01,330613364591,107813026364
1770537601,2026-02-08,03:00:01,384157791943,122518097827
1770541201,2026-02-08,04:00:01,429545236133,125651037019
1770544801,2026-02-08,05:00:01,463195676622,150348260872
1770548401,2026-02-08,06:00:01,488323111989,172547236377
1770552001,2026-02-08,07:00:01,526736140700,181149540290
1770555601,2026-02-08,08:00:01,559811077241,191641392633
1770559201,2026-02-08,09:00:01,587416878905,211152494092
1770562801,2026-02-08,10:00:01,610669114689,225947924820
1770566401,2026-02-08,11:00:01,629576483441,230211785185
1770570001,2026-02-08,12:00:01,651219332288,231602975116
1770573601,2026-02-08,13:00:01,669147982676,241708010360
1770577201,2026-02-08,14:00:01,690315246443,257940822083
1770580801,2026-02-08,15:00:01,704853978612,266400451674
1770584401,2026-02-08,16:00:01,720067104349,275574724826
1770588001,2026-02-08,17:00:01,754119815635,289719600814
1770591601,2026-02-08,18:00:01,781098278170,300150900597
1770595201,2026-02-08,19:00:01,837293923026,312084597346
1770598801,2026-02-08,20:00:01,870317264715,344630192402
1770602401,2026-02-08,21:00:01,894254719248,383996549554
1770606001,2026-02-08,22:00:01,929518431246,404550328092
1770609601,2026-02-08,23:00:01,1004293321200,422646062908
1770613201,2026-02-09,00:00:01,1058568446350,454054504827
1770616801,2026-02-09,01:00:01,1116769933177,484284745826
1770620401,2026-02-09,02:00:01,1192305706375,499297234889
1770624001,2026-02-09,03:00:01,1263871899011,513283323647
1770627601,2026-02-09,04:00:01,1322124504738,524587743558
1770631201,2026-02-09,05:00:01,1372464546575,548345098617
1770634801,2026-02-09,06:00:01,1406133576063,548603772776
1770638401,2026-02-09,07:00:01,1481770972516,562361695716
1770642001,2026-02-09,08:00:01,1587068245498,595703294072
1770645601,2026-02-09,09:00:01,1672078661100,636776641474
1770649201,2026-02-09,10:00:01,1711891207346,661767001696
1770652801,2026-02-09,11:00:01,1717403798413,668814308803
1770656401,2026-02-09,12:00:01,1734829646654,675649308309
1770660001,2026-02-09,13:00:01,1748801037111,683651215078
1770663601,2026-02-09,14:00:01,1764281313259,693442636321
1770667201,2026-02-09,15:00:01,1775914175777,697357633637
1770670801,2026-02-09,16:00:01,1781689542831,699089880793
1770674401,2026-02-09,17:00:01,1782510462576,699170017427
1770678001,2026-02-09,18:00:02,1784491842750,700349643044
1770681601,2026-02-09,19:00:01,1790029899122,706574145510
1770685201,2026-02-09,20:00:01,1800090611772,723747828769
1770688801,2026-02-09,21:00:01,1816468296138,750125220754
1770692401,2026-02-09,22:00:01,1844950123270,799684187352
1770696001,2026-02-09,23:00:01,1871281954488,851916082719
1770699601,2026-02-10,00:00:01,1883836151598,909720518952
1770703201,2026-02-10,01:00:01,1895476942655,978834937579
1770706801,2026-02-10,02:00:01,1922868940557,1009848264224
1770710401,2026-02-10,03:00:01,1977988040280,1048560362076
1770714001,2026-02-10,04:00:01,2007887788408,1073118894769
1770717601,2026-02-10,05:00:01,2041321883626,1096112702797
1770721201,2026-02-10,06:00:01,2076340046743,1109230461040
1770724801,2026-02-10,07:00:01,2129736956505,1128030950522
1770728401,2026-02-10,08:00:01,2157599340153,1145911262351
1770732001,2026-02-10,09:00:01,2206096194010,1174829678376
1770735601,2026-02-10,10:00:01,2239927691979,1193751056399
1770739201,2026-02-10,11:00:01,2277170515337,1195900640512
1770742801,2026-02-10,12:00:01,2305277926654,1198859031092
1770746401,2026-02-10,13:00:01,2341813647215,1208460518846
1770750001,2026-02-10,14:00:01,2371768472001,1223860841537
1770753601,2026-02-10,15:00:01,2390012956204,1231562571673
1770757201,2026-02-10,16:00:01,2412701758194,1250133828196
1770760801,2026-02-10,17:00:01,2432325377461,1263810501391
1770764401,2026-02-10,18:00:02,2449091664850,1275855651104
1770768001,2026-02-10,19:00:01,2466585836634,1291764892085
1770771601,2026-02-10,20:00:01,2493925028973,1313520554450
1770775201,2026-02-10,21:00:01,2535583098995,1343146860638
1770778801,2026-02-10,22:00:01,2569054846571,1370195077601
1770782401,2026-02-10,23:00:01,2602668248620,1395524656931
1770786001,2026-02-11,00:00:01,2640366830093,1421274694785
1770789601,2026-02-11,01:00:01,2685243113609,1441826366094
1770793201,2026-02-11,02:00:01,2735928680493,1460837163401
1770796801,2026-02-11,03:00:01,2788506026587,1487270720845
1770800401,2026-02-11,04:00:01,2835710077292,1511442665691
1770804001,2026-02-11,05:00:01,2885698200096,1537938859843
1770807601,2026-02-11,06:00:01,2945094560151,1552623994396
1770811201,2026-02-11,07:00:01,2990287672463,1572602175763
1770814801,2026-02-11,08:00:01,3051040515933,1592622161357
1770818401,2026-02-11,09:00:01,3073781466036,1624362065126
1770822001,2026-02-11,10:00:01,3103886405324,1651101773819
1770825601,2026-02-11,11:00:01,3148314878668,1660706306628
1770829201,2026-02-11,12:00:01,3172208814838,1679591012935
1770832801,2026-02-11,13:00:01,3198066127305,1697317290640
1770836401,2026-02-11,14:00:02,3219494650470,1714599728854
1770840001,2026-02-11,15:00:01,3243192164182,1735037118236
1770843601,2026-02-11,16:00:01,3279473193012,1757904866697
1770847201,2026-02-11,17:00:01,3291914371651,1768896030923
1770850801,2026-02-11,18:00:01,3307522180222,1773612826305
1770854401,2026-02-11,19:00:01,3329371256939,1773839852503
1770858001,2026-02-11,20:00:01,3377216155783,1781636123670
1770861601,2026-02-11,21:00:01,3419632647393,1804685383157
1770865201,2026-02-11,22:00:01,3440233490441,1859799828988
1770868801,2026-02-11,23:00:02,3495291832750,1882659520429
1770872401,2026-02-12,00:00:01,3526395376019,1905022250645
1770876001,2026-02-12,01:00:01,3563675118643,1936806164197
1770879601,2026-02-12,02:00:01,3586560452454,1955229165664
1770883201,2026-02-12,03:00:01,3605029263658,1982051235347
1770886801,2026-02-12,04:00:02,3642277830114,2013961074099
1770890401,2026-02-12,05:00:01,3710473721952,2026626086409
1770894001,2026-02-12,06:00:01,3742582406245,2045822429713
1770897601,2026-02-12,07:00:01,3798700941411,2071509044816
1770901201,2026-02-12,08:00:01,3854050461315,2088883495144
1770904801,2026-02-12,09:00:01,3894473604575,2104360179402
1770908401,2026-02-12,10:00:01,3967332867417,2111990384804
1770912001,2026-02-12,11:00:01,3999109520070,2129793999496
1770915601,2026-02-12,12:00:01,4031866484458,2149525088149
1770919201,2026-02-12,13:00:01,4050055605445,2167552708921
1770922801,2026-02-12,14:00:01,4060948027516,2193940332372
1770926401,2026-02-12,15:00:01,4096883005221,2206094783207
1770930001,2026-02-12,16:00:01,4119805019577,2214718256373
1770933601,2026-02-12,17:00:01,4135786511772,2231866293174
1770937201,2026-02-12,18:00:01,4155330779294,2250317324121
1770940801,2026-02-12,19:00:01,4161668697497,2306313697067
1770944401,2026-02-12,20:00:02,4194476512995,2344600561211
1770948001,2026-02-12,21:00:01,4198101977975,2410955900265
1770951601,2026-02-12,22:00:01,4233816691881,2451789865452
1770955201,2026-02-12,23:00:01,4260232120975,2503832371473
1770958801,2026-02-13,00:00:01,4322002661739,2523220141773
1770962401,2026-02-13,01:00:01,4365621095192,2554326325825
1770966001,2026-02-13,02:00:01,4386231259767,2610391052074
1770969601,2026-02-13,03:00:01,4432958167510,2644465681322
1770973201,2026-02-13,04:00:01,4475376396898,2662405603966
1770976801,2026-02-13,05:00:01,4502142981805,2675904092221
1770980401,2026-02-13,06:00:01,4541011157051,2700001363035
1770984001,2026-02-13,07:00:01,4590330890181,2718989145131
1770987601,2026-02-13,08:00:01,4650237165611,2742364720494
1770991201,2026-02-13,09:00:01,4700290232872,2771912627887
1770994801,2026-02-13,10:00:01,4740863919768,2795413943403
1770998401,2026-02-13,11:00:01,4771851975121,2810360482515
1771002001,2026-02-13,12:00:01,4817952220297,2817056858290
1771005601,2026-02-13,13:00:01,4854121286575,2820133256096
1771009201,2026-02-13,14:00:02,4883325096791,2820419416897
1771012801,2026-02-13,15:00:01,4921021383624,2831071907261
1771016401,2026-02-13,16:00:01,4947400091661,2841310794468
1771020001,2026-02-13,17:00:01,4967931481170,2852923964896
1771023601,2026-02-13,18:00:01,5012833440675,2874897800331
1771027201,2026-02-13,19:00:01,5070193572934,2896188726464
1771030801,2026-02-13,20:00:01,5117695248685,2916063555924
1771034401,2026-02-13,21:00:01,5178203589353,2928002299983
1771038002,2026-02-13,22:00:02,5203854629977,2952510296544
1771041601,2026-02-13,23:00:01,5242195090285,2975912856264
1771045201,2026-02-14,00:00:01,5281796849133,2990833518607
1771048801,2026-02-14,01:00:01,5324580517040,3013320863216
1771052401,2026-02-14,02:00:02,5372964714721,3034552677850
1771056001,2026-02-14,03:00:01,5425429421855,3061401587810
1771059601,2026-02-14,04:00:01,5461621041597,3083106088838
1771063201,2026-02-14,05:00:01,5489238460115,3099080250374
1771066801,2026-02-14,06:00:01,5541052607517,3127234015771
1771070401,2026-02-14,07:00:01,5593148335493,3157249857323
1771074001,2026-02-14,08:00:01,5594251076165,3230378731690
1771077601,2026-02-14,09:00:01,5601322785336,3284775022755
1771081201,2026-02-14,10:00:01,5620653255398,3327679732245
1771084801,2026-02-14,11:00:01,5620958555079,3402493484465
1771088401,2026-02-14,12:00:01,5636025747908,3440078851838
1771092001,2026-02-14,13:00:01,5644990393562,3492703523022
1771095601,2026-02-14,14:00:01,5664843062065,3519827222858
1771099201,2026-02-14,15:00:01,5678567295817,3539522684754
1771102801,2026-02-14,16:00:01,5690966315296,3561070600428
1771106401,2026-02-14,17:00:01,5707202288530,3585404135124
1771110001,2026-02-14,18:00:01,5737450479406,3609046290961
1771113601,2026-02-14,19:00:01,5766147486100,3629219024931
1771117201,2026-02-14,20:00:01,5779211150712,3683452626616
1771120801,2026-02-14,21:00:01,5789628990618,3747681050550
1771124401,2026-02-14,22:00:01,5816458986625,3797503065993
1771128001,2026-02-14,23:00:01,5837031643594,3812551831349
1771131601,2026-02-15,00:00:01,5862696159399,3818274427914
1771135201,2026-02-15,01:00:01,5876694507350,3823208680718
1771138801,2026-02-15,02:00:01,5887034043023,3839207474262
1771142401,2026-02-15,03:00:01,5897847332825,3856816750396
1771146001,2026-02-15,04:00:01,5910390910086,3877124772395
1771149601,2026-02-15,05:00:01,5923002936634,3896178736125
1771153201,2026-02-15,06:00:01,5934838371494,3920528128192
1771156801,2026-02-15,07:00:01,5949505920372,3959509869092
1771160401,2026-02-15,08:00:01,5969436461121,4024832758021
1771164001,2026-02-15,09:00:01,5969953913332,4101604539729
1771167601,2026-02-15,10:00:01,6012261580266,4149538345000
1771171201,2026-02-15,11:00:01,6043325115610,4182933064570
1771174801,2026-02-15,12:00:01,6060364139428,4212989631361
1771178401,2026-02-15,13:00:01,6061915935236,4287494962177
1771182001,2026-02-15,14:00:01,6085775520218,4343065092929
1771185601,2026-02-15,15:00:01,6097846295874,4384649654209
1771189201,2026-02-15,16:00:01,6123182931735,4434031091585
1771192801,2026-02-15,17:00:01,6153733287753,4496682144695
1771196401,2026-02-15,18:00:01,6178606130289,4558425719282
1771200001,2026-02-15,19:00:01,6201758842667,4616326284492
1771203601,2026-02-15,20:00:01,6206940495399,4692723712154
1771207201,2026-02-15,21:00:02,6220084895364,4744457767863
1771210801,2026-02-15,22:00:01,6241443312898,4768949679838
1771214401,2026-02-15,23:00:01,6257392950963,4808634833065
1771218001,2026-02-16,00:00:01,6257770507862,4883805949960
1771221601,2026-02-16,01:00:01,6274881773435,4914681638722
1771225201,2026-02-16,02:00:01,6293579172260,4948424339153
1771228801,2026-02-16,03:00:01,6328940399624,4997221067628
1771232402,2026-02-16,04:00:02,6348363143052,5023064356876
1771236001,2026-02-16,05:00:01,6367793883728,5046513485661
1771239601,2026-02-16,06:00:01,6395061996939,5084736368121
1771243201,2026-02-16,07:00:01,6416537587350,5150267976949
1771246801,2026-02-16,08:00:01,6420939156589,5215086147913
1771250401,2026-02-16,09:00:01,6458801958040,5257128306942
1771254001,2026-02-16,10:00:01,6477377236134,5281040785701
1771257601,2026-02-16,11:00:01,6496675149714,5353063647309
1771261201,2026-02-16,12:00:01,6497031314970,5429423356151
1771264801,2026-02-16,13:00:01,6519576913442,5492583021735
1771268401,2026-02-16,14:00:01,6534851641447,5567600290447
1771272001,2026-02-16,15:00:01,6538456848831,5637846210779
1771275601,2026-02-16,16:00:01,6565952524956,5708062789133
1771279201,2026-02-16,17:00:01,6585415195583,5778143347652
1771282801,2026-02-16,18:00:01,6622670226203,5846468788789
1771286401,2026-02-16,19:00:01,6646221598280,5912133248723
1771290001,2026-02-16,20:00:01,6691525583470,5961407626890
1771293601,2026-02-16,21:00:01,6726546385651,6011438375773
1771297201,2026-02-16,22:00:01,6761967175060,6062771105036
1771300801,2026-02-16,23:00:01,6781412229326,6088733833439
1771304401,2026-02-17,00:00:01,6804396739709,6125428532896
1771308001,2026-02-17,01:00:01,6825860268098,6194489990679
1771311601,2026-02-17,02:00:01,6837860623763,6270655808197
1771315201,2026-02-17,03:00:01,6858121325711,6344533386572
1771318801,2026-02-17,04:00:01,6887107645951,6405176272369
1771322401,2026-02-17,05:00:01,6942906182425,6450710216250
1771326001,2026-02-17,06:00:01,6983553614255,6480693911187
1771329601,2026-02-17,07:00:01,7016758041199,6530206428537
1771333201,2026-02-17,08:00:01,7028302896293,6601665387211
1771336801,2026-02-17,09:00:01,7038252668254,6666252244795
1771340401,2026-02-17,10:00:01,7044864952228,6744602553769
1771344001,2026-02-17,11:00:01,7055640889599,6819573515182
1771347601,2026-02-17,12:00:01,7064554734453,6898067420132
1771351201,2026-02-17,13:00:01,7068016580604,6977125355421
1771354801,2026-02-17,14:00:01,7109998131039,7027124828551
1771358401,2026-02-17,15:00:01,7140317938400,7061744919748
1771362001,2026-02-17,16:00:01,7148414701647,7122616035650
1771365601,2026-02-17,17:00:01,7184883274603,7175335731486
1771369201,2026-02-17,18:00:01,7194987346730,7247019739129
1771372801,2026-02-17,19:00:01,7212752758389,7283966064008
1771376401,2026-02-17,20:00:01,7225963119227,7355854333769
1771380001,2026-02-17,21:00:01,7264942767517,7398527517619
1771383601,2026-02-17,22:00:01,7276659541969,7448903249187
1771387201,2026-02-17,23:00:01,7327735104415,7501186841657
1771390801,2026-02-18,00:00:01,7365901893670,7543420589815
1771394401,2026-02-18,01:00:01,7404013856250,7581618577180
1771398001,2026-02-18,02:00:01,7453298504489,7635199262288
1771401601,2026-02-18,03:00:01,7470662289294,7664767532866
1771405201,2026-02-18,04:00:01,7510092010474,7706041811232
1771408801,2026-02-18,05:00:01,7564694487309,7753159935661
1771412401,2026-02-18,06:00:01,7580025295898,7825671660213
1771416001,2026-02-18,07:00:02,7591908580599,7898811679828
1771419601,2026-02-18,08:00:01,7610881720078,7960086400619
1771423201,2026-02-18,09:00:01,7611284118042,8030408924314
1771426801,2026-02-18,10:00:01,7621206952445,8078395392622
1771430401,2026-02-18,11:00:01,7638845088119,8105779423830
1771434001,2026-02-18,12:00:01,7658977530068,8139440758177
1771437601,2026-02-18,13:00:01,7677502539666,8196074485091
1771441201,2026-02-18,14:00:01,7686269372239,8259489637870
1771444801,2026-02-18,15:00:01,7710249016975,8305771105759
1771448401,2026-02-18,16:00:01,7739989625896,8350646048266
1771452001,2026-02-18,17:00:01,7740429997505,8427147239182
1771455601,2026-02-18,18:00:01,7744882631050,8492963271425
1771459202,2026-02-18,19:00:02,7787385726062,8544180063879
1771462801,2026-02-18,20:00:01,7791255801047,8622929144592
1771466401,2026-02-18,21:00:01,7810989862125,8691415261469
1771470001,2026-02-18,22:00:01,7835804030359,8738109153628
1771473601,2026-02-18,23:00:01,7848711835502,8800072446854
1771477201,2026-02-19,00:00:01,7859185989807,8839643755043
1771480801,2026-02-19,01:00:01,7888085202840,8869735475955
1771484401,2026-02-19,02:00:02,7909888042974,8895351928386
1771488001,2026-02-19,03:00:02,7945218293074,8942136552698
1771491601,2026-02-19,04:00:01,7988626518478,8996216445104
1771495201,2026-02-19,05:00:01,8042187725635,9046490837406
1771498801,2026-02-19,06:00:01,8088185234043,9104461935650
1771502401,2026-02-19,07:00:01,8131232812122,9163394098829
1771506001,2026-02-19,08:00:01,8173393309753,9223151864264
1771509601,2026-02-19,09:00:01,8223134069909,9275602845755
1771513201,2026-02-19,10:00:01,8246338870699,9343723409343
1771516801,2026-02-19,11:00:01,8246692661502,9424605446745
1771520401,2026-02-19,12:00:01,8258859628056,9484953938690
1771524002,2026-02-19,13:00:02,8273953034355,9553844702164
1771527601,2026-02-19,14:00:01,8293883301777,9624073461868
1771531201,2026-02-19,15:00:01,8298338228014,9691925999063
1771534801,2026-02-19,16:00:01,8337238969887,9736394118155
1771538401,2026-02-19,17:00:01,8349443506194,9803439127594
1771542001,2026-02-19,18:00:01,8360194819802,9872970280290
1771545601,2026-02-19,19:00:01,8365809489692,9948168638029
1771549201,2026-02-19,20:00:01,8375583310908,10022372967271
1771552801,2026-02-19,21:00:01,8378828708834,10096892285367
1771556401,2026-02-19,22:00:01,8405189895478,10133320524914
1771560001,2026-02-19,23:00:01,8431946097334,10184160089510
1771563601,2026-02-20,00:00:01,8463014371527,10239446649940
1771567201,2026-02-20,01:00:01,8510863992276,10299809910942
1771570801,2026-02-20,02:00:01,8525726869921,10363006513796
1771574401,2026-02-20,03:00:01,8538025438774,10427806746263
1771578001,2026-02-20,04:00:01,8554785019413,10470295303381
1771581601,2026-02-20,05:00:01,8559169404800,10535452123302
1771585201,2026-02-20,06:00:01,8603230702155,10583682314138
1771588801,2026-02-20,07:00:01,8633107961985,10650859905412
1771592401,2026-02-20,08:00:01,8635300242947,10691543321460
1771596001,2026-02-20,09:00:02,8636692559041,10692951871899
1771599601,2026-02-20,10:00:01,8638623562731,10695603028586
1771603201,2026-02-20,11:00:01,8640740880493,10698423184115
1771606801,2026-02-20,12:00:01,8643428955614,10700729710443
1771610401,2026-02-20,13:00:01,8646379219006,10705093976825
1771614001,2026-02-20,14:00:01,250045036,258346874
1771617601,2026-02-20,15:00:01,3255552319,5245349043
1771621201,2026-02-20,16:00:01,6611212693,11899839803
1771624801,2026-02-20,17:00:02,11200206483,18480349121
1771628401,2026-02-20,18:00:01,17896342540,27407938213
1771632001,2026-02-20,19:00:01,28022770389,45152411945
1771635601,2026-02-20,20:00:01,47494805117,88348575792
1771639201,2026-02-20,21:00:01,52291285604,149783866774
1771642801,2026-02-20,22:00:01,74177830101,194659484740
1771646401,2026-02-20,23:00:01,85407848672,263996779069
1771650001,2026-02-21,00:00:01,109260451304,328226834043
1771653601,2026-02-21,01:00:01,130459790643,397734461155
1771657201,2026-02-21,02:00:01,134567015406,466215226520
1771660801,2026-02-21,03:00:01,141539150347,522851412509
1771664401,2026-02-21,04:00:01,162627921809,566065024509
1771668001,2026-02-21,05:00:01,188081757215,597522935426
1771671601,2026-02-21,06:00:01,195000254857,649502560152
1771675201,2026-02-21,07:00:01,215602011439,698330641725
1771678801,2026-02-21,08:00:01,231319260060,724972870997
1771682401,2026-02-21,09:00:01,242066210704,755154739847
1771686001,2026-02-21,10:00:01,252148593874,771770217892
1771689601,2026-02-21,11:00:01,259349156984,779632683185
1771693201,2026-02-21,12:00:01,270814770338,790816586731
1771696801,2026-02-21,13:00:01,276765051141,819212911367
1771700401,2026-02-21,14:00:01,292369364989,873054362668
1771704001,2026-02-21,15:00:01,307418661065,939408026861
1771707601,2026-02-21,16:00:01,329844748312,968289329834
1771711201,2026-02-21,17:00:01,338325270478,1027156080501
1771714801,2026-02-21,18:00:01,338744874120,1108160964667
1771718401,2026-02-21,19:00:01,339173340379,1189578315399
1771722001,2026-02-21,20:00:01,339674106472,1265488474336
1771725601,2026-02-21,21:00:01,340085952258,1344315000973
1771729201,2026-02-21,22:00:01,372133010843,1402025967259
1771732801,2026-02-21,23:00:01,408892602717,1459698292367
1771736401,2026-02-22,00:00:01,443037296053,1498237736450
1771740001,2026-02-22,01:00:01,459134449151,1526650021420
1771743601,2026-02-22,02:00:01,477374727802,1557934544750
1771747201,2026-02-22,03:00:01,507443717416,1590922384370
1771750801,2026-02-22,04:00:01,524505640106,1618242649352
1771754401,2026-02-22,05:00:01,547697469716,1660827519684
1771758001,2026-02-22,06:00:01,585444282911,1705355741065
1771761601,2026-02-22,07:00:01,629793880053,1751970326253
1771765201,2026-02-22,08:00:01,654979369308,1782171768368
1771768801,2026-02-22,09:00:01,682417740775,1812282507006
1771772401,2026-02-22,10:00:01,735131902835,1873504787790
1771776001,2026-02-22,11:00:01,769288693945,1926901745428
1771779601,2026-02-22,12:00:01,811810287455,1994873117810
1771783201,2026-02-22,13:00:01,859997861627,2048011551645
1771786801,2026-02-22,14:00:01,897687005086,2087671638580
1771790401,2026-02-22,15:00:01,915671903896,2111230131658
1771794001,2026-02-22,16:00:01,926252370427,2168838727880
1771797601,2026-02-22,17:00:01,943463353357,2191088493350
1771801201,2026-02-22,18:00:01,960574203870,2216791744047
1771804801,2026-02-22,19:00:01,1003506974803,2254361773894
1771808401,2026-02-22,20:00:01,1045128934872,2299361708870
1771812001,2026-02-22,21:00:01,1092377116925,2362091409501
1771815601,2026-02-22,22:00:01,1134659370095,2421923997662
1771819201,2026-02-22,23:00:01,1164094737570,2461405718681
1771822801,2026-02-23,00:00:01,1202762976834,2511029548373
1771826401,2026-02-23,01:00:01,1221442985363,2537145196691
1771830001,2026-02-23,02:00:01,1257892611432,2607318945556
1771833601,2026-02-23,03:00:01,1299179070492,2670619008412
1771837201,2026-02-23,04:00:01,1329022088035,2701993748463
1771840801,2026-02-23,05:00:01,1365013452434,2775071206691
1771844401,2026-02-23,06:00:01,1406870161310,2843750383767
1771848001,2026-02-23,07:00:01,1450892669814,2914056660616
1771851601,2026-02-23,08:00:01,1484044662002,2958390255925
1771855201,2026-02-23,09:00:01,1500294502184,2977736144736
1771858801,2026-02-23,10:00:01,1533831164198,3015853218659
1771862401,2026-02-23,11:00:01,1574319169425,3056751599689
1771866001,2026-02-23,12:00:01,1597787202520,3076108110364
1771869601,2026-02-23,13:00:01,1626923275289,3106797534594
1771873201,2026-02-23,14:00:01,1654291584570,3137226063756
1771880401,2026-02-23,16:00:01,11393798232,18438894042
1771884001,2026-02-23,17:00:01,24137149598,43429614246
1771887601,2026-02-23,18:00:01,46944013665,71208175193
1771891201,2026-02-23,19:00:01,65487592827,96535093623
1771894801,2026-02-23,20:00:01,95477755782,150556819245
1771898401,2026-02-23,21:00:01,121386694107,199727874971
1771902001,2026-02-23,22:00:01,155478178449,255977695624
1771905601,2026-02-23,23:00:01,180433476723,288295218218
1771909201,2026-02-24,00:00:01,215817702201,340303002579
1771912801,2026-02-24,01:00:01,252199777396,383689805981
1771916401,2026-02-24,02:00:01,268599907159,410017671839
1771920001,2026-02-24,03:00:01,274988152980,469207222508
1771923601,2026-02-24,04:00:01,280617335904,544785826055
1771927201,2026-02-24,05:00:01,312888954730,607059058268
1771930801,2026-02-24,06:00:01,353003980896,652521657140
1771934401,2026-02-24,07:00:01,396500331759,705311757500
1771938001,2026-02-24,08:00:01,438555876107,740408136981
1771941601,2026-02-24,09:00:01,483943135597,785627960267
1771945201,2026-02-24,10:00:01,513555601770,845786235513
1771948801,2026-02-24,11:00:01,531958290882,899381379226
1771952401,2026-02-24,12:00:01,532308364156,978681012267
1771956001,2026-02-24,13:00:01,538752073020,1023626555521
1771959601,2026-02-24,14:00:01,545873091499,1033422154742
1771963201,2026-02-24,15:00:01,554736109825,1043929903520
1771966801,2026-02-24,16:00:01,561770859153,1071889023820
1771970401,2026-02-24,17:00:01,569112309325,1098292528969
1771974001,2026-02-24,18:00:01,580667383066,1111755675126
1771977601,2026-02-24,19:00:01,591072244414,1120975648308
1771981201,2026-02-24,20:00:01,604152812776,1138736973515
1771984801,2026-02-24,21:00:01,606282335251,1213783477974
1771988401,2026-02-24,22:00:01,612772110762,1261795629830
1771992001,2026-02-24,23:00:01,632345884744,1319625265319
1771995601,2026-02-25,00:00:01,646887708067,1347196327361
1771999201,2026-02-25,01:00:01,657815447286,1400939914698
1772002801,2026-02-25,02:00:01,670823834732,1420731901048
1772006401,2026-02-25,03:00:01,678528281816,1431621471425
1772010002,2026-02-25,04:00:02,684681310898,1439601190990
1772013601,2026-02-25,05:00:01,694927410886,1458100232062
1772017201,2026-02-25,06:00:01,696098841694,1493638330134
1772020801,2026-02-25,07:00:01,696349545722,1536842222438
1772024401,2026-02-25,08:00:01,704473092113,1557855005801
1772028001,2026-02-25,09:00:01,714040717609,1570039293961
1772031601,2026-02-25,10:00:01,724356579331,1582592859737
1772035201,2026-02-25,11:00:01,738268589277,1595417047473
1772038801,2026-02-25,12:00:01,753850646301,1623708275969
1772042401,2026-02-25,13:00:01,760404957276,1674974333069
1772046001,2026-02-25,14:00:01,765488891564,1682652619893
1772049601,2026-02-25,15:00:01,770049959538,1689493869449
1772053201,2026-02-25,16:00:01,772016849329,1692111181464
1772056801,2026-02-25,17:00:01,772920338836,1693021581374
1772060401,2026-02-25,18:00:01,774106998998,1693951416879
1772064001,2026-02-25,19:00:01,680267186,11248932
1772067601,2026-02-25,20:00:01,4283712575,2628372390
1772071201,2026-02-25,21:00:01,13386900925,11289777591
1772074801,2026-02-25,22:00:01,42830431136,38124015873
1772078401,2026-02-25,23:00:01,83745283479,58967723629
1772082001,2026-02-26,00:00:01,129534913961,85477920434
1772085601,2026-02-26,01:00:01,169847649510,135883963224
1772089201,2026-02-26,02:00:01,173489633078,186073166141
1772092801,2026-02-26,03:00:01,187961578916,193943304455
1772096401,2026-02-26,04:00:01,206936190884,204855679089
1772100001,2026-02-26,05:00:01,216769354542,274405519656
1772103601,2026-02-26,06:00:01,222681394607,344844549412
1772107201,2026-02-26,07:00:01,223123250558,421471638307
1772110801,2026-02-26,08:00:01,231694146095,471618031652
1772114401,2026-02-26,09:00:01,267491981407,522906192054
1772118001,2026-02-26,10:00:01,270732723317,598553353782
1772121601,2026-02-26,11:00:01,271076627689,677612221508
1772125201,2026-02-26,12:00:01,286607978730,742988616306
1772128801,2026-02-26,13:00:01,295585350745,811579750409
1772132401,2026-02-26,14:00:01,324946902750,840393967456
1772136001,2026-02-26,15:00:01,338350411248,893554710109
1772139601,2026-02-26,16:00:01,339843678937,972054508154
1772143201,2026-02-26,17:00:01,345471266733,1047106400188
1772146801,2026-02-26,18:00:01,345804883443,1125249463236
1772150401,2026-02-26,19:00:01,347926050482,1202092661407
1772154001,2026-02-26,20:00:01,380629729572,1255784569326
1772157601,2026-02-26,21:00:01,381753454533,1333168164718
1772161201,2026-02-26,22:00:01,408467081284,1384508140494
1772164801,2026-02-26,23:00:01,413131262148,1455877606945
1772168401,2026-02-27,00:00:01,446096723475,1502435810807
1772172001,2026-02-27,01:00:01,478210825802,1553447249053
1772175601,2026-02-27,02:00:01,496071207388,1575834462389
1772179201,2026-02-27,03:00:01,508761679847,1597923388638
1772182801,2026-02-27,04:00:01,536959632751,1642760352516
1772186401,2026-02-27,05:00:01,539657702338,1716798432463
1772190001,2026-02-27,06:00:01,576179901288,1769741890523
1772193601,2026-02-27,07:00:01,587208341027,1828683054889
1772197201,2026-02-27,08:00:01,590443843841,1890655494673
1772200801,2026-02-27,09:00:01,592901796719,1942414459015
1772204401,2026-02-27,10:00:01,626879219820,1962629897572
1772208001,2026-02-27,11:00:01,677425195072,1989602112977
1772211601,2026-02-27,12:00:01,729616223485,2017297990519
1772215201,2026-02-27,13:00:01,761352038203,2037988915704
1772218801,2026-02-27,14:00:01,778852604242,2053809389227
1772222401,2026-02-27,15:00:01,785372758245,2059147466699
1772226001,2026-02-27,16:00:01,790316076409,2066225815772
1772229601,2026-02-27,17:00:01,794465777445,2070518292991
1772233201,2026-02-27,18:00:01,799851295940,2076082823116
1772236801,2026-02-27,19:00:01,803357417024,2083697423033
1772240401,2026-02-27,20:00:01,809803596148,2089802943375
1772244001,2026-02-27,21:00:01,817403630544,2097355729041
1772247601,2026-02-27,22:00:01,825462117131,2105572711407
1772251201,2026-02-27,23:00:01,836577103193,2112458989820
1772254801,2026-02-28,00:00:01,850395999527,2120108984707
1772258401,2026-02-28,01:00:01,865704524913,2125867139474
1772262001,2026-02-28,02:00:01,880085827874,2138445840320
1772265601,2026-02-28,03:00:01,898150585117,2159118366953
1772269201,2026-02-28,04:00:01,920369917655,2184463064274
1772272801,2026-02-28,05:00:01,932170462510,2242887458985
1772276401,2026-02-28,06:00:01,967102279395,2270552734210
1772280001,2026-02-28,07:00:01,980918703645,2313159780430
1772283601,2026-02-28,08:00:01,996391267311,2322725460458
1772287201,2026-02-28,09:00:01,1004895933822,2378240601832
1772290801,2026-02-28,10:00:01,1018558949702,2419255633823
1772294401,2026-02-28,11:00:01,1018987246287,2494087560385
1772298001,2026-02-28,12:00:01,1030620288273,2533851197485
1772301601,2026-02-28,13:00:01,1034484819146,2590456891558
1772305201,2026-02-28,14:00:01,1044435748550,2606544460817
1772308801,2026-02-28,15:00:01,1053179023164,2611773657022
1772312401,2026-02-28,16:00:01,1053690170460,2611822993431
1772316001,2026-02-28,17:00:01,1054140833293,2611832818694
1772319601,2026-02-28,18:00:01,1054622018602,2611945414760
1772323201,2026-02-28,19:00:01,1055336713296,2612037959078
1772326801,2026-02-28,20:00:01,1056298715331,2612056213538
1772330401,2026-02-28,21:00:01,1057432572144,2612142807858
1772334001,2026-02-28,22:00:01,1059855414138,2612797909886
1772337601,2026-02-28,23:00:01,1068809922178,2618524532499
1772341201,2026-03-01,00:00:01,1091753095871,2678762644635
1772344801,2026-03-01,01:00:01,1100405194461,2740141429370
1772348401,2026-03-01,02:00:01,1104748487066,2815508393064
1772352001,2026-03-01,03:00:01,1129990660999,2884161024202
1772355601,2026-03-01,04:00:02,1140965862316,2942369113651
1772359201,2026-03-01,05:00:01,1155891135114,2996426915680
1772362801,2026-03-01,06:00:01,1156300159854,3073372454340
1772366401,2026-03-01,07:00:01,1165913881692,3122922713414
1772370001,2026-03-01,08:00:01,1191701022308,3141008570507
1772373601,2026-03-01,09:00:01,1210257382209,3203351980896
1772377201,2026-03-01,10:00:01,1235373674270,3262250194488
1772380801,2026-03-01,11:00:01,1244376336607,3331494144698
1772384401,2026-03-01,12:00:01,1260831712728,3370381836714
1772388001,2026-03-01,13:00:01,1270860964790,3407617354345
1772391601,2026-03-01,14:00:01,1286573410265,3417892522975
1772395201,2026-03-01,15:00:01,1287842863570,3489225798392
1772398801,2026-03-01,16:00:01,1295738014457,3542982933723
1772402401,2026-03-01,17:00:01,1317982810424,3556221376039
1772406001,2026-03-01,18:00:01,1343741132990,3568093089045
1772409601,2026-03-01,19:00:01,1360410065334,3618720244604
1772413201,2026-03-01,20:00:01,1397674971363,3640627459505
1772416801,2026-03-01,21:00:01,1415817565207,3693333850922
1772420401,2026-03-01,22:00:01,1432784103662,3753959964722
1772424001,2026-03-01,23:00:01,1450356664792,3816874710167
1772427601,2026-03-02,00:00:01,1471412216801,3876977978344
1772431201,2026-03-02,01:00:01,1482547353700,3946253257025
1772434801,2026-03-02,02:00:01,1485727879946,4022794858118
1772438401,2026-03-02,03:00:01,1497161836986,4092593509347
1772442001,2026-03-02,04:00:01,1518038628638,4153840800387
1772445601,2026-03-02,05:00:01,1526216825154,4224889457117
1772449201,2026-03-02,06:00:01,1533197173327,4294003045171
1772452801,2026-03-02,07:00:01,1542906650168,4354716874432
1772456401,2026-03-02,08:00:01,1558626065248,4419611404160
1772460001,2026-03-02,09:00:01,1562533411072,4494539081392
1772463601,2026-03-02,10:00:01,1578873378099,4555750879117
1772467201,2026-03-02,11:00:01,1579399927414,4631395991099
1772470801,2026-03-02,12:00:01,1611380180745,4651753668494
1772474401,2026-03-02,13:00:01,1624884781394,4716720410726
1772478001,2026-03-02,14:00:01,1629669177400,4788266498556
1772481601,2026-03-02,15:00:01,1630024142830,4865232352489
1772485201,2026-03-02,16:00:01,1640538056082,4932081676955
1772488801,2026-03-02,17:00:01,1653111169854,4974692733431
1772492401,2026-03-02,18:00:01,1677831350631,4995613690683
1772496001,2026-03-02,19:00:01,1696767791193,5057776883070
1772499601,2026-03-02,20:00:01,1723864601203,5115249141388
1772503201,2026-03-02,21:00:01,1736309893279,5173099275557
1772506801,2026-03-02,22:00:01,1767473002098,5218683131840
1772510401,2026-03-02,23:00:01,1775004348195,5276728245876
1772514001,2026-03-03,00:00:01,1777006074268,5351248649734
1772517601,2026-03-03,01:00:01,1777352687100,5429981575799
1772521201,2026-03-03,02:00:01,1785938356142,5501505612965
1772524801,2026-03-03,03:00:01,1786312228920,5572589892947
1772528401,2026-03-03,04:00:01,1800521372741,5640338433497
1772532001,2026-03-03,05:00:01,1800967034474,5715972149011
1772535601,2026-03-03,06:00:01,1813762573796,5784559504841
1772539201,2026-03-03,07:00:01,1814144056655,5863846219765
1772542801,2026-03-03,08:00:01,1824633796464,5918153342162
1772546401,2026-03-03,09:00:01,1843921928928,5956371472895
1772550001,2026-03-03,10:00:01,1866219022586,6019853483710
1772553601,2026-03-03,11:00:01,1887008152926,6080895616758
1772557201,2026-03-03,12:00:01,1918954437370,6132921047466
1772560801,2026-03-03,13:00:01,1930073675352,6180787302510
1772564401,2026-03-03,14:00:01,1955362072424,6236095961900
1772568001,2026-03-03,15:00:01,1971658324814,6299540470679
1772571601,2026-03-03,16:00:01,1987125088094,6366242605574
1772575201,2026-03-03,17:00:01,2001963273866,6415040675311
1772578801,2026-03-03,18:00:01,2002320345205,6493023252290
1772582401,2026-03-03,19:00:01,2002758844493,6568174872567
1772586001,2026-03-03,20:00:01,2023874105567,6614377637169
1772589601,2026-03-03,21:00:01,2049597633461,6668564421337
1772593201,2026-03-03,22:00:01,2056745981197,6736894036202
1772596801,2026-03-03,23:00:01,2084398945060,6762258357741
1772600401,2026-03-04,00:00:01,2093264877628,6820500217510
1772604001,2026-03-04,01:00:01,2099729604254,6882278875458
1772607601,2026-03-04,02:00:01,2108364540658,6952756949772
1772611201,2026-03-04,03:00:01,2115837233488,7011217224051
1772614801,2026-03-04,04:00:01,2141970165630,7025253840762
1772618401,2026-03-04,05:00:01,2164814966215,7041901299894
1772622001,2026-03-04,06:00:01,2171023294343,7114498937827
1772625601,2026-03-04,07:00:01,2179482204103,7182760626772
1772629201,2026-03-04,08:00:01,2179975838405,7258172138346
1772632801,2026-03-04,09:00:01,2180420859052,7333796005224
1772636401,2026-03-04,10:00:01,2201941488028,7396511480089
1772640001,2026-03-04,11:00:01,2248065167409,7443010066316
1772643602,2026-03-04,12:00:02,2261520126664,7511604175017
1772647201,2026-03-04,13:00:01,2274424342429,7580728835078
1772650801,2026-03-04,14:00:01,2282116575090,7654232555334
1772654401,2026-03-04,15:00:01,2284208681705,7732312331507
1772658001,2026-03-04,16:00:01,2296408777474,7777348773017
1772661601,2026-03-04,17:00:01,2296798235136,7855538045499
1772665201,2026-03-04,18:00:01,2309659000355,7900078126867
1772668801,2026-03-04,19:00:01,2324262199319,7967100570878
1772672401,2026-03-04,20:00:01,2339822359912,8018739005539
1772676001,2026-03-04,21:00:01,2367457316183,8075767927666
1772679601,2026-03-04,22:00:01,2396265049573,8099194026399
1772683201,2026-03-04,23:00:01,7008,0
1772686801,2026-03-05,00:00:01,14484,0
1772690401,2026-03-05,01:00:01,22128,0
1772694001,2026-03-05,02:00:01,29688,0
1772697601,2026-03-05,03:00:01,37248,756
1772701201,2026-03-05,04:00:01,44808,8316
1772704801,2026-03-05,05:00:01,52368,15876
1772708401,2026-03-05,06:00:01,59928,23436
1772712001,2026-03-05,07:00:01,62084427112,546335302
1772715601,2026-03-05,08:00:01,132441501431,1159457909
1772719201,2026-03-05,09:00:01,203898682522,1775563907
1772722801,2026-03-05,10:00:01,283071219731,2447517501
1772726401,2026-03-05,11:00:01,362420892834,3125970454
1772730001,2026-03-05,12:00:01,448717708536,3884783488
1772733601,2026-03-05,13:00:01,534429246114,4651570596
1772737201,2026-03-05,14:00:01,611360844257,5306544602
1772740801,2026-03-05,15:00:01,672531552188,5851234483
1772744401,2026-03-05,16:00:01,728936116213,6362068739
1772748001,2026-03-05,17:00:01,784821954180,6868509690
1772751601,2026-03-05,18:00:01,869771952808,7604271129
1772755201,2026-03-05,19:00:01,957450159778,8377434321
1772758801,2026-03-05,20:00:01,1030517338877,9004700758
1772762401,2026-03-05,21:00:01,1108109590572,9685344421
1772766001,2026-03-05,22:00:01,1174369489488,10263672739
1772769601,2026-03-05,23:00:01,1254393448513,10954764353
1772773201,2026-03-06,00:00:01,1333181594222,11635041224
1772776801,2026-03-06,01:00:01,1412339990332,12328170976
1772780401,2026-03-06,02:00:01,1489035838087,12996010357
1772784001,2026-03-06,03:00:01,1575210805081,13775117220
1772787601,2026-03-06,04:00:01,1660238782499,14523962491
1772791201,2026-03-06,05:00:01,1747844683449,15304600777
1772794801,2026-03-06,06:00:01,1818998318752,15925255794
1772798401,2026-03-06,07:00:01,1896804476705,16628012072
1772802001,2026-03-06,08:00:01,1970749997313,17275299374
1772805601,2026-03-06,09:00:01,2045936796325,17920663395
1772809201,2026-03-06,10:00:01,2131023635095,18669735106
1772812801,2026-03-06,11:00:01,2188605240932,19169748332
1772816401,2026-03-06,12:00:01,2189695086795,19190482256
1772820001,2026-03-06,13:00:01,2191538104902,19220781580
1772823601,2026-03-06,14:00:01,2194426273864,19263008237
1772827201,2026-03-06,15:00:01,2197802613239,19311322651
1772830801,2026-03-06,16:00:01,2200424916620,19351641371
1772834401,2026-03-06,17:00:01,2202881371180,19388275871
1772838001,2026-03-06,18:00:01,2209948102215,19476839084
1772841601,2026-03-06,19:00:01,2253921311073,19893718837
1772845201,2026-03-06,20:00:01,2316829661098,20443780466
1772848801,2026-03-06,21:00:01,2401515544088,21177151999
1772852401,2026-03-06,22:00:01,2471264408100,21787530821
1772856001,2026-03-06,23:00:01,2543511317376,22418670826
1772859601,2026-03-07,00:00:01,2629288581027,23179274832
1772863201,2026-03-07,01:00:01,2717736180024,23979056617
1772866801,2026-03-07,02:00:01,2795215642557,24664060310
1772870401,2026-03-07,03:00:01,2865526868035,25284255342
1772874001,2026-03-07,04:00:01,2936492074541,25915778145
1772877601,2026-03-07,05:00:01,3006784587805,26539363579
1772881201,2026-03-07,06:00:01,3093248114007,27296537391
1772884801,2026-03-07,07:00:01,3181618279557,28096422642
1772888401,2026-03-07,08:00:01,3267763162936,28854802218
1772892001,2026-03-07,09:00:01,3322191407868,29361467141
1772895601,2026-03-07,10:00:01,3357642969891,29703748508
1772899202,2026-03-07,11:00:02,3432436745856,30360971886
1772902801,2026-03-07,12:00:01,3510270436443,31037445725
1772906401,2026-03-07,13:00:01,3581569761517,31664580380
1772910001,2026-03-07,14:00:01,3656439897551,32326334750
1772913601,2026-03-07,15:00:01,3743982179443,33112764938
1772917201,2026-03-07,16:00:01,3825854882097,33820668065
1772920801,2026-03-07,17:00:01,3902302078121,34459216162
1772924401,2026-03-07,18:00:01,3980951151791,35120151684
1772928001,2026-03-07,19:00:01,4057703980905,35801930609
1772931601,2026-03-07,20:00:01,4143638225307,36552654738
1772935201,2026-03-07,21:00:01,4221716675897,37209260615
1772938801,2026-03-07,22:00:01,4298193395357,37855142087
1772942401,2026-03-07,23:00:01,4383637145906,38617199223
1772946001,2026-03-08,00:00:01,4452993667243,39221824541
1772949601,2026-03-08,01:00:01,4523934349341,39846840815
1772953201,2026-03-08,03:00:01,4536765568525,39993921681
1772956801,2026-03-08,04:00:01,4597218008470,40538847438
1772960401,2026-03-08,05:00:01,4685559970347,41334381470
1772964001,2026-03-08,06:00:01,4762317596830,42012613545
1772967601,2026-03-08,07:00:01,4845947832991,42768444607
1772971201,2026-03-08,08:00:01,4923262382641,43452188555
1772974802,2026-03-08,09:00:02,4995166853786,44090475296
1772978401,2026-03-08,10:00:01,5066857972181,44736948469
1772982001,2026-03-08,11:00:01,5147861985780,45470204447
1772985601,2026-03-08,12:00:01,5164773544496,45633868286
1772989201,2026-03-08,13:00:01,5167518620091,45676800946
1772992801,2026-03-08,14:00:01,5169918510009,45713646846
1772996401,2026-03-08,15:00:01,5172329586039,45750083134
1773000001,2026-03-08,16:00:01,5173402675376,45770119448
1773003601,2026-03-08,17:00:01,5226767488714,46237997824
1773007201,2026-03-08,18:00:01,5289728977232,46825205554
1773010801,2026-03-08,19:00:01,5331650485258,47216762397
1773014401,2026-03-08,20:00:01,5375341733602,47639371726
1773018001,2026-03-08,21:00:01,5451076780247,48329118695
1773021601,2026-03-08,22:00:01,5527504637872,48993059286
1773025201,2026-03-08,23:00:01,5592524426401,49537393910
1773028801,2026-03-09,00:00:01,5661942681792,50119153135
1773032401,2026-03-09,01:00:02,5739033466510,50810538525
1773036001,2026-03-09,02:00:01,5815634434766,51499002116
1773039601,2026-03-09,03:00:01,5885297838168,52081028658
1773043201,2026-03-09,04:00:01,5967803228753,52840657232
1773046801,2026-03-09,05:00:01,6049017562138,53598560791
1773050401,2026-03-09,06:00:01,6122242061775,54227503670
1773054001,2026-03-09,07:00:01,6201851030877,54943820827
1773057601,2026-03-09,08:00:01,6279765617956,55646366246
1773061201,2026-03-09,09:00:01,6356165275492,56316467951
1773064801,2026-03-09,10:00:01,6439755300802,57078735729
1773068401,2026-03-09,11:00:01,6510144626318,57669808965
1773072001,2026-03-09,12:00:01,6555632699686,58115238970
1773075601,2026-03-09,13:00:01,6594626417220,58501629739
1773079201,2026-03-09,14:00:01,6650696359102,59040091003
1773082801,2026-03-09,15:00:01,6694058481231,59468684112
1773086401,2026-03-09,16:00:01,6736146069528,59847725933
1773090001,2026-03-09,17:00:01,6765654814414,60142225808
1773093601,2026-03-09,18:00:01,6811508295443,60576266912
1773097201,2026-03-09,19:00:01,6845512506199,60901237784
1773100801,2026-03-09,20:00:01,6879105864086,61227417839
1773104401,2026-03-09,21:00:01,6940047719188,61773626520
1773108001,2026-03-09,22:00:01,7013285998184,62413682335
1773111601,2026-03-09,23:00:01,7083028937956,63008971093
1773115201,2026-03-10,00:00:01,7155926281083,63657566686
1773118802,2026-03-10,01:00:02,7234541720144,64370578217
1773122401,2026-03-10,02:00:01,7310507405092,65032268307
1773126001,2026-03-10,03:00:01,7386543969043,65696730495
1773129601,2026-03-10,04:00:01,7466569936011,66426908890
1773133201,2026-03-10,05:00:01,7542464931268,67102124332
1773136801,2026-03-10,06:00:01,7619662066740,67798924202
1773140401,2026-03-10,07:00:01,7691977572624,68426250782
1773144001,2026-03-10,08:00:01,7754023276171,68989841741
1773147601,2026-03-10,09:00:01,7800727773579,69429820433
1773151201,2026-03-10,10:00:02,7840791376086,69809187135
1773154801,2026-03-10,11:00:01,7915214663372,70501528112
1773158401,2026-03-10,12:00:01,7980736510454,71103082122
1773162001,2026-03-10,13:00:01,8036665088118,71620202320
1773165601,2026-03-10,14:00:01,8106492034537,72279488765
1773169201,2026-03-10,15:00:01,8177742459347,72907074272
1773172801,2026-03-10,16:00:01,8248279530941,73528028104
1773176401,2026-03-10,17:00:01,8317345189247,74151916981
1773180001,2026-03-10,18:00:01,8388955929519,74826167205
1773183601,2026-03-10,19:00:01,8464383261198,75527563806
1773187201,2026-03-10,20:00:01,8543745878679,76264837422
1773190801,2026-03-10,21:00:01,8620906540275,76954490248
1773194401,2026-03-10,22:00:01,8687890051997,77494452580
1773198001,2026-03-10,23:00:01,8767320318854,78201594033
1773201601,2026-03-11,00:00:01,8850696791245,78964088525
1773205201,2026-03-11,01:00:01,8919382034062,79551001723
1773208801,2026-03-11,02:00:01,8993115707670,80202446935
1773212401,2026-03-11,03:00:01,9066979478433,80848242481
1773216001,2026-03-11,04:00:01,9132920843095,81427242083
1773219601,2026-03-11,05:00:01,9213397309660,82181842585
1773223201,2026-03-11,06:00:01,9296237903804,82927134947
1773226801,2026-03-11,07:00:01,9372056202570,83645610820
1773230401,2026-03-11,08:00:01,9451348587819,84364796339
1773234001,2026-03-11,09:00:01,9534222730954,85096744622
1773237601,2026-03-11,10:00:01,9616056805591,85845341596
1773241201,2026-03-11,11:00:01,9699526876128,86580745420
1773244801,2026-03-11,12:00:01,9774542745704,87192891000
1773248401,2026-03-11,13:00:01,9853679859520,87869251487
1773252001,2026-03-11,14:00:01,9929886353347,88498546694
1773255601,2026-03-11,15:00:01,10010721120233,89219065423
1773259201,2026-03-11,16:00:01,10084216809749,89834092925
1773262801,2026-03-11,17:00:01,10163677216964,90565268431
1773266401,2026-03-11,18:00:02,10247366540883,91316405632
1773270001,2026-03-11,19:00:01,10328889577293,92034410222
1773273601,2026-03-11,20:00:01,10397114483674,92585463022
1773277201,2026-03-11,21:00:01,10473503513785,93255575172
1773280801,2026-03-11,22:00:01,10544096351991,93814249012
1773284401,2026-03-11,23:00:01,10621076921439,94490761402
1773288001,2026-03-12,00:00:01,10693907727602,95094143274
1773291601,2026-03-12,01:00:01,10770013776033,95789659941
1773295201,2026-03-12,02:00:01,10843613459030,96415821492
1773298801,2026-03-12,03:00:01,10924945217279,97146145326
1773302401,2026-03-12,04:00:01,10996217822153,97788415751
1773306001,2026-03-12,05:00:01,11066962984644,98389303035
1773309601,2026-03-12,06:00:01,11130908864224,98926668439
1773313201,2026-03-12,07:00:01,11166423256568,99278244569
1773316801,2026-03-12,08:00:01,11203595826967,99641041861
1773320401,2026-03-12,09:00:01,11237548234493,99972246233
1773324001,2026-03-12,10:00:01,11265635396737,100262547150
1773327601,2026-03-12,11:00:01,11291853479727,100531860416
1773331201,2026-03-12,12:00:01,11317482635689,100794278277
1773334801,2026-03-12,13:00:01,11355587319432,101156725188
1773338401,2026-03-12,14:00:01,11385132481001,101441895036
1773342001,2026-03-12,15:00:01,11403238377804,101627186815
1773345601,2026-03-12,16:00:01,11409054675084,101703832439
1773349201,2026-03-12,17:00:01,11418411751307,101812818328
1773352802,2026-03-12,18:00:02,11429037521894,101937236398
1773356401,2026-03-12,19:00:01,11446172247193,102121249101
1773360001,2026-03-12,20:00:01,11459905357478,102264887990
1773363601,2026-03-12,21:00:01,11496372624343,102596404087
1773367201,2026-03-12,22:00:01,11562025634635,103130295894
1773370801,2026-03-12,23:00:01,11627028732267,103650664425
1773374401,2026-03-13,00:00:01,11698991367255,104255862602
1773378001,2026-03-13,01:00:01,11777200149680,104969075325
1773381601,2026-03-13,02:00:01,11854324966212,105671291529
1773385201,2026-03-13,03:00:02,11934522219541,106427968801
1773388801,2026-03-13,04:00:01,12013194993424,107161740706
1773392401,2026-03-13,05:00:01,12073773378886,107675152166
1773396001,2026-03-13,06:00:01,12140169728175,108259693851
1773399601,2026-03-13,07:00:02,12179938782769,108638389155
1773403201,2026-03-13,08:00:01,12214413705887,108975597720
1773406801,2026-03-13,09:00:01,12259810041853,109385621243
1773410401,2026-03-13,10:00:01,12276738112005,109548680902
1773414001,2026-03-13,11:00:01,12286519741019,109663532147
1773417601,2026-03-13,12:00:01,12301576531572,109829936912
1773421201,2026-03-13,13:00:01,12316443128112,109989675966
1773424801,2026-03-13,14:00:01,12331507192220,110157603627
1773428401,2026-03-13,15:00:01,12353131748268,110366133297
1773432001,2026-03-13,16:00:01,12366123032011,110505558084
1773435601,2026-03-13,17:00:01,12371841779548,110580392181
1773439201,2026-03-13,18:00:01,12376184360993,110638925813
1773442801,2026-03-13,19:00:01,12379801081012,110690973618
1773446401,2026-03-13,20:00:02,12384116072765,110749064591
1773450001,2026-03-13,21:00:01,12394140555399,110861777757
1773453601,2026-03-13,22:00:01,12404263414938,110977174516
1773457201,2026-03-13,23:00:01,12426102317768,111200327940
1773460802,2026-03-14,00:00:02,12448439689148,111416802535
1773464401,2026-03-14,01:00:01,12472750816465,111653941134
1773468001,2026-03-14,02:00:01,12507222793622,111975040386
1773471601,2026-03-14,03:00:01,12584569856801,112693570485
1773475201,2026-03-14,04:00:01,12656125039958,113304314042
1773478801,2026-03-14,05:00:01,12729737111449,113941706057
1773482401,2026-03-14,06:00:01,12804348182812,114580581922
1773486001,2026-03-14,07:00:01,12883890277900,115297379670
1773489601,2026-03-14,08:00:01,12963327409053,115980816708
1773493201,2026-03-14,09:00:01,13043423849755,116675634729
1773496801,2026-03-14,10:00:01,13110441933845,117217891885
1773500401,2026-03-14,11:00:01,13158078292664,117598757761
1773504001,2026-03-14,12:00:01,13186246820638,117858499436
1773507601,2026-03-14,13:00:02,13216500624914,118157022800
1773511201,2026-03-14,14:00:01,13251472387138,118458051374
1773514801,2026-03-14,15:00:01,13302035877095,118859732748
1773518401,2026-03-14,16:00:01,13371583080815,119496752766
1773522001,2026-03-14,17:00:01,13418947867562,119916810454
1773525601,2026-03-14,18:00:01,13433156981599,120068527002
1773529201,2026-03-14,19:00:01,13444996124499,120219702949
1773532801,2026-03-14,20:00:02,13490777504628,120683447000
1773536401,2026-03-14,21:00:01,13556475919435,121227472080
1773540001,2026-03-14,22:00:01,13624192286447,121795600007
1773543601,2026-03-14,23:00:01,13698494197184,122463003121
1773547201,2026-03-15,00:00:01,13764563993185,123051756819
1773550801,2026-03-15,01:00:01,13833601296616,123678664220
1773554401,2026-03-15,02:00:01,13910003602843,124362458941
1773558001,2026-03-15,03:00:01,13985610176393,125037692453
1773561601,2026-03-15,04:00:01,14056678494055,125666952720
1773565201,2026-03-15,05:00:01,14126671440774,126291397722
1773568801,2026-03-15,06:00:01,14199945571350,126963060833
1773572401,2026-03-15,07:00:01,14256913975796,127449763313
1773576001,2026-03-15,08:00:02,14314512787484,127941088933
1773579601,2026-03-15,09:00:01,14374867749053,128459786554
1773583201,2026-03-15,10:00:01,14436562437035,129019092473
1773586801,2026-03-15,11:00:01,50680237804,462536194
1773590401,2026-03-15,12:00:01,97146551416,896378626
1773594001,2026-03-15,13:00:01,104258287783,973140381
1773597601,2026-03-15,14:00:01,104671156467,983028141
1773601201,2026-03-15,15:00:01,105211306081,994996923
1773604801,2026-03-15,16:00:01,105948897403,1009270056
1773608401,2026-03-15,17:00:01,106754596192,1024177035
1773612001,2026-03-15,18:00:01,538338703,9577423
1773615601,2026-03-15,19:00:01,2102666155,36040836
1773619201,2026-03-15,20:00:01,4265562459,71344375
1773622801,2026-03-15,21:00:01,8078163601,124483644
1773626401,2026-03-15,22:00:01,18849123134,246766487
1773630001,2026-03-15,23:00:01,30321580363,370443046
1773633601,2026-03-16,00:00:01,58546303064,634313685
1773637201,2026-03-16,01:00:01,108201655303,1066749316
1773640801,2026-03-16,02:00:01,178058096208,1657900432
1773644401,2026-03-16,03:00:01,254328818799,2305157210
1773648002,2026-03-16,04:00:02,317831629546,2851924876
1773651601,2026-03-16,05:00:01,386908780448,3448669502
1773655201,2026-03-16,06:00:01,447715722972,3965936684
1773658801,2026-03-16,07:00:01,521873417548,4589160943
1773662401,2026-03-16,08:00:01,583652427121,5119165335
1773666001,2026-03-16,09:00:01,622109035042,5455931289
1773669601,2026-03-16,10:00:01,686506746470,6039408508
1773673201,2026-03-16,11:00:01,759193686039,6679660838
1773676801,2026-03-16,12:00:01,810938709719,7153751106
1773680401,2026-03-16,13:00:01,866297713888,7623350267
1773684001,2026-03-16,14:00:01,942629768723,8283260187
1773687601,2026-03-16,15:00:01,1021126648777,8957076849
1773691202,2026-03-16,16:00:02,1099990348427,9632064416
1773694801,2026-03-16,17:00:01,1168062201970,10221484278
1773698401,2026-03-16,18:00:01,1227253992601,10703034830
1773702001,2026-03-16,19:00:01,1270579059235,11076954892
1773705601,2026-03-16,20:00:01,1339387454053,11672477780
1773709201,2026-03-16,21:00:01,1411558601206,12293640840
1773712801,2026-03-16,22:00:01,1481268611557,12898585006
1773716401,2026-03-16,23:00:01,1538326751473,13382909090
1773720001,2026-03-17,00:00:01,1598622931474,13910674130
1773723601,2026-03-17,01:00:01,1651665263915,14392981203
1773727202,2026-03-17,02:00:02,1729117726879,15064866737
1773730801,2026-03-17,03:00:01,1795663158694,15633013054
1773734401,2026-03-17,04:00:01,1867054999320,16287059434
1773738001,2026-03-17,05:00:01,1943604671476,16981935646
1773741601,2026-03-17,06:00:01,2018181656080,17634500207
1773745201,2026-03-17,07:00:01,2083353633900,18193748592
1773748801,2026-03-17,08:00:01,2160460986292,18862867668
1773752401,2026-03-17,09:00:01,2239174443963,19555272265
1773756002,2026-03-17,10:00:02,2305576336174,20168891371
1773759601,2026-03-17,11:00:01,2375518332991,20801847618
1773763201,2026-03-17,12:00:01,2426666571405,21240455018
1773766801,2026-03-17,13:00:01,2485922928670,21771604585
1773770401,2026-03-17,14:00:01,2516123931889,22066908535
1773774002,2026-03-17,15:00:02,2550137395179,22401196229
1773777601,2026-03-17,16:00:01,2581545605999,22715907762
1773781201,2026-03-17,17:00:01,2601613245121,22925444904
1773784801,2026-03-17,18:00:01,2627932059392,23186968257
1773788401,2026-03-17,19:00:01,2642218282897,23340630994
1773792001,2026-03-17,20:00:01,2655556539614,23487400803
1773795602,2026-03-17,21:00:02,2695271728556,23846768157
1773799201,2026-03-17,22:00:01,2761502908766,24424912989
1773802801,2026-03-17,23:00:01,2825223709863,24962073048
1773806401,2026-03-18,00:00:01,2903486097621,25635858606
1773810001,2026-03-18,01:00:01,2983419154979,26342751962
1773813601,2026-03-18,02:00:01,3066038408601,27100827339
1773817201,2026-03-18,03:00:01,3133020824934,27684558447
1773820801,2026-03-18,04:00:01,3206849975457,28355107596
1773824401,2026-03-18,05:00:01,3277331080471,28966187236
1773828001,2026-03-18,06:00:01,3342212116466,29528392453
1773831601,2026-03-18,07:00:01,3414376458458,30184836431
1773835201,2026-03-18,08:00:01,3473397392487,30726149110
1773838801,2026-03-18,09:00:01,3512824307076,31105534700
1773842401,2026-03-18,10:00:01,3561409050020,31534972350
1773846001,2026-03-18,11:00:01,3632206844466,32177517898
1773849601,2026-03-18,12:00:02,3685170540852,32671975290
1773853201,2026-03-18,13:00:01,3739119576030,33182639202
1773856801,2026-03-18,14:00:01,3798523581948,33718302378
1773860401,2026-03-18,15:00:01,3858213852916,34241376951
1773864001,2026-03-18,16:00:01,3911081061127,34695284268
1773867601,2026-03-18,17:00:01,3974432608915,35243916199
1773871201,2026-03-18,18:00:01,4021480886377,35704138434
1773874801,2026-03-18,19:00:01,4050308869639,36044608677
1773878401,2026-03-18,20:00:01,4078944574327,36387870872
1773882001,2026-03-18,21:00:01,4139407481852,36916432416
1773885601,2026-03-18,22:00:01,4209305723832,37510333826
1773889202,2026-03-18,23:00:02,4271406498431,38034611572
1773892801,2026-03-19,00:00:01,4349098180120,38708628390
1773896401,2026-03-19,01:00:01,4427975337294,39413395817
1773900001,2026-03-19,02:00:01,4507322692496,40137365355
1773903601,2026-03-19,03:00:01,4587777677047,40850257506
1773907201,2026-03-19,04:00:01,4663912500844,41546321712
1773910801,2026-03-19,05:00:01,4728961794355,42111813544
1773914401,2026-03-19,06:00:01,4802000305837,42777505377
1773918001,2026-03-19,07:00:01,4871259895940,43418393570
1773921601,2026-03-19,08:00:01,4925912077910,43890919256
1773925201,2026-03-19,09:00:01,4977280967499,44339149482
1773928801,2026-03-19,10:00:01,5037970914008,44887838150
1773932401,2026-03-19,11:00:01,5095516795526,45393280146
1773936001,2026-03-19,12:00:01,5160087587929,45969881193
1773939601,2026-03-19,13:00:01,5230993197132,46619372105
1773943201,2026-03-19,14:00:01,5298028332675,47228322520
1773946801,2026-03-19,15:00:01,5363913890033,47823957119
1773950401,2026-03-19,16:00:01,5421248834694,48325915293
1773954001,2026-03-19,17:00:01,5479200658190,48818530520
1773957601,2026-03-19,18:00:01,5535307963101,49298601704
1773961201,2026-03-19,19:00:01,5579908680745,59415546171
1773964801,2026-03-19,20:00:01,5605440576044,77140263554
1773968401,2026-03-19,21:00:01,5629434028543,91843239378
1773972001,2026-03-19,22:00:01,5663592670513,115354206801
1773975601,2026-03-19,23:00:01,5685989043006,139593067221
1773979201,2026-03-20,00:00:01,5734409715738,172900870240
1773982801,2026-03-20,01:00:01,5764790928637,193517119124
1773986401,2026-03-20,02:00:01,5816017700322,231192393573
1773990001,2026-03-20,03:00:01,5865833088220,271994198478
1773993601,2026-03-20,04:00:01,5914670424193,310974147045
1773997201,2026-03-20,05:00:01,5950917645771,335244035378
1774000801,2026-03-20,06:00:01,5962721735925,341642940303
1774004401,2026-03-20,07:00:01,5962724733137,341644822361
1774008001,2026-03-20,08:00:01,5987130708934,341852869142
1774011601,2026-03-20,09:00:01,6071011032950,342614280399
1774015201,2026-03-20,10:00:01,6149751719470,343318782708
1774018801,2026-03-20,11:00:01,6228748225178,344026871252
1774022401,2026-03-20,12:00:01,6312974569967,344801271636
1774026001,2026-03-20,13:00:01,6371950165090,345324512584
1774029601,2026-03-20,14:00:01,6423834200982,345807704859
1774033201,2026-03-20,15:00:01,6424267863726,345817964836
1774036801,2026-03-20,16:00:01,6424740697615,345828616290
1774040401,2026-03-20,17:00:01,6425395215296,345842024743
1774044001,2026-03-20,18:00:01,6425907729621,345854129637
1774047601,2026-03-20,19:00:01,351561576,8352990
1774051201,2026-03-20,20:00:01,987032566,21609661
1774054801,2026-03-20,21:00:01,1849694444,38307325
1774058401,2026-03-20,22:00:01,3289006238,63573375
1774062001,2026-03-20,23:00:01,8238201470,3265395412
1774065601,2026-03-21,00:00:01,26400620717,27387107932
1774069201,2026-03-21,01:00:01,65638117848,78905566785
1774072801,2026-03-21,02:00:01,112705883939,131984060361
1774076401,2026-03-21,03:00:01,162954164026,181618850156
1774080001,2026-03-21,04:00:01,181957324838,198525194564
1774083601,2026-03-21,05:00:01,197252005901,214903032232
1774087201,2026-03-21,06:00:01,237890706022,254104701538
1774090801,2026-03-21,07:00:02,284442720876,284156646044
1774094401,2026-03-21,08:00:01,305041674670,296202516806
1774098001,2026-03-21,09:00:01,356265383569,327628518674
1774101601,2026-03-21,10:00:01,393763477768,356083700222
1774105201,2026-03-21,11:00:01,435595813089,379595922542
1774108801,2026-03-21,12:00:01,474418423699,401066637809
1774112401,2026-03-21,13:00:01,523895606175,438906289646
1774116001,2026-03-21,14:00:01,585216921555,470786389454
1774119601,2026-03-21,15:00:01,616738018374,486615517416
1774123201,2026-03-21,16:00:01,617298845144,486666342244
1774126801,2026-03-21,17:00:01,617769572856,486691591108
1774130401,2026-03-21,18:00:01,618422412046,486707181546
1774134001,2026-03-21,19:00:01,618963883985,486728923342
1774137601,2026-03-21,20:00:01,619605343197,486760939298
1774141201,2026-03-21,21:00:01,620475055222,487055475322
1774144801,2026-03-21,22:00:01,622132057884,487981257238
1774148401,2026-03-21,23:00:01,624650208278,488586511983
1774152001,2026-03-22,00:00:01,663128050849,511902938228
1774155601,2026-03-22,01:00:02,700163136148,526935180665
1774159201,2026-03-22,02:00:01,768625726719,551176501694
1774162801,2026-03-22,03:00:01,828695383133,575317579434
1774166401,2026-03-22,04:00:01,865935832795,590260440134
1774170001,2026-03-22,05:00:01,910359052161,606566959301
1774173601,2026-03-22,06:00:01,966516476021,630892029011
1774177201,2026-03-22,07:00:01,1024242439905,655757952493
1774180801,2026-03-22,08:00:01,1068098987908,674983369502
1774184401,2026-03-22,09:00:01,1130879046097,698038127483
1774188001,2026-03-22,10:00:01,1163978547968,713102691225
1774191601,2026-03-22,11:00:01,1199050722126,733038821393
1774195201,2026-03-22,12:00:01,1256699682154,768889372681
1774198801,2026-03-22,13:00:01,1307868739067,797258561828
1774202401,2026-03-22,14:00:01,1333687459388,812192348216
1774206001,2026-03-22,15:00:01,1358989415544,823780868726
1774209601,2026-03-22,16:00:01,1372036338284,830552484760
1774213201,2026-03-22,17:00:01,1383871279141,837662349297
1774216801,2026-03-22,18:00:01,1385321846243,838170123751
1774220401,2026-03-22,19:00:01,1387103772914,839079955708
1774224001,2026-03-22,20:00:01,1390477411001,841246843069
1774227601,2026-03-22,21:00:01,1399632496779,847301011035
1774231201,2026-03-22,22:00:01,1440879133863,870426621305
1774234801,2026-03-22,23:00:01,1478652026684,887097686073
1774238401,2026-03-23,00:00:01,1517045504265,907271950756
1774242001,2026-03-23,01:00:01,1564415807522,925963616183
1774245601,2026-03-23,02:00:01,1610176920826,948651936062
1774249201,2026-03-23,03:00:02,1665941672010,974162096754
1774252801,2026-03-23,04:00:01,1701510415656,994369764203
1774256401,2026-03-23,05:00:01,1744452029942,1038219713718
1774260001,2026-03-23,06:00:01,1792470705136,1080361099992
1774263601,2026-03-23,07:00:01,1841076782305,1111704555233
1774267201,2026-03-23,08:00:01,1865474883363,1125599897045
1774270801,2026-03-23,09:00:01,1896169596602,1156142231256
1774274401,2026-03-23,10:00:01,1916693681228,1178527266565
1774278001,2026-03-23,11:00:01,1937068407102,1201989198361
1774281601,2026-03-23,12:00:01,1972858059122,1226443073442
1774285201,2026-03-23,13:00:01,2016253253192,1252723354777
1774288801,2026-03-23,14:00:01,2046711360902,1278340025270
1774292401,2026-03-23,15:00:02,2073534455649,1302337904882
1774296001,2026-03-23,16:00:01,2091105736927,1319255577768
1774299601,2026-03-23,17:00:01,2110722953972,1338707522150
1774303201,2026-03-23,18:00:02,2133859548439,1359002788446
1774306801,2026-03-23,19:00:01,2162913956090,1375497403586
1774310401,2026-03-23,20:00:01,2187216063539,1395989038453
1774314001,2026-03-23,21:00:01,2218897203039,1417843376627
1774317601,2026-03-23,22:00:01,2261906125616,1456141000629
1774321201,2026-03-23,23:00:01,2293187097764,1483737124375
1774324801,2026-03-24,00:00:01,2341490033471,1518106070261
1774328401,2026-03-24,01:00:01,2381777447841,1549119607647
1774332001,2026-03-24,02:00:01,2425376648800,1577272551303
1774335601,2026-03-24,03:00:01,2449150546337,1593701126439
1774339201,2026-03-24,04:00:01,2481994291533,1617195229199
1774342801,2026-03-24,05:00:01,2536832113626,1652895005975
1774346401,2026-03-24,06:00:01,2592513264456,1683938365812
1774350001,2026-03-24,07:00:01,2646647307790,1716384777009
1774353601,2026-03-24,08:00:01,2701084196033,1743218298806
1774357201,2026-03-24,09:00:01,2742675987179,1764071254153
1774360801,2026-03-24,10:00:01,2791251494985,1788581364634
1774364401,2026-03-24,11:00:01,2823455177506,1810026002622
1774368001,2026-03-24,12:00:01,2855026108649,1829124962125
1774371601,2026-03-24,13:00:01,2899751150041,1853350061645
1774375201,2026-03-24,14:00:01,2916871460750,1863680838915
1774378801,2026-03-24,15:00:01,2965451728033,1864095455530
1774382401,2026-03-24,16:00:01,3014828637718,1864521237789
1774386001,2026-03-24,17:00:01,3041904353621,1864785058250
1774389601,2026-03-24,18:00:01,3056429932735,1865375187823
1774393201,2026-03-24,19:00:01,3068142966636,1866474463939
1774396801,2026-03-24,20:00:01,3078481185917,1866598148210
1774400401,2026-03-24,21:00:01,3093046012164,1867820966461
1774404001,2026-03-24,22:00:01,3116317139746,1879421976204
1774407601,2026-03-24,23:00:01,3145593887163,1883784167169
1774411201,2026-03-25,00:00:01,3180678214865,1884125576294
1774414801,2026-03-25,01:00:02,3232722053538,1884585802224
1774418401,2026-03-25,02:00:01,3307333224766,1885242846451
1774422001,2026-03-25,03:00:01,3373570648372,1885803802380
1774425601,2026-03-25,04:00:01,3449791241926,1886484661918
1774429201,2026-03-25,05:00:01,3517784004143,1887117933859
1774432801,2026-03-25,06:00:01,3574736597120,1887624757469
1774436401,2026-03-25,07:00:01,3640975041354,1888212456865
1774440001,2026-03-25,08:00:01,3709921122468,1888843845977
1774443601,2026-03-25,09:00:01,3773723485754,1889426825798
1774447201,2026-03-25,10:00:01,3846857475332,1890103084170
1774450801,2026-03-25,11:00:01,3901900829694,1890570962689
1774454401,2026-03-25,12:00:01,3967398079219,1891157790860
1774458001,2026-03-25,13:00:01,4029288903188,1891710218178
1774461601,2026-03-25,14:00:01,4091859061065,1892269440068
1774465201,2026-03-25,15:00:01,4121230650741,1892513456512
1774468801,2026-03-25,16:00:01,4122830843196,1892541656308
1774472401,2026-03-25,17:00:01,4123552932166,1892556771445
1774476001,2026-03-25,18:00:01,4124972007069,1892579968444
1774479601,2026-03-25,19:00:01,4125499915029,1892605380841
1774483201,2026-03-25,20:00:01,4126190515225,1892732136368
1774486801,2026-03-25,21:00:01,4126828109945,1892749526657
1774490401,2026-03-25,22:00:01,4128146206450,1893359960301
1774494001,2026-03-25,23:00:01,4130656069140,1895231964590
1774497601,2026-03-26,00:00:01,4134391974370,1897809182847
1774501201,2026-03-26,01:00:02,4137524071561,1899358019924
1774504801,2026-03-26,02:00:01,4148230916646,1905971066545
1774508401,2026-03-26,03:00:01,4164531621573,1921836970642
1774512001,2026-03-26,04:00:01,4197378949705,1949873580658
1774515601,2026-03-26,05:00:01,4249402821848,1993168922565
1774519201,2026-03-26,06:00:01,4302936345567,2034380610964
1774522801,2026-03-26,07:00:01,4357064933382,2073980221671
1774526401,2026-03-26,08:00:01,4402002158808,2110077441837
1774530001,2026-03-26,09:00:01,4431552779956,2135788242307
1774533601,2026-03-26,10:00:01,4476286523853,2180433786522
1774537201,2026-03-26,11:00:01,4484482484151,2186817324229
1774540801,2026-03-26,12:00:01,4486569631087,2187757004794
1774544401,2026-03-26,13:00:01,4488287285846,2188956342694
1774548001,2026-03-26,14:00:01,4490149222242,2189922703521
1774551601,2026-03-26,15:00:01,4491821236854,2190750307856
1774555201,2026-03-26,16:00:01,4493534779016,2191350336565
1774558801,2026-03-26,17:00:01,4494679943223,2191760648574
1774562401,2026-03-26,18:00:01,4495956447835,2191848079562
1774566001,2026-03-26,19:00:01,4497273846751,2192263864931
1774569601,2026-03-26,20:00:01,4500459624257,2193962235847
1774573201,2026-03-26,21:00:01,4506533765440,2198987136893
1774576801,2026-03-26,22:00:01,4530975165311,2215847115840
1774580401,2026-03-26,23:00:01,4555089792861,2234111329076
1774584001,2026-03-27,00:00:01,4587663457036,2275109434605
1774587601,2026-03-27,01:00:01,4620018793051,2315591961618
1774591201,2026-03-27,02:00:01,4653714456719,2352948957694
1774594801,2026-03-27,03:00:01,4677822756736,2377145931592
1774598401,2026-03-27,04:00:01,4698727004316,2394767776602
1774602001,2026-03-27,05:00:01,4741171522934,2432864109864
1774605601,2026-03-27,06:00:01,4792952216308,2475934754502
1774609201,2026-03-27,07:00:01,4841533428124,2510923361864
1774612801,2026-03-27,08:00:01,4893259677713,2551676740144
1774616401,2026-03-27,09:00:01,4949994666018,2586563174411
1774620001,2026-03-27,10:00:01,4994259185897,2632087742747
1774623601,2026-03-27,11:00:01,5049274692783,2671548878270
1774627201,2026-03-27,12:00:01,5097186472717,2707729476950
1774630801,2026-03-27,13:00:01,5135160644727,2749989196182
1774634401,2026-03-27,14:00:01,5171110836782,2785911839964
1774638001,2026-03-27,15:00:01,5224472940433,2821594262675
1774641601,2026-03-27,16:00:01,5271622236910,2851420527869
1774645201,2026-03-27,17:00:01,5310941516131,2879692651274
1774648801,2026-03-27,18:00:01,5335518087196,2898107067093
1774652401,2026-03-27,19:00:01,5349688447882,2908301709182
1774656001,2026-03-27,20:00:01,5370381474132,2916320577877
1774659601,2026-03-27,21:00:01,5396207608716,2928975946216
1774663201,2026-03-27,22:00:01,5447463987421,2965240069629
1774666801,2026-03-27,23:00:02,5482428725422,2987885740246
1774670401,2026-03-28,00:00:01,5520562040641,3013209601168
1774674001,2026-03-28,01:00:01,5541437342863,3030910682277
1774677601,2026-03-28,02:00:01,5562385414828,3045825521247
1774681201,2026-03-28,03:00:01,5618163029208,3085981129496
1774684801,2026-03-28,04:00:01,5651107962954,3132622634261
1774688401,2026-03-28,05:00:01,5674563027197,3158139706434
1774692001,2026-03-28,06:00:01,5733700255532,3193524809978
1774695601,2026-03-28,07:00:01,5788647457728,3231858449665
1774699201,2026-03-28,08:00:01,5827827840927,3256877623212
1774702802,2026-03-28,09:00:02,5865699318365,3287092881421
1774706401,2026-03-28,10:00:01,5907924615141,3319639788577
1774710001,2026-03-28,11:00:01,5928430566168,3334839506451
1774713602,2026-03-28,12:00:02,5958268496949,3355950717752
1774717201,2026-03-28,13:00:01,6009784598135,3393584004924
1774720801,2026-03-28,14:00:01,6033713037934,3416255336905
1774724401,2026-03-28,15:00:01,6057991828394,3430946186148
1774728001,2026-03-28,16:00:02,6087719024152,3447923934708
1774731601,2026-03-28,17:00:01,6114897995407,3470831012681
1774735201,2026-03-28,18:00:01,6124646127919,3477412239211
1774738801,2026-03-28,19:00:01,6132365253016,3482468522760
1774742401,2026-03-28,20:00:01,6148404262807,3493793040017
1774746001,2026-03-28,21:00:01,6174582079637,3512588156167
1774749601,2026-03-28,22:00:01,6217649037380,3534453230683
1774753201,2026-03-28,23:00:01,6253891007004,3554007102121
1774756801,2026-03-29,00:00:01,6296856806664,3579336116571
1774760401,2026-03-29,01:00:01,6344509975519,3610522621503
1774764001,2026-03-29,02:00:01,6375602090494,3631740369153
1774767601,2026-03-29,03:00:01,6394884918198,3647600759402
1774771201,2026-03-29,04:00:01,6415693229388,3662087254159
1774774801,2026-03-29,05:00:01,6463435972237,3696284147813
1774778401,2026-03-29,06:00:01,6519119273326,3733709218896
1774782001,2026-03-29,07:00:01,6554855862359,3750888186707
1774785601,2026-03-29,08:00:01,6588521981507,3771254716766
1774789201,2026-03-29,09:00:01,6626148555669,3794831550268
1774792801,2026-03-29,10:00:02,6669671109891,3817316684329
1774796401,2026-03-29,11:00:01,6693117625091,3829680429369
1774800002,2026-03-29,12:00:02,6709200147319,3842402977876
1774803601,2026-03-29,13:00:01,6724726225560,3854422573994
1774807202,2026-03-29,14:00:02,6744771675091,3866145878663
1774810801,2026-03-29,15:00:01,6770010047383,3880391467646
1774814401,2026-03-29,16:00:01,6792535197109,3895845920735
1774818001,2026-03-29,17:00:01,6810104174368,3909863616533
1774821601,2026-03-29,18:00:01,6833305472862,3926592741291
1774825201,2026-03-29,19:00:01,6853028518290,3944502404507
1774828801,2026-03-29,20:00:01,6881136077052,3970062333880
1774832401,2026-03-29,21:00:01,6927010018640,3996500923145
1774836001,2026-03-29,22:00:01,6973486738038,4031947728053
1774839601,2026-03-29,23:00:01,7014286107794,4071665048957
1774843201,2026-03-30,00:00:01,7045347818245,4089762817902
1774846801,2026-03-30,01:00:01,7086582452509,4115528350743
1774850401,2026-03-30,02:00:02,7128132793864,4139658087711
1774854001,2026-03-30,03:00:01,7180377551792,4170018719427
1774857601,2026-03-30,04:00:01,7211756078114,4191327850285
1774861201,2026-03-30,05:00:01,7256383544675,4222504036945
1774864801,2026-03-30,06:00:01,7308197128940,4249625920634
1774868401,2026-03-30,07:00:01,7369508003937,4269615798205
1774872001,2026-03-30,08:00:01,7424063744752,4298838509258
1774875601,2026-03-30,09:00:01,7462025472791,4319148900355
1774879201,2026-03-30,10:00:01,7493106383619,4339762110947
1774882801,2026-03-30,11:00:01,7542616628882,4371067566606
1774886401,2026-03-30,12:00:01,7598223492276,4396884053405
1774890001,2026-03-30,13:00:01,7619842219676,4406911542903
1774893601,2026-03-30,14:00:01,7622658386910,4409023316946
1774897201,2026-03-30,15:00:01,7626030170399,4411588657012
1774900801,2026-03-30,16:00:01,7629415787475,4414081506752
1774904401,2026-03-30,17:00:01,7631595536060,4415378906127
1774908001,2026-03-30,18:00:01,7635180615991,4417908367239
1774911601,2026-03-30,19:00:01,7640362394614,4420861822059
1774915201,2026-03-30,20:00:01,7652218930074,4430416172142
1774918801,2026-03-30,21:00:01,7687070694906,4446225843564
1774922401,2026-03-30,22:00:01,7733668031980,4461976510848
1774926001,2026-03-30,23:00:01,7766916185407,4476240754980
1774929601,2026-03-31,00:00:01,7812365084095,4491817662001
1774933201,2026-03-31,01:00:01,7865686010158,4510947049870
1774936801,2026-03-31,02:00:01,7917437785679,4528721232504
1774940401,2026-03-31,03:00:01,7972958762228,4548293912968
1774944001,2026-03-31,04:00:01,8027559740841,4567163991805
1774947601,2026-03-31,05:00:01,8058367955809,4580004687491
1774951201,2026-03-31,06:00:01,8100900869826,4596913881136
1774954801,2026-03-31,07:00:01,8153729099737,4614613490683
1774958401,2026-03-31,08:00:01,8207658667401,4633100322513
1774962001,2026-03-31,09:00:01,8253623199523,4648499771529
1774965601,2026-03-31,10:00:01,8302106887528,4664863606770
1774969201,2026-03-31,11:00:01,24839257987,20337732942
1774972801,2026-03-31,12:00:01,58430276470,49859850254
1774976401,2026-03-31,13:00:01,85422290514,67206448807
1774980001,2026-03-31,14:00:01,91310708282,69886898469
1774983601,2026-03-31,15:00:01,93890762922,70777441239
1774987201,2026-03-31,16:00:01,96175130291,71357543790
1774990801,2026-03-31,17:00:01,98439440473,72005127714
1774994401,2026-03-31,18:00:02,101832155278,73109712929
1774998001,2026-03-31,19:00:01,692059742,2780335262
1775001601,2026-03-31,20:00:01,4048220586,4986606414
1775005201,2026-03-31,21:00:01,11354056561,9003572504
1775008801,2026-03-31,22:00:01,53266153781,30646054889
1775012401,2026-03-31,23:00:01,95506084519,48144106108
1775016001,2026-04-01,00:00:01,157637472959,70596074933
1775019601,2026-04-01,01:00:01,221018963184,91584613314
1775023201,2026-04-01,02:00:01,284252350064,113200213368
1775026801,2026-04-01,03:00:01,346097933836,137940481794
1775030401,2026-04-01,04:00:01,380222566942,151421461333
1775034001,2026-04-01,05:00:01,415385422921,163423187773
1775037601,2026-04-01,06:00:01,477519331637,183342302186
1775041201,2026-04-01,07:00:01,539688697957,203428224172
1775044801,2026-04-01,08:00:01,590033886921,223001684368
1775048401,2026-04-01,09:00:01,647049510911,240748315391
1775052001,2026-04-01,10:00:01,689586697067,253812341793
1775055601,2026-04-01,11:00:01,746567225699,275955534391
1775059201,2026-04-01,12:00:01,780788038719,289230901571
1775062801,2026-04-01,13:00:01,838095480791,309245689532
1775066401,2026-04-01,14:00:02,884487331408,321950796602
1775070001,2026-04-01,15:00:01,909970831062,324213523985
1775073601,2026-04-01,16:00:01,943646738226,331545034955
1775077201,2026-04-01,17:00:01,985132301786,343645402678
1775080801,2026-04-01,18:00:01,1029816094124,362762263061
1775084401,2026-04-01,19:00:01,1067018158898,376322224763
1775088001,2026-04-01,20:00:01,1106609249121,387970761949
1775091601,2026-04-01,21:00:01,1151723658451,405316214839
1775095201,2026-04-01,22:00:01,1180105413654,416980068659
1775098801,2026-04-01,23:00:01,1228002150464,430812739576
1775102401,2026-04-02,00:00:01,1281091938364,446276602393
1775106001,2026-04-02,01:00:01,1328235918754,461888972871
1775109601,2026-04-02,02:00:01,1386495914182,483146873267
1775113201,2026-04-02,03:00:01,1433719964738,498079637314
1775116801,2026-04-02,04:00:01,1465708170919,509743539997
1775120401,2026-04-02,05:00:01,1523712745658,528628999913
1775124001,2026-04-02,06:00:01,1566987175040,545147252837
1775127601,2026-04-02,07:00:01,1619383749446,561362595808
1775131201,2026-04-02,08:00:01,1682240045166,579772626808
1775134801,2026-04-02,09:00:01,1739068937552,598440117346
1775138401,2026-04-02,10:00:01,1776199987794,611600336160
1775142001,2026-04-02,11:00:01,1807547541708,620333123677
1775145601,2026-04-02,12:00:01,1810560727482,620670838352
1775149201,2026-04-02,13:00:01,1815458034952,622144645818
1775152801,2026-04-02,14:00:01,1821022802166,623804857245
1775156401,2026-04-02,15:00:01,1825413805723,624270870991
1775160001,2026-04-02,16:00:01,1827844439645,624652022749
1775163601,2026-04-02,17:00:01,1843976311713,631133486805
1775167201,2026-04-02,18:00:01,1862679994320,636823808159
1775170801,2026-04-02,19:00:02,1864756294415,637406619552
1775174401,2026-04-02,20:00:01,1871778401823,640264651397
1775178001,2026-04-02,21:00:01,1905729701921,653023219773
1775181601,2026-04-02,22:00:02,1938984382908,670391335272
1775185201,2026-04-02,23:00:01,1964156898936,678329268610
1775188801,2026-04-03,00:00:01,2028811086810,694083527362
1775192401,2026-04-03,01:00:01,2092897866996,711338433619
1775196001,2026-04-03,02:00:01,2132603742663,723057477822
1775199601,2026-04-03,03:00:01,2195751138432,742358377884
1775203201,2026-04-03,04:00:01,2243362920679,755526777312
1775206801,2026-04-03,05:00:01,2298501149895,772072140464
1775210401,2026-04-03,06:00:01,2334360507385,787320137114
1775214001,2026-04-03,07:00:01,2383149018932,805213251457
1775217601,2026-04-03,08:00:01,2444722708651,827687388800
1775221201,2026-04-03,09:00:01,2506151757017,849310579106
1775224802,2026-04-03,10:00:02,2546951229453,889221392138
1775228401,2026-04-03,11:00:01,2586259139182,926240201902
1775232001,2026-04-03,12:00:01,2634344909850,948879362291
1775235601,2026-04-03,13:00:01,2656994645071,962997424500
1775239201,2026-04-03,14:00:01,2679836714257,976204669913
1775242801,2026-04-03,15:00:01,2733760698093,1001969906616
1775246401,2026-04-03,16:00:01,2789275930803,1028989161532
1775250001,2026-04-03,17:00:01,2831614498274,1058548286190
1775253601,2026-04-03,18:00:01,2851576810771,1073468967592
1775257201,2026-04-03,19:00:01,2874010171298,1090963805712
1775260801,2026-04-03,20:00:01,2914832526410,1118582226029
1775264401,2026-04-03,21:00:01,2952631107808,1141142597132
1775268001,2026-04-03,22:00:01,3006652457431,1168710577967
1775271601,2026-04-03,23:00:01,3060195330098,1196450005117
1775275201,2026-04-04,00:00:01,3092529767479,1216538689633
1775278801,2026-04-04,01:00:01,3136217444105,1237000786798
1775282401,2026-04-04,02:00:01,3184875356517,1257628507844
1775286001,2026-04-04,03:00:01,3243508829555,1281400579382
1775289601,2026-04-04,04:00:01,3302738186541,1307325186608
1775293201,2026-04-04,05:00:01,3357129149897,1332783702000
1775296801,2026-04-04,06:00:01,3391073646708,1350765513123
1775300401,2026-04-04,07:00:01,3441602416292,1372266392322
1775304001,2026-04-04,08:00:01,3466429327290,1383862252219
1775307601,2026-04-04,09:00:01,3500761306182,1396179409538
1775311201,2026-04-04,10:00:01,3562053758391,1419588453715
1775314801,2026-04-04,11:00:02,3603592508561,1437860105394
1775318401,2026-04-04,12:00:01,3617179410935,1450027513538
1775322001,2026-04-04,13:00:01,3621644050231,1454647898328
1775325601,2026-04-04,14:00:01,3626094424481,1458094588371
1775329201,2026-04-04,15:00:01,3630863931877,1462609851147
1775332801,2026-04-04,16:00:01,3663904246140,1481922600849
1775336401,2026-04-04,17:00:01,3716924321167,1510971030415
1775340001,2026-04-04,18:00:01,3758672009322,1533320604365
1775343601,2026-04-04,19:00:01,3776982620452,1542809914717
1775347201,2026-04-04,20:00:02,3833390385652,1569317363083
1775350801,2026-04-04,21:00:01,3867998470165,1588480206636
1775354402,2026-04-04,22:00:02,3914306181949,1618324142674
1775358001,2026-04-04,23:00:01,3946225115559,1639448439215
1775361601,2026-04-05,00:00:01,3998531045775,1669153453406
1775365201,2026-04-05,01:00:01,4052405449975,1698287961906
1775368801,2026-04-05,02:00:01,4097665387037,1720779840925
1775372401,2026-04-05,03:00:01,4110695419526,1727729660324
1775376001,2026-04-05,04:00:01,4118584529980,1731714162612
1775379601,2026-04-05,05:00:01,4129040705905,1737202959046
1775383201,2026-04-05,06:00:01,4158270128001,1754422743193
1775386801,2026-04-05,07:00:01,4187862707692,1767723556698
1775390401,2026-04-05,08:00:01,4214717134934,1781884980162
1775394001,2026-04-05,09:00:01,4240928109782,1796253140334
1775397601,2026-04-05,10:00:01,4248254629284,1799825505591
1775401201,2026-04-05,11:00:01,4253220079991,1801848147681
1775404801,2026-04-05,12:00:01,4257454654473,1804011546299
1775408401,2026-04-05,13:00:01,4260742629179,1806469801420
1775412001,2026-04-05,14:00:01,4263874057320,1808642083833
1775415601,2026-04-05,15:00:01,4265168510629,1809209792791
1775419201,2026-04-05,16:00:01,4265921545261,1809286211453
1775422801,2026-04-05,17:00:01,4268739508468,1810852226411
1775426401,2026-04-05,18:00:01,4273101891724,1812168857121
1775430001,2026-04-05,19:00:01,4274543338741,1813351598602
1775433601,2026-04-05,20:00:01,4312131396311,1837657535205
1775437201,2026-04-05,21:00:01,4336960011862,1855606119608
1775440801,2026-04-05,22:00:02,4378813670499,1888772535768
1775444402,2026-04-05,23:00:02,4419035390330,1912347488038
1775448001,2026-04-06,00:00:01,4439436484840,1922529543172
1775451601,2026-04-06,01:00:01,4461886812208,1931033042007
1775455201,2026-04-06,02:00:01,4478565346141,1944976424786
1775458801,2026-04-06,03:00:02,4510494767199,1962448047742
1775462401,2026-04-06,04:00:02,4541164308403,1976923543051
1775466001,2026-04-06,05:00:01,4569046484150,1985589909343
1775469601,2026-04-06,06:00:01,4620537223750,2005053826834
1775473201,2026-04-06,07:00:01,4652225004291,2021554886075
1775476801,2026-04-06,08:00:01,4698645434151,2055883433567
1775480401,2026-04-06,09:00:01,4746986667671,2090562599184
1775484001,2026-04-06,10:00:01,4779606828541,2123844194429
1775487601,2026-04-06,11:00:01,4821743215429,2148597562391
1775491201,2026-04-06,12:00:02,4875488777211,2174757598266
1775494801,2026-04-06,13:00:01,4925497110591,2203846714286
1775498401,2026-04-06,14:00:01,4944951477112,2215788579550
1775502001,2026-04-06,15:00:01,4960591559519,2225273839919
1775505601,2026-04-06,16:00:01,4974570582618,2235983869655
1775509201,2026-04-06,17:00:01,4986854791364,2244835845631
1775512801,2026-04-06,18:00:01,4998795415602,2254336765216
1775516401,2026-04-06,19:00:01,5014640656765,2267077334639
1775520001,2026-04-06,20:00:01,5028524758008,2274337516193
1775523601,2026-04-06,21:00:01,5047798014844,2294878930436
1775527201,2026-04-06,22:00:01,5064767676851,2315226618694
1775530801,2026-04-06,23:00:01,5110372294154,2342314010650
1775534401,2026-04-07,00:00:01,5161079674272,2373898298217
1775538002,2026-04-07,01:00:02,5208977093469,2407262242357
1775541601,2026-04-07,02:00:01,5234941565021,2423052634484
1775545201,2026-04-07,03:00:01,5272101050773,2447768837028
1775548801,2026-04-07,04:00:01,5294861063483,2463165823503
1775552401,2026-04-07,05:00:01,5324442867624,2483054998019
1775556001,2026-04-07,06:00:01,5371215666895,2512541676163
1775559601,2026-04-07,07:00:01,5412687938680,2535776781848
1775563201,2026-04-07,08:00:01,5452816316562,2559289522203
1775566801,2026-04-07,09:00:01,5505074519859,2579368471729
1775570401,2026-04-07,10:00:02,5537759506352,2598298004639
1775574001,2026-04-07,11:00:01,5567593651114,2613105637477
1775577601,2026-04-07,12:00:01,5615984201240,2635777664385
1775581201,2026-04-07,13:00:01,5650017464665,2647511560235
1775584801,2026-04-07,14:00:01,5680869518855,2656790208397
1775588401,2026-04-07,15:00:01,5705082801570,2669578504076
1775592001,2026-04-07,16:00:01,5720342296736,2678667002303
1775595601,2026-04-07,17:00:01,5734501471653,2685636951031
1775599201,2026-04-07,18:00:01,5745525167861,2692290033869
1775602801,2026-04-07,19:00:01,5766051502157,2702169842519
1775606401,2026-04-07,20:00:01,5816010769492,2724536515784
1775610001,2026-04-07,21:00:01,5864062988170,2749751556882
1775613601,2026-04-07,22:00:01,5905075226317,2771200030568
1775617201,2026-04-07,23:00:01,5958500290215,2800608555366
1775620801,2026-04-08,00:00:01,5991407257379,2814786436666
1775624401,2026-04-08,01:00:01,6046686145547,2839616230160
1775628001,2026-04-08,02:00:01,6102924319727,2865857279787
1775631601,2026-04-08,03:00:01,6147527668320,2890228834531
1775635201,2026-04-08,04:00:01,6179885414566,2913819455928
1775638801,2026-04-08,05:00:01,6236381310825,2949880129107
1775642401,2026-04-08,06:00:01,6265407982131,2976333638316
1775646001,2026-04-08,07:00:01,6283728145790,2990647548506
1775649602,2026-04-08,08:00:02,6292078455538,2996313108281
1775653201,2026-04-08,09:00:02,6331274607917,3032128288665
1775656801,2026-04-08,10:00:02,6377162171834,3072205859242
1775660401,2026-04-08,11:00:01,6408389213438,3096584327816
1775664001,2026-04-08,12:00:02,6432606456183,3113904287450
1775667601,2026-04-08,13:00:01,6448260683899,3129477735140
1775671201,2026-04-08,14:00:01,6462500000256,3140015228518
1775674801,2026-04-08,15:00:01,6479500330579,3152594077002
1775678401,2026-04-08,16:00:01,6506384459384,3174873316719
1775682001,2026-04-08,17:00:01,6527429720495,3188834924127
1775685601,2026-04-08,18:00:01,6540400010981,3198370999192
1775689201,2026-04-08,19:00:01,6550299239385,3204265136967
1775692801,2026-04-08,20:00:01,6561044626293,3213773318424
1775696401,2026-04-08,21:00:01,6571383566705,3222402566586
1775700001,2026-04-08,22:00:02,6594708500886,3237616711841
1775703601,2026-04-08,23:00:01,6631545244515,3258673611389
1775707201,2026-04-09,00:00:01,6676514707539,3282778085651
1775710801,2026-04-09,01:00:01,6725996284955,3313925845667
1775714401,2026-04-09,02:00:01,6751847438703,3336239691402
1775718001,2026-04-09,03:00:01,6798299627350,3371699020829
1775721601,2026-04-09,04:00:01,6851419672176,3405330070507
1775725201,2026-04-09,05:00:01,6905101234448,3435511446891
1775728801,2026-04-09,06:00:01,6941224575084,3460986044254
1775732401,2026-04-09,07:00:01,6975153356053,3491952021746
1775736001,2026-04-09,08:00:01,7011656467458,3523307443362
1775739601,2026-04-09,09:00:01,7059122577381,3556228394787
1775743201,2026-04-09,10:00:01,7079906737104,3571479056853
1775746801,2026-04-09,11:00:01,7114578444043,3590390220345
1775750401,2026-04-09,12:00:01,7155713480003,3617458327613
1775754001,2026-04-09,13:00:01,7180948571496,3633275191538
1775757601,2026-04-09,14:00:01,7182271940762,3634114340826
1775761201,2026-04-09,15:00:01,7183452976030,3634192675217
1775764801,2026-04-09,16:00:01,7212920118756,3657146729502
1775768401,2026-04-09,17:00:01,7248095831467,3687757190955
1775772001,2026-04-09,18:00:01,7268484923367,3704869825494
1775775601,2026-04-09,19:00:01,7312457312179,3744220507295
1775779201,2026-04-09,20:00:01,7350385426668,3779838004100
1775782801,2026-04-09,21:00:01,7378975850936,3809382041923
1775786401,2026-04-09,22:00:01,7386180059681,3815275316677
1775790001,2026-04-09,23:00:01,7397978174664,3823091152677
1775793601,2026-04-10,00:00:01,7439671153807,3843895516193
1775797201,2026-04-10,01:00:01,7494694838620,3874967893752
1775800801,2026-04-10,02:00:02,7545064795883,3915615114295
1775804401,2026-04-10,03:00:01,7571547820590,3945845504925
1775808001,2026-04-10,04:00:01,7607201288208,3982610263086
1775811601,2026-04-10,05:00:01,7644819728437,4013337112551
1775815201,2026-04-10,06:00:01,7675380618979,4034807114260
1775818801,2026-04-10,07:00:02,7731679563812,4073050776698
1775822401,2026-04-10,08:00:01,7767294471699,4094717428286
1775826001,2026-04-10,09:00:01,7819583842431,4122783345622
1775829601,2026-04-10,10:00:01,7862848107101,4153508628727
1775833201,2026-04-10,11:00:01,7897397108099,4172671383898
1775836801,2026-04-10,12:00:01,7941675006312,4211277588221
1775840401,2026-04-10,13:00:01,7979740838710,4240988884251
1775844001,2026-04-10,14:00:01,8018545996851,4277248062141
1775847601,2026-04-10,15:00:01,8049761141506,4301194510640
1775851201,2026-04-10,16:00:01,8072195258639,4320589319209
1775854801,2026-04-10,17:00:01,8103036022668,4343370150707
1775858401,2026-04-10,18:00:01,8122778037111,4369654750590
1775862001,2026-04-10,19:00:01,8151843296851,4392009205677
1775865601,2026-04-10,20:00:01,8170848844254,4404669645787
1775869201,2026-04-10,21:00:01,8221259200900,4438257372679
1775872801,2026-04-10,22:00:01,8268196474519,4467113514011
1775876401,2026-04-10,23:00:01,8298437869664,4487855959800
1775880001,2026-04-11,00:00:01,8344753213652,4513430308479
1775883601,2026-04-11,01:00:01,8387654727944,4541012742712
1775887201,2026-04-11,02:00:01,8430386345634,4564811812720
1775890801,2026-04-11,03:00:01,8450860929445,4580709750615
1775894401,2026-04-11,04:00:01,8472141283697,4608655989289
1775898001,2026-04-11,05:00:01,8514082972428,4652995376051
1775901601,2026-04-11,06:00:01,8574025305369,4687753627645
1775905201,2026-04-11,07:00:01,8622710173895,4716845238990
1775908801,2026-04-11,08:00:01,8671866685336,4739720411618
1775912401,2026-04-11,09:00:01,8699058373559,4751470491396
1775916001,2026-04-11,10:00:01,8729485354583,4767728712274
1775919601,2026-04-11,11:00:01,8768498489271,4784806632590
1775923201,2026-04-11,12:00:01,8810686141697,4804792187085
1775926801,2026-04-11,13:00:01,8856435466194,4831771896093
1775930401,2026-04-11,14:00:01,8900256844114,4855830175122
1775934001,2026-04-11,15:00:01,8936673505946,4873071794379
1775937601,2026-04-11,16:00:02,8977855421668,4893586417546
1775941201,2026-04-11,17:00:01,9016603296085,4908057168238
1775944801,2026-04-11,18:00:01,9043258359261,4927115758370
1775948401,2026-04-11,19:00:01,9086862005884,4950554538242
1775952001,2026-04-11,20:00:01,9129249037108,4978723965396
1775955601,2026-04-11,21:00:01,9183148874950,5007090206739
1775959201,2026-04-11,22:00:01,9230217053813,5046061151809
1775962801,2026-04-11,23:00:01,9270462241047,5067518578242
1775966401,2026-04-12,00:00:01,9311891467843,5094269046098
1775970001,2026-04-12,01:00:01,9363903670350,5134018074224
1775973601,2026-04-12,02:00:01,9409976442689,5176962260702
1775977201,2026-04-12,03:00:01,9433233352405,5200935079304
1775980801,2026-04-12,04:00:01,9461358802509,5225476135607
1775984401,2026-04-12,05:00:01,9506939862630,5273311849251
1775988001,2026-04-12,06:00:01,9532453508957,5299104662728
1775991601,2026-04-12,07:00:02,9568743171158,5331630794182
1775995201,2026-04-12,08:00:01,9593162618305,5357248993680
1775998801,2026-04-12,09:00:01,9629624735804,5386483251232
1776002402,2026-04-12,10:00:02,9675051466450,5412931984691
1776006001,2026-04-12,11:00:01,9730329610655,5445521605904
1776009601,2026-04-12,12:00:01,9788792349571,5475877523499
1776013201,2026-04-12,13:00:01,9823906640260,5493352886808
1776016801,2026-04-12,14:00:01,9865652074068,5512598691538
1776020402,2026-04-12,15:00:02,9884657162300,5520054829226
1776024001,2026-04-12,16:00:01,9887051669900,5521390751141
1776027601,2026-04-12,17:00:01,9902625417788,5534531573521
1776031201,2026-04-12,18:00:01,9922147209994,5551096604357
1776034801,2026-04-12,19:00:01,9952296694422,5575422650772
1776038401,2026-04-12,20:00:01,9991622807584,5611533733535
1776042001,2026-04-12,21:00:01,10011453387513,5625578302734
1776045601,2026-04-12,22:00:01,10015288412230,5627003083903
1776049201,2026-04-12,23:00:01,10021532771315,5629911615084
1776052801,2026-04-13,00:00:01,10030965424251,5633443103760
1776056401,2026-04-13,01:00:01,10033709507613,5634245098659
1776060001,2026-04-13,02:00:01,10062526444187,5650269077306
1776063601,2026-04-13,03:00:01,10068626882014,5653074718761
1776067201,2026-04-13,04:00:01,10071778507769,5653981116175
1776070801,2026-04-13,05:00:01,10117711663227,5691898180870
1776074401,2026-04-13,06:00:01,10146505848825,5715597283791
1776078001,2026-04-13,07:00:01,10197509735539,5755937540124
1776081601,2026-04-13,08:00:01,10238769689529,5799363507305
1776085201,2026-04-13,09:00:01,10267754598170,5825366018886
1776088801,2026-04-13,10:00:01,10323223157071,5860741448284
1776092401,2026-04-13,11:00:01,10370992054625,5891060423356
1776096001,2026-04-13,12:00:01,10408780229121,5913829893701
1776099601,2026-04-13,13:00:01,10434891970063,5931494249418
1776103201,2026-04-13,14:00:01,10476488718599,5961722844632
1776106801,2026-04-13,15:00:01,10515947949791,5993470398944
1776110401,2026-04-13,16:00:01,10540393437195,6011781196339
1776114001,2026-04-13,17:00:01,10571052038175,6034844407006
1776117601,2026-04-13,18:00:01,10595842215845,6054884234264
1776121201,2026-04-13,19:00:01,10638636730288,6076245727609
1776124801,2026-04-13,20:00:01,10676049328449,6100779399644
1776128401,2026-04-13,21:00:01,10725549809971,6132594027545
1776132002,2026-04-13,22:00:02,10770837150144,6160412600540
1776135601,2026-04-13,23:00:01,10819780317358,6182543412789
1776139202,2026-04-14,00:00:02,10861107694463,6203520009036
1776142801,2026-04-14,01:00:01,10920860700723,6238967441828
1776146401,2026-04-14,02:00:01,10972225377824,6268947748630
1776150001,2026-04-14,03:00:01,11011414946673,6289206735935
1776153601,2026-04-14,04:00:01,11041110604680,6305114986978
1776157201,2026-04-14,05:00:01,11099076840377,6340336818619
1776160801,2026-04-14,06:00:01,11160195105425,6369518654413
1776164401,2026-04-14,07:00:01,11181841458295,6383413204205
1776168001,2026-04-14,08:00:02,11229722485962,6413969032103
